#pragma once
#include <stdint.h>
#include <pgmspace.h>

// Generated by: wip4.py (rotation direction fixed, per-category shrink + rotation control)
// Source category: A7
// Format: 32x32 1-bit masks, 360 headings

static const uint16_t A732_w = 32;
static const uint16_t A732_h = 32;
static const uint16_t A732_stride = 4;
static const uint16_t A732_bytes_per_mask = 128;

static const uint16_t A732_offset[360] PROGMEM = {
  0, 128, 256, 384, 512, 640, 768, 896, 1024, 1152, 1280, 1408,
  1536, 1664, 1792, 1920, 2048, 2176, 2304, 2432, 2560, 2688, 2816, 2944,
  3072, 3200, 3328, 3456, 3584, 3712, 3840, 3968, 4096, 4224, 4352, 4480,
  4608, 4736, 4864, 4992, 5120, 5248, 5376, 5504, 5632, 5760, 5888, 6016,
  6144, 6272, 6400, 6528, 6656, 6784, 6912, 7040, 7168, 7296, 7424, 7552,
  7680, 7808, 7936, 8064, 8192, 8320, 8448, 8576, 8704, 8832, 8960, 9088,
  9216, 9344, 9472, 9600, 9728, 9856, 9984, 10112, 10240, 10368, 10496, 10624,
  10752, 10880, 11008, 11136, 11264, 11392, 11520, 11648, 11776, 11904, 12032, 12160,
  12288, 12416, 12544, 12672, 12800, 12928, 13056, 13184, 13312, 13440, 13568, 13696,
  13824, 13952, 14080, 14208, 14336, 14464, 14592, 14720, 14848, 14976, 15104, 15232,
  15360, 15488, 15616, 15744, 15872, 16000, 16128, 16256, 16384, 16512, 16640, 16768,
  16896, 17024, 17152, 17280, 17408, 17536, 17664, 17792, 17920, 18048, 18176, 18304,
  18432, 18560, 18688, 18816, 18944, 19072, 19200, 19328, 19456, 19584, 19712, 19840,
  19968, 20096, 20224, 20352, 20480, 20608, 20736, 20864, 20992, 21120, 21248, 21376,
  21504, 21632, 21760, 21888, 22016, 22144, 22272, 22400, 22528, 22656, 22784, 22912,
  23040, 23168, 23296, 23424, 23552, 23680, 23808, 23936, 24064, 24192, 24320, 24448,
  24576, 24704, 24832, 24960, 25088, 25216, 25344, 25472, 25600, 25728, 25856, 25984,
  26112, 26240, 26368, 26496, 26624, 26752, 26880, 27008, 27136, 27264, 27392, 27520,
  27648, 27776, 27904, 28032, 28160, 28288, 28416, 28544, 28672, 28800, 28928, 29056,
  29184, 29312, 29440, 29568, 29696, 29824, 29952, 30080, 30208, 30336, 30464, 30592,
  30720, 30848, 30976, 31104, 31232, 31360, 31488, 31616, 31744, 31872, 32000, 32128,
  32256, 32384, 32512, 32640, 32768, 32896, 33024, 33152, 33280, 33408, 33536, 33664,
  33792, 33920, 34048, 34176, 34304, 34432, 34560, 34688, 34816, 34944, 35072, 35200,
  35328, 35456, 35584, 35712, 35840, 35968, 36096, 36224, 36352, 36480, 36608, 36736,
  36864, 36992, 37120, 37248, 37376, 37504, 37632, 37760, 37888, 38016, 38144, 38272,
  38400, 38528, 38656, 38784, 38912, 39040, 39168, 39296, 39424, 39552, 39680, 39808,
  39936, 40064, 40192, 40320, 40448, 40576, 40704, 40832, 40960, 41088, 41216, 41344,
  41472, 41600, 41728, 41856, 41984, 42112, 42240, 42368, 42496, 42624, 42752, 42880,
  43008, 43136, 43264, 43392, 43520, 43648, 43776, 43904, 44032, 44160, 44288, 44416,
  44544, 44672, 44800, 44928, 45056, 45184, 45312, 45440, 45568, 45696, 45824, 45952,
};

static const uint8_t A732_masks[46080] PROGMEM = {
  0x00, 0x00, 0x00, 0x00, 0x00, 0x00, 0x00, 0x00, 0x00, 0x00, 0x00, 0x00, 0x00, 0x07, 0xE0, 0x00,
  0x0C, 0x07, 0xE0, 0x30, 0x06, 0x0F, 0xF0, 0x60, 0x03, 0x0F, 0xF0, 0x80, 0x00, 0x9F, 0xF3, 0x00,
  0x00, 0x7F, 0xFE, 0x00, 0x00, 0x3F, 0xFC, 0x00, 0x00, 0x1F, 0xF8, 0x00, 0x00, 0x1F, 0xF8, 0x00,
  0x00, 0x1F, 0xF0, 0x00, 0x00, 0x0F, 0xF0, 0x00, 0x00, 0x0F, 0xF0, 0x00, 0x00, 0x07, 0xE0, 0x00,
  0x00, 0x0F, 0xF0, 0x00, 0x00, 0x13, 0x88, 0x00, 0x00, 0x61, 0x86, 0x00, 0x00, 0xC1, 0x83, 0x00,
  0x01, 0x81, 0x81, 0x80, 0x03, 0x01, 0x80, 0xC0, 0x04, 0x01, 0x80, 0x20, 0x08, 0x01, 0x80, 0x10,
  0x00, 0x01, 0x80, 0x00, 0x00, 0x01, 0x80, 0x00, 0x00, 0x07, 0xE0, 0x00, 0x00, 0x1F, 0xF8, 0x00,
  0x00, 0x30, 0x1C, 0x00, 0x00, 0x00, 0x00, 0x00, 0x00, 0x00, 0x00, 0x00, 0x00, 0x00, 0x00, 0x00,
  0x00, 0x00, 0x00, 0x00, 0x00, 0x00, 0x00, 0x00, 0x00, 0x00, 0x00, 0x00, 0x00, 0x07, 0xC0, 0x00,
  0x08, 0x0F, 0xE0, 0x20, 0x06, 0x0F, 0xF0, 0xC0, 0x03, 0x0F, 0xF1, 0x80, 0x01, 0x9F, 0xF3, 0x00,
  0x00, 0x5F, 0xFE, 0x00, 0x00, 0x3F, 0xFC, 0x00, 0x00, 0x1F, 0xF8, 0x00, 0x00, 0x1F, 0xF8, 0x00,
  0x00, 0x1F, 0xF0, 0x00, 0x00, 0x0F, 0xF0, 0x00, 0x00, 0x0F, 0xF0, 0x00, 0x00, 0x07, 0xE0, 0x00,
  0x00, 0x0F, 0xF0, 0x00, 0x00, 0x13, 0x8C, 0x00, 0x00, 0x61, 0x86, 0x00, 0x00, 0xC1, 0x83, 0x00,
  0x01, 0x81, 0x81, 0x80, 0x03, 0x01, 0x80, 0x40, 0x06, 0x01, 0x80, 0x30, 0x0C, 0x01, 0x80, 0x10,
  0x00, 0x01, 0x80, 0x00, 0x00, 0x01, 0x80, 0x00, 0x00, 0x07, 0xE0, 0x00, 0x00, 0x1F, 0xFC, 0x00,
  0x00, 0x38, 0x0C, 0x00, 0x00, 0x00, 0x00, 0x00, 0x00, 0x00, 0x00, 0x00, 0x00, 0x00, 0x00, 0x00,
  0x00, 0x00, 0x00, 0x00, 0x00, 0x00, 0x00, 0x00, 0x00, 0x00, 0x00, 0x00, 0x00, 0x07, 0xC0, 0x20,
  0x08, 0x0F, 0xE0, 0x60, 0x0C, 0x0F, 0xE0, 0xC0, 0x03, 0x0F, 0xF1, 0x80, 0x01, 0x9F, 0xF3, 0x00,
  0x00, 0xDF, 0xFC, 0x00, 0x00, 0x3F, 0xF8, 0x00, 0x00, 0x1F, 0xF8, 0x00, 0x00, 0x1F, 0xF0, 0x00,
  0x00, 0x1F, 0xF0, 0x00, 0x00, 0x0F, 0xF0, 0x00, 0x00, 0x0F, 0xF0, 0x00, 0x00, 0x07, 0xE0, 0x00,
  0x00, 0x0F, 0xF0, 0x00, 0x00, 0x13, 0x8C, 0x00, 0x00, 0x21, 0x86, 0x00, 0x00, 0x41, 0x83, 0x00,
  0x01, 0x81, 0x80, 0xC0, 0x03, 0x01, 0x80, 0x60, 0x06, 0x01, 0x80, 0x30, 0x0C, 0x01, 0x80, 0x00,
  0x00, 0x01, 0x80, 0x00, 0x00, 0x01, 0xC0, 0x00, 0x00, 0x07, 0xF0, 0x00, 0x00, 0x1F, 0xFC, 0x00,
  0x00, 0x38, 0x0C, 0x00, 0x00, 0x00, 0x00, 0x00, 0x00, 0x00, 0x00, 0x00, 0x00, 0x00, 0x00, 0x00,
  0x00, 0x00, 0x00, 0x00, 0x00, 0x00, 0x00, 0x00, 0x00, 0x00, 0x00, 0x00, 0x00, 0x07, 0xC0, 0x20,
  0x18, 0x0F, 0xE0, 0x40, 0x0C, 0x0F, 0xE0, 0x80, 0x06, 0x1F, 0xF1, 0x00, 0x01, 0x9F, 0xF2, 0x00,
  0x00, 0xDF, 0xFC, 0x00, 0x00, 0x7F, 0xF8, 0x00, 0x00, 0x1F, 0xF0, 0x00, 0x00, 0x1F, 0xF0, 0x00,
  0x00, 0x1F, 0xF0, 0x00, 0x00, 0x0F, 0xF0, 0x00, 0x00, 0x0F, 0xE0, 0x00, 0x00, 0x07, 0xE0, 0x00,
  0x00, 0x0F, 0xF8, 0x00, 0x00, 0x1B, 0x8C, 0x00, 0x00, 0x21, 0x86, 0x00, 0x00, 0x41, 0x81, 0x80,
  0x00, 0x81, 0x80, 0xC0, 0x01, 0x01, 0x80, 0x60, 0x02, 0x01, 0x80, 0x10, 0x04, 0x01, 0x80, 0x00,
  0x00, 0x01, 0x80, 0x00, 0x00, 0x01, 0xC0, 0x00, 0x00, 0x03, 0xF0, 0x00, 0x00, 0x0F, 0xFC, 0x00,
  0x00, 0x18, 0x06, 0x00, 0x00, 0x10, 0x00, 0x00, 0x00, 0x00, 0x00, 0x00, 0x00, 0x00, 0x00, 0x00,
  0x00, 0x00, 0x00, 0x00, 0x00, 0x00, 0x00, 0x00, 0x00, 0x00, 0x00, 0x00, 0x00, 0x07, 0xC0, 0x60,
  0x10, 0x0F, 0xE0, 0xC0, 0x18, 0x0F, 0xE1, 0x80, 0x06, 0x1F, 0xF3, 0x00, 0x03, 0x1F, 0xF6, 0x00,
  0x00, 0xDF, 0xFC, 0x00, 0x00, 0x7F, 0xF8, 0x00, 0x00, 0x3F, 0xF0, 0x00, 0x00, 0x1F, 0xF0, 0x00,
  0x00, 0x1F, 0xF0, 0x00, 0x00, 0x1F, 0xF0, 0x00, 0x00, 0x0F, 0xE0, 0x00, 0x00, 0x07, 0xE0, 0x00,
  0x00, 0x0F, 0xF8, 0x00, 0x00, 0x1B, 0x8C, 0x00, 0x00, 0x31, 0x86, 0x00, 0x00, 0x61, 0x81, 0x80,
  0x00, 0xC1, 0x80, 0xC0, 0x01, 0x81, 0x80, 0x30, 0x02, 0x01, 0x80, 0x10, 0x04, 0x01, 0xC0, 0x00,
  0x00, 0x01, 0xC0, 0x00, 0x00, 0x01, 0xC0, 0x00, 0x00, 0x03, 0xF0, 0x00, 0x00, 0x0F, 0xFE, 0x00,
  0x00, 0x1C, 0x06, 0x00, 0x00, 0x10, 0x00, 0x00, 0x00, 0x00, 0x00, 0x00, 0x00, 0x00, 0x00, 0x00,
  0x00, 0x00, 0x00, 0x00, 0x00, 0x00, 0x00, 0x00, 0x00, 0x00, 0x00, 0x00, 0x00, 0x07, 0xC0, 0x60,
  0x00, 0x0F, 0xC0, 0xC0, 0x18, 0x1F, 0xE1, 0x80, 0x0C, 0x1F, 0xE3, 0x00, 0x03, 0x1F, 0xF6, 0x00,
  0x01, 0x9F, 0xFC, 0x00, 0x00, 0x7F, 0xF8, 0x00, 0x00, 0x3F, 0xF0, 0x00, 0x00, 0x1F, 0xF0, 0x00,
  0x00, 0x1F, 0xF0, 0x00, 0x00, 0x1F, 0xF0, 0x00, 0x00, 0x0F, 0xE0, 0x00, 0x00, 0x07, 0xE0, 0x00,
  0x00, 0x0F, 0xD8, 0x00, 0x00, 0x1B, 0x8C, 0x00, 0x00, 0x31, 0x83, 0x00, 0x00, 0x61, 0x81, 0x80,
  0x00, 0xC1, 0x80, 0xC0, 0x01, 0x81, 0xC0, 0x30, 0x03, 0x01, 0xC0, 0x10, 0x06, 0x01, 0xC0, 0x00,
  0x04, 0x01, 0xC0, 0x00, 0x00, 0x01, 0xC0, 0x00, 0x00, 0x03, 0xF8, 0x00, 0x00, 0x0F, 0xFE, 0x00,
  0x00, 0x1C, 0x06, 0x00, 0x00, 0x10, 0x00, 0x00, 0x00, 0x00, 0x00, 0x00, 0x00, 0x00, 0x00, 0x00,
  0x00, 0x00, 0x00, 0x00, 0x00, 0x00, 0x00, 0x00, 0x00, 0x00, 0x00, 0x00, 0x00, 0x0F, 0xC0, 0x40,
  0x00, 0x0F, 0xC0, 0x80, 0x18, 0x1F, 0xE1, 0x00, 0x0C, 0x1F, 0xE2, 0x00, 0x06, 0x1F, 0xF4, 0x00,
  0x01, 0x9F, 0xF8, 0x00, 0x00, 0xFF, 0xF8, 0x00, 0x00, 0x3F, 0xF0, 0x00, 0x00, 0x1F, 0xF0, 0x00,
  0x00, 0x1F, 0xF0, 0x00, 0x00, 0x1F, 0xF0, 0x00, 0x00, 0x0F, 0xE0, 0x00, 0x00, 0x07, 0xE0, 0x00,
  0x00, 0x0F, 0xD8, 0x00, 0x00, 0x1B, 0x8C, 0x00, 0x00, 0x31, 0x83, 0x00, 0x00, 0x61, 0x81, 0x80,
  0x00, 0xC1, 0xC0, 0x60, 0x01, 0x81, 0xC0, 0x30, 0x03, 0x01, 0xC0, 0x00, 0x06, 0x01, 0xC0, 0x00,
  0x04, 0x00, 0xC0, 0x00, 0x00, 0x00, 0xC0, 0x00, 0x00, 0x03, 0xF8, 0x00, 0x00, 0x07, 0xFE, 0x00,
  0x00, 0x1C, 0x02, 0x00, 0x00, 0x18, 0x00, 0x00, 0x00, 0x00, 0x00, 0x00, 0x00, 0x00, 0x00, 0x00,
  0x00, 0x00, 0x00, 0x00, 0x00, 0x00, 0x00, 0x00, 0x00, 0x00, 0x00, 0x40, 0x00, 0x0F, 0x80, 0xC0,
  0x00, 0x1F, 0xC1, 0x80, 0x10, 0x1F, 0xE1, 0x00, 0x1C, 0x1F, 0xE2, 0x00, 0x06, 0x1F, 0xE4, 0x00,
  0x01, 0xBF, 0xF8, 0x00, 0x00, 0xFF, 0xF0, 0x00, 0x00, 0x3F, 0xF0, 0x00, 0x00, 0x1F, 0xF0, 0x00,
  0x00, 0x1F, 0xF0, 0x00, 0x00, 0x1F, 0xF0, 0x00, 0x00, 0x0F, 0xE0, 0x00, 0x00, 0x0F, 0xE0, 0x00,
  0x00, 0x0F, 0xD8, 0x00, 0x00, 0x1B, 0xCE, 0x00, 0x00, 0x31, 0x83, 0x00, 0x00, 0x61, 0x80, 0xC0,
  0x00, 0x41, 0xC0, 0x60, 0x00, 0x81, 0xC0, 0x18, 0x01, 0x01, 0xC0, 0x00, 0x02, 0x00, 0xC0, 0x00,
  0x04, 0x00, 0xC0, 0x00, 0x00, 0x00, 0xE0, 0x00, 0x00, 0x01, 0xFC, 0x00, 0x00, 0x07, 0xFE, 0x00,
  0x00, 0x0C, 0x02, 0x00, 0x00, 0x18, 0x00, 0x00, 0x00, 0x00, 0x00, 0x00, 0x00, 0x00, 0x00, 0x00,
  0x00, 0x00, 0x00, 0x00, 0x00, 0x00, 0x00, 0x00, 0x00, 0x00, 0x00, 0x40, 0x00, 0x0F, 0x80, 0xC0,
  0x00, 0x1F, 0xC1, 0x80, 0x10, 0x1F, 0xC3, 0x00, 0x18, 0x1F, 0xE6, 0x00, 0x06, 0x3F, 0xEC, 0x00,
  0x03, 0x3F, 0xF8, 0x00, 0x00, 0xFF, 0xF0, 0x00, 0x00, 0x7F, 0xF0, 0x00, 0x00, 0x1F, 0xF0, 0x00,
  0x00, 0x1F, 0xF0, 0x00, 0x00, 0x1F, 0xF0, 0x00, 0x00, 0x0F, 0xE0, 0x00, 0x00, 0x0F, 0xF0, 0x00,
  0x00, 0x0F, 0xD8, 0x00, 0x00, 0x1B, 0xC6, 0x00, 0x00, 0x11, 0x83, 0x00, 0x00, 0x21, 0xC0, 0xC0,
  0x00, 0x41, 0xC0, 0x70, 0x00, 0x81, 0xC0, 0x18, 0x01, 0x00, 0xC0, 0x00, 0x03, 0x00, 0xC0, 0x00,
  0x06, 0x00, 0xC0, 0x00, 0x00, 0x00, 0xE0, 0x00, 0x00, 0x01, 0xFC, 0x00, 0x00, 0x07, 0xEF, 0x00,
  0x00, 0x0E, 0x00, 0x00, 0x00, 0x08, 0x00, 0x00, 0x00, 0x00, 0x00, 0x00, 0x00, 0x00, 0x00, 0x00,
  0x00, 0x00, 0x00, 0x00, 0x00, 0x00, 0x00, 0x00, 0x00, 0x00, 0x00, 0x40, 0x00, 0x0F, 0x80, 0x80,
  0x00, 0x1F, 0xC1, 0x00, 0x00, 0x1F, 0xC2, 0x00, 0x18, 0x1F, 0xE6, 0x00, 0x0C, 0x3F, 0xEC, 0x00,
  0x03, 0x3F, 0xF8, 0x00, 0x01, 0xFF, 0xF0, 0x00, 0x00, 0x7F, 0xF0, 0x00, 0x00, 0x3F, 0xF0, 0x00,
  0x00, 0x1F, 0xF0, 0x00, 0x00, 0x1F, 0xF0, 0x00, 0x00, 0x0F, 0xE0, 0x00, 0x00, 0x0F, 0xF0, 0x00,
  0x00, 0x0F, 0xD8, 0x00, 0x00, 0x0B, 0xC6, 0x00, 0x00, 0x11, 0x83, 0x80, 0x00, 0x21, 0xC0, 0xC0,
  0x00, 0x41, 0xC0, 0x30, 0x00, 0xC0, 0xC0, 0x18, 0x01, 0x80, 0xC0, 0x00, 0x03, 0x00, 0xC0, 0x00,
  0x06, 0x00, 0xC0, 0x00, 0x00, 0x00, 0xE0, 0x00, 0x00, 0x01, 0xFE, 0x00, 0x00, 0x07, 0xEF, 0x00,
  0x00, 0x0E, 0x00, 0x00, 0x00, 0x0C, 0x00, 0x00, 0x00, 0x00, 0x00, 0x00, 0x00, 0x00, 0x00, 0x00,
  0x00, 0x00, 0x00, 0x00, 0x00, 0x00, 0x00, 0x00, 0x00, 0x00, 0x00, 0xC0, 0x00, 0x0F, 0x81, 0x80,
  0x00, 0x1F, 0xC1, 0x00, 0x00, 0x1F, 0xC2, 0x00, 0x30, 0x3F, 0xE4, 0x00, 0x0C, 0x3F, 0xE8, 0x00,
  0x07, 0x3F, 0xF8, 0x00, 0x01, 0xBF, 0xF0, 0x00, 0x00, 0x7F, 0xF0, 0x00, 0x00, 0x3F, 0xF0, 0x00,
  0x00, 0x1F, 0xF0, 0x00, 0x00, 0x1F, 0xE0, 0x00, 0x00, 0x0F, 0xE0, 0x00, 0x00, 0x0F, 0xF0, 0x00,
  0x00, 0x07, 0xDC, 0x00, 0x00, 0x0B, 0xC6, 0x00, 0x00, 0x11, 0x81, 0x80, 0x00, 0x21, 0xC0, 0xE0,
  0x00, 0x61, 0xC0, 0x30, 0x00, 0xC0, 0xC0, 0x08, 0x01, 0x80, 0xC0, 0x00, 0x01, 0x00, 0xC0, 0x00,
  0x02, 0x00, 0xE0, 0x00, 0x00, 0x00, 0xE0, 0x00, 0x00, 0x01, 0xFE, 0x00, 0x00, 0x03, 0xC7, 0x00,
  0x00, 0x0E, 0x00, 0x00, 0x00, 0x0C, 0x00, 0x00, 0x00, 0x00, 0x00, 0x00, 0x00, 0x00, 0x00, 0x00,
  0x00, 0x00, 0x00, 0x00, 0x00, 0x00, 0x00, 0x00, 0x00, 0x00, 0x00, 0x80, 0x00, 0x0F, 0x81, 0x00,
  0x00, 0x1F, 0x83, 0x00, 0x00, 0x3F, 0xC6, 0x00, 0x30, 0x3F, 0xE4, 0x00, 0x18, 0x3F, 0xE8, 0x00,
  0x06, 0x3F, 0xF0, 0x00, 0x01, 0xBF, 0xF0, 0x00, 0x00, 0xFF, 0xF0, 0x00, 0x00, 0x3F, 0xF0, 0x00,
  0x00, 0x1F, 0xF0, 0x00, 0x00, 0x1F, 0xE0, 0x00, 0x00, 0x1F, 0xE0, 0x00, 0x00, 0x0F, 0xF0, 0x00,
  0x00, 0x07, 0xDC, 0x00, 0x00, 0x0B, 0xC7, 0x00, 0x00, 0x11, 0xC1, 0x80, 0x00, 0x31, 0xC0, 0x60,
  0x00, 0x60, 0xC0, 0x18, 0x00, 0xC0, 0xC0, 0x00, 0x00, 0x80, 0xC0, 0x00, 0x01, 0x00, 0xC0, 0x00,
  0x03, 0x00, 0xE0, 0x00, 0x02, 0x00, 0xF0, 0x00, 0x00, 0x01, 0xFF, 0x00, 0x00, 0x03, 0xC7, 0x00,
  0x00, 0x06, 0x00, 0x00, 0x00, 0x0C, 0x00, 0x00, 0x00, 0x00, 0x00, 0x00, 0x00, 0x00, 0x00, 0x00,
  0x00, 0x00, 0x00, 0x00, 0x00, 0x00, 0x00, 0x00, 0x00, 0x00, 0x01, 0x80, 0x00, 0x0F, 0x01, 0x00,
  0x00, 0x1F, 0x82, 0x00, 0x00, 0x3F, 0xC6, 0x00, 0x20, 0x3F, 0xCC, 0x00, 0x38, 0x3F, 0xE8, 0x00,
  0x0E, 0x3F, 0xF0, 0x00, 0x03, 0xBF, 0xF0, 0x00, 0x00, 0xFF, 0xF0, 0x00, 0x00, 0x3F, 0xF0, 0x00,
  0x00, 0x3F, 0xF0, 0x00, 0x00, 0x1F, 0xE0, 0x00, 0x00, 0x1F, 0xE0, 0x00, 0x00, 0x0F, 0xF0, 0x00,
  0x00, 0x07, 0xDC, 0x00, 0x00, 0x0B, 0xC7, 0x00, 0x00, 0x11, 0xC1, 0xC0, 0x00, 0x31, 0xC0, 0x70,
  0x00, 0x60, 0xC0, 0x18, 0x00, 0x40, 0xC0, 0x00, 0x00, 0x80, 0xC0, 0x00, 0x01, 0x80, 0xE0, 0x00,
  0x03, 0x00, 0xE0, 0x00, 0x02, 0x00, 0x70, 0x00, 0x00, 0x00, 0xFF, 0x00, 0x00, 0x03, 0xC3, 0x00,
  0x00, 0x07, 0x00, 0x00, 0x00, 0x04, 0x00, 0x00, 0x00, 0x00, 0x00, 0x00, 0x00, 0x00, 0x00, 0x00,
  0x00, 0x00, 0x00, 0x00, 0x00, 0x00, 0x00, 0x80, 0x00, 0x00, 0x01, 0x80, 0x00, 0x0F, 0x03, 0x00,
  0x00, 0x3F, 0x82, 0x00, 0x00, 0x3F, 0xC4, 0x00, 0x00, 0x3F, 0xCC, 0x00, 0x30, 0x3F, 0xF8, 0x00,
  0x0C, 0x3F, 0xF0, 0x00, 0x03, 0x3F, 0xE0, 0x00, 0x00, 0xFF, 0xE0, 0x00, 0x00, 0x3F, 0xF0, 0x00,
  0x00, 0x3F, 0xE0, 0x00, 0x00, 0x1F, 0xE0, 0x00, 0x00, 0x1F, 0xE0, 0x00, 0x00, 0x0F, 0xF0, 0x00,
  0x00, 0x07, 0xCC, 0x00, 0x00, 0x0B, 0xC3, 0x00, 0x00, 0x19, 0xC1, 0xC0, 0x00, 0x31, 0xC0, 0x70,
  0x00, 0x20, 0xC0, 0x18, 0x00, 0x40, 0xC0, 0x00, 0x00, 0xC0, 0xE0, 0x00, 0x01, 0x80, 0xE0, 0x00,
  0x01, 0x00, 0x60, 0x00, 0x02, 0x00, 0x78, 0x00, 0x00, 0x00, 0xFF, 0x00, 0x00, 0x03, 0xC1, 0x80,
  0x00, 0x07, 0x00, 0x00, 0x00, 0x06, 0x00, 0x00, 0x00, 0x00, 0x00, 0x00, 0x00, 0x00, 0x00, 0x00,
  0x00, 0x00, 0x00, 0x00, 0x00, 0x00, 0x00, 0x80, 0x00, 0x00, 0x01, 0x00, 0x00, 0x0F, 0x03, 0x00,
  0x00, 0x3F, 0x86, 0x00, 0x00, 0x3F, 0x84, 0x00, 0x00, 0x3F, 0xC8, 0x00, 0x30, 0x3F, 0xF8, 0x00,
  0x1C, 0x3F, 0xF0, 0x00, 0x07, 0x3F, 0xE0, 0x00, 0x01, 0xFF, 0xE0, 0x00, 0x00, 0x7F, 0xE0, 0x00,
  0x00, 0x3F, 0xE0, 0x00, 0x00, 0x1F, 0xE0, 0x00, 0x00, 0x1F, 0xE0, 0x00, 0x00, 0x0F, 0xF0, 0x00,
  0x00, 0x07, 0xCC, 0x00, 0x00, 0x0B, 0xC3, 0x00, 0x00, 0x19, 0xC0, 0xC0, 0x00, 0x10, 0xC0, 0x38,
  0x00, 0x20, 0xC0, 0x08, 0x00, 0x40, 0xC0, 0x00, 0x00, 0xC0, 0xE0, 0x00, 0x00, 0x80, 0xE0, 0x00,
  0x01, 0x00, 0x60, 0x00, 0x03, 0x00, 0x7C, 0x00, 0x00, 0x00, 0xFF, 0x80, 0x00, 0x01, 0xC1, 0x80,
  0x00, 0x07, 0x00, 0x00, 0x00, 0x06, 0x00, 0x00, 0x00, 0x00, 0x00, 0x00, 0x00, 0x00, 0x00, 0x00,
  0x00, 0x00, 0x00, 0x00, 0x00, 0x00, 0x01, 0x00, 0x00, 0x00, 0x01, 0x00, 0x00, 0x0F, 0x02, 0x00,
  0x00, 0x3F, 0x84, 0x00, 0x00, 0x3F, 0x8C, 0x00, 0x00, 0x3F, 0xC8, 0x00, 0x60, 0x3F, 0xF0, 0x00,
  0x18, 0x7F, 0xF0, 0x00, 0x07, 0x3F, 0xE0, 0x00, 0x01, 0xFF, 0xE0, 0x00, 0x00, 0x7F, 0xE0, 0x00,
  0x00, 0x3F, 0xE0, 0x00, 0x00, 0x1F, 0xE0, 0x00, 0x00, 0x1F, 0xE0, 0x00, 0x00, 0x0F, 0xF0, 0x00,
  0x00, 0x07, 0xCE, 0x00, 0x00, 0x0B, 0xC3, 0x80, 0x00, 0x19, 0xC0, 0xE0, 0x00, 0x10, 0xC0, 0x38,
  0x00, 0x20, 0xC0, 0x08, 0x00, 0x60, 0xE0, 0x00, 0x00, 0x40, 0xE0, 0x00, 0x00, 0x80, 0x60, 0x00,
  0x01, 0x80, 0x60, 0x00, 0x03, 0x00, 0x7C, 0x00, 0x00, 0x00, 0xFF, 0x80, 0x00, 0x01, 0xE0, 0x80,
  0x00, 0x03, 0x00, 0x00, 0x00, 0x06, 0x00, 0x00, 0x00, 0x00, 0x00, 0x00, 0x00, 0x00, 0x00, 0x00,
  0x00, 0x00, 0x00, 0x00, 0x00, 0x00, 0x01, 0x00, 0x00, 0x00, 0x03, 0x00, 0x00, 0x0F, 0x02, 0x00,
  0x00, 0x3F, 0x04, 0x00, 0x00, 0x3F, 0x8C, 0x00, 0x00, 0x7F, 0xC8, 0x00, 0x60, 0x7F, 0xF0, 0x00,
  0x38, 0x7F, 0xE0, 0x00, 0x0E, 0x7F, 0xE0, 0x00, 0x03, 0xFF, 0xE0, 0x00, 0x00, 0x7F, 0xE0, 0x00,
  0x00, 0x3F, 0xE0, 0x00, 0x00, 0x3F, 0xE0, 0x00, 0x00, 0x1F, 0xE0, 0x00, 0x00, 0x0F, 0xF8, 0x00,
  0x00, 0x07, 0xCE, 0x00, 0x00, 0x0F, 0xC3, 0x80, 0x00, 0x19, 0xC0, 0xE0, 0x00, 0x10, 0xC0, 0x18,
  0x00, 0x20, 0xC0, 0x00, 0x00, 0x60, 0xE0, 0x00, 0x00, 0x40, 0xE0, 0x00, 0x00, 0x80, 0x60, 0x00,
  0x01, 0x80, 0x70, 0x00, 0x01, 0x00, 0x7F, 0x00, 0x00, 0x00, 0xFF, 0x80, 0x00, 0x01, 0xE0, 0x00,
  0x00, 0x03, 0x80, 0x00, 0x00, 0x06, 0x00, 0x00, 0x00, 0x00, 0x00, 0x00, 0x00, 0x00, 0x00, 0x00,
  0x00, 0x00, 0x00, 0x00, 0x00, 0x00, 0x01, 0x00, 0x00, 0x00, 0x02, 0x00, 0x00, 0x0E, 0x06, 0x00,
  0x00, 0x3F, 0x04, 0x00, 0x00, 0x7F, 0x88, 0x00, 0x00, 0x7F, 0xD8, 0x00, 0x40, 0x7F, 0xF0, 0x00,
  0x70, 0x7F, 0xE0, 0x00, 0x0E, 0x7F, 0xE0, 0x00, 0x03, 0xFF, 0xE0, 0x00, 0x00, 0xFF, 0xE0, 0x00,
  0x00, 0x3F, 0xE0, 0x00, 0x00, 0x3F, 0xE0, 0x00, 0x00, 0x1F, 0xE0, 0x00, 0x00, 0x0F, 0xF8, 0x00,
  0x00, 0x07, 0xCE, 0x00, 0x00, 0x0F, 0xC3, 0xC0, 0x00, 0x09, 0xC0, 0x70, 0x00, 0x10, 0xC0, 0x18,
  0x00, 0x30, 0xC0, 0x00, 0x00, 0x20, 0xE0, 0x00, 0x00, 0x40, 0x60, 0x00, 0x00, 0xC0, 0x60, 0x00,
  0x00, 0x80, 0x70, 0x00, 0x01, 0x00, 0x7F, 0x80, 0x01, 0x00, 0x7F, 0x80, 0x00, 0x01, 0xE0, 0x00,
  0x00, 0x03, 0x80, 0x00, 0x00, 0x03, 0x00, 0x00, 0x00, 0x00, 0x00, 0x00, 0x00, 0x00, 0x00, 0x00,
  0x00, 0x00, 0x00, 0x00, 0x00, 0x00, 0x03, 0x00, 0x00, 0x00, 0x02, 0x00, 0x00, 0x0E, 0x04, 0x00,
  0x00, 0x3F, 0x0C, 0x00, 0x00, 0x7F, 0x88, 0x00, 0x00, 0x7F, 0xD0, 0x00, 0x00, 0x7F, 0xF0, 0x00,
  0x70, 0x7F, 0xE0, 0x00, 0x1C, 0x7F, 0xE0, 0x00, 0x07, 0xFF, 0xE0, 0x00, 0x00, 0xFF, 0xE0, 0x00,
  0x00, 0x3F, 0xE0, 0x00, 0x00, 0x3F, 0xE0, 0x00, 0x00, 0x1F, 0xE0, 0x00, 0x00, 0x0F, 0xF8, 0x00,
  0x00, 0x07, 0xCF, 0x00, 0x00, 0x0F, 0xC1, 0xC0, 0x00, 0x09, 0xC0, 0x70, 0x00, 0x10, 0xC0, 0x0C,
  0x00, 0x30, 0xE0, 0x00, 0x00, 0x20, 0xE0, 0x00, 0x00, 0x40, 0x60, 0x00, 0x00, 0xC0, 0x70, 0x00,
  0x00, 0x80, 0x70, 0x00, 0x01, 0x80, 0x3F, 0x80, 0x01, 0x00, 0x7F, 0xC0, 0x00, 0x00, 0xE0, 0x00,
  0x00, 0x03, 0x80, 0x00, 0x00, 0x03, 0x00, 0x00, 0x00, 0x00, 0x00, 0x00, 0x00, 0x00, 0x00, 0x00,
  0x00, 0x00, 0x00, 0x00, 0x00, 0x00, 0x02, 0x00, 0x00, 0x00, 0x06, 0x00, 0x00, 0x1E, 0x04, 0x00,
  0x00, 0x3F, 0x08, 0x00, 0x00, 0x7F, 0x98, 0x00, 0x00, 0x7F, 0x90, 0x00, 0x00, 0x7F, 0xF0, 0x00,
  0x60, 0x7F, 0xE0, 0x00, 0x3C, 0x7F, 0xE0, 0x00, 0x07, 0x7F, 0xE0, 0x00, 0x01, 0xFF, 0xE0, 0x00,
  0x00, 0x3F, 0xE0, 0x00, 0x00, 0x3F, 0xE0, 0x00, 0x00, 0x1F, 0xE0, 0x00, 0x00, 0x0F, 0xF8, 0x00,
  0x00, 0x07, 0xC7, 0x00, 0x00, 0x0F, 0xC1, 0xC0, 0x00, 0x09, 0xC0, 0x38, 0x00, 0x10, 0xC0, 0x08,
  0x00, 0x10, 0xE0, 0x00, 0x00, 0x20, 0xE0, 0x00, 0x00, 0x60, 0x60, 0x00, 0x00, 0x40, 0x70, 0x00,
  0x00, 0x80, 0x30, 0x00, 0x01, 0x80, 0x3F, 0x80, 0x01, 0x00, 0x7F, 0xC0, 0x00, 0x00, 0xE0, 0x00,
  0x00, 0x01, 0x80, 0x00, 0x00, 0x03, 0x00, 0x00, 0x00, 0x00, 0x00, 0x00, 0x00, 0x00, 0x00, 0x00,
  0x00, 0x00, 0x02, 0x00, 0x00, 0x00, 0x02, 0x00, 0x00, 0x00, 0x04, 0x00, 0x00, 0x0E, 0x0C, 0x00,
  0x00, 0x3F, 0x08, 0x00, 0x00, 0x7F, 0x18, 0x00, 0x00, 0x7F, 0x90, 0x00, 0x00, 0x7F, 0xE0, 0x00,
  0x40, 0x7F, 0xE0, 0x00, 0x78, 0x7F, 0xE0, 0x00, 0x0F, 0x7F, 0xE0, 0x00, 0x01, 0xFF, 0xE0, 0x00,
  0x00, 0x7F, 0xE0, 0x00, 0x00, 0x3F, 0xE0, 0x00, 0x00, 0x1F, 0xE0, 0x00, 0x00, 0x0F, 0xF8, 0x00,
  0x00, 0x07, 0xC7, 0x00, 0x00, 0x0F, 0xC1, 0xE0, 0x00, 0x09, 0xC0, 0x38, 0x00, 0x18, 0xC0, 0x00,
  0x00, 0x10, 0xE0, 0x00, 0x00, 0x20, 0x60, 0x00, 0x00, 0x60, 0x60, 0x00, 0x00, 0x40, 0x70, 0x00,
  0x00, 0xC0, 0x30, 0x00, 0x00, 0x80, 0x3F, 0xC0, 0x01, 0x80, 0x7D, 0xC0, 0x00, 0x00, 0xE0, 0x00,
  0x00, 0x01, 0x80, 0x00, 0x00, 0x03, 0x00, 0x00, 0x00, 0x00, 0x00, 0x00, 0x00, 0x00, 0x00, 0x00,
  0x00, 0x00, 0x02, 0x00, 0x00, 0x00, 0x06, 0x00, 0x00, 0x00, 0x04, 0x00, 0x00, 0x0C, 0x08, 0x00,
  0x00, 0x3E, 0x08, 0x00, 0x00, 0x7F, 0x10, 0x00, 0x00, 0x7F, 0x90, 0x00, 0x00, 0x7F, 0xE0, 0x00,
  0x00, 0x7F, 0xE0, 0x00, 0x70, 0x7F, 0xC0, 0x00, 0x1E, 0x7F, 0xE0, 0x00, 0x03, 0xFF, 0xE0, 0x00,
  0x00, 0x7F, 0xE0, 0x00, 0x00, 0x3F, 0xE0, 0x00, 0x00, 0x1F, 0xE0, 0x00, 0x00, 0x1F, 0xFC, 0x00,
  0x00, 0x07, 0xC7, 0x80, 0x00, 0x0F, 0xC0, 0xF0, 0x00, 0x09, 0xC0, 0x1C, 0x00, 0x18, 0xC0, 0x00,
  0x00, 0x10, 0xE0, 0x00, 0x00, 0x30, 0x60, 0x00, 0x00, 0x20, 0x70, 0x00, 0x00, 0x40, 0x70, 0x00,
  0x00, 0x40, 0x38, 0x00, 0x00, 0x80, 0x3F, 0xC0, 0x01, 0x80, 0x78, 0xC0, 0x00, 0x00, 0xE0, 0x00,
  0x00, 0x01, 0xC0, 0x00, 0x00, 0x01, 0x80, 0x00, 0x00, 0x00, 0x00, 0x00, 0x00, 0x00, 0x00, 0x00,
  0x00, 0x00, 0x06, 0x00, 0x00, 0x00, 0x04, 0x00, 0x00, 0x00, 0x0C, 0x00, 0x00, 0x0C, 0x08, 0x00,
  0x00, 0x3E, 0x18, 0x00, 0x00, 0x7F, 0x10, 0x00, 0x00, 0xFF, 0xB0, 0x00, 0x00, 0x7F, 0xE0, 0x00,
  0x00, 0x7F, 0xE0, 0x00, 0xE0, 0x7F, 0xC0, 0x00, 0x1E, 0x7F, 0xE0, 0x00, 0x03, 0xFF, 0xE0, 0x00,
  0x00, 0x7F, 0xE0, 0x00, 0x00, 0x3F, 0xE0, 0x00, 0x00, 0x1F, 0xE0, 0x00, 0x00, 0x1F, 0xFC, 0x00,
  0x00, 0x07, 0xC7, 0x80, 0x00, 0x07, 0xC0, 0xF0, 0x00, 0x09, 0xC0, 0x1C, 0x00, 0x18, 0xE0, 0x00,
  0x00, 0x10, 0xE0, 0x00, 0x00, 0x30, 0x60, 0x00, 0x00, 0x20, 0x70, 0x00, 0x00, 0x60, 0x30, 0x00,
  0x00, 0x40, 0x38, 0x00, 0x00, 0xC0, 0x3F, 0xC0, 0x00, 0x80, 0x78, 0x00, 0x00, 0x00, 0xE0, 0x00,
  0x00, 0x01, 0xC0, 0x00, 0x00, 0x01, 0x80, 0x00, 0x00, 0x00, 0x00, 0x00, 0x00, 0x00, 0x00, 0x00,
  0x00, 0x00, 0x04, 0x00, 0x00, 0x00, 0x04, 0x00, 0x00, 0x00, 0x08, 0x00, 0x00, 0x0C, 0x08, 0x00,
  0x00, 0x3E, 0x10, 0x00, 0x00, 0x7F, 0x10, 0x00, 0x00, 0xFF, 0xA0, 0x00, 0x00, 0xFF, 0xE0, 0x00,
  0x00, 0xFF, 0xC0, 0x00, 0xE0, 0xFF, 0xC0, 0x00, 0x3C, 0x7F, 0xE0, 0x00, 0x07, 0xFF, 0xE0, 0x00,
  0x00, 0xFF, 0xE0, 0x00, 0x00, 0x3F, 0xE0, 0x00, 0x00, 0x3F, 0xE0, 0x00, 0x00, 0x1F, 0xFC, 0x00,
  0x00, 0x0F, 0xC3, 0xC0, 0x00, 0x07, 0xC0, 0x78, 0x00, 0x08, 0xC0, 0x0C, 0x00, 0x08, 0xE0, 0x00,
  0x00, 0x10, 0xE0, 0x00, 0x00, 0x10, 0x60, 0x00, 0x00, 0x20, 0x70, 0x00, 0x00, 0x60, 0x30, 0x00,
  0x00, 0x40, 0x3A, 0x80, 0x00, 0xC0, 0x3F, 0xC0, 0x00, 0x80, 0x38, 0x00, 0x00, 0x80, 0x60, 0x00,
  0x00, 0x00, 0xC0, 0x00, 0x00, 0x01, 0x80, 0x00, 0x00, 0x00, 0x00, 0x00, 0x00, 0x00, 0x00, 0x00,
  0x00, 0x00, 0x04, 0x00, 0x00, 0x00, 0x0C, 0x00, 0x00, 0x00, 0x08, 0x00, 0x00, 0x08, 0x18, 0x00,
  0x00, 0x3E, 0x10, 0x00, 0x00, 0x7F, 0x30, 0x00, 0x00, 0xFF, 0xA0, 0x00, 0x00, 0xFF, 0xE0, 0x00,
  0x00, 0xFF, 0xC0, 0x00, 0xC0, 0xFF, 0xC0, 0x00, 0x78, 0x7F, 0xE0, 0x00, 0x0F, 0xFF, 0xE0, 0x00,
  0x00, 0xFF, 0xE0, 0x00, 0x00, 0x3F, 0xE0, 0x00, 0x00, 0x3F, 0xE0, 0x00, 0x00, 0x1F, 0xFE, 0x00,
  0x00, 0x0F, 0xC3, 0xC0, 0x00, 0x07, 0xC0, 0x7C, 0x00, 0x08, 0xC0, 0x00, 0x00, 0x08, 0xE0, 0x00,
  0x00, 0x10, 0x60, 0x00, 0x00, 0x10, 0x70, 0x00, 0x00, 0x20, 0x70, 0x00, 0x00, 0x20, 0x30, 0x00,
  0x00, 0x40, 0x3F, 0xC0, 0x00, 0x40, 0x1F, 0xE0, 0x00, 0xC0, 0x38, 0x00, 0x00, 0x80, 0x60, 0x00,
  0x00, 0x00, 0xC0, 0x00, 0x00, 0x01, 0x80, 0x00, 0x00, 0x00, 0x00, 0x00, 0x00, 0x00, 0x00, 0x00,
  0x00, 0x00, 0x04, 0x00, 0x00, 0x00, 0x08, 0x00, 0x00, 0x00, 0x08, 0x00, 0x00, 0x08, 0x10, 0x00,
  0x00, 0x7C, 0x10, 0x00, 0x00, 0xFE, 0x30, 0x00, 0x00, 0xFF, 0x20, 0x00, 0x00, 0xFF, 0xE0, 0x00,
  0x00, 0xFF, 0xC0, 0x00, 0x00, 0xFF, 0xC0, 0x00, 0xF0, 0xFF, 0xC0, 0x00, 0x0F, 0xFF, 0xE0, 0x00,
  0x01, 0xFF, 0xE0, 0x00, 0x00, 0x3F, 0xE0, 0x00, 0x00, 0x3F, 0xE0, 0x00, 0x00, 0x1F, 0xFE, 0x00,
  0x00, 0x0F, 0xC3, 0xE0, 0x00, 0x07, 0xC0, 0x3C, 0x00, 0x08, 0xC0, 0x00, 0x00, 0x08, 0xE0, 0x00,
  0x00, 0x18, 0x60, 0x00, 0x00, 0x10, 0x70, 0x00, 0x00, 0x30, 0x30, 0x00, 0x00, 0x20, 0x38, 0x00,
  0x00, 0x60, 0x1F, 0xC0, 0x00, 0x40, 0x1F, 0xE0, 0x00, 0xC0, 0x38, 0x00, 0x00, 0x80, 0x60, 0x00,
  0x00, 0x00, 0xC0, 0x00, 0x00, 0x00, 0x80, 0x00, 0x00, 0x00, 0x00, 0x00, 0x00, 0x00, 0x00, 0x00,
  0x00, 0x00, 0x08, 0x00, 0x00, 0x00, 0x08, 0x00, 0x00, 0x00, 0x18, 0x00, 0x00, 0x00, 0x10, 0x00,
  0x00, 0x7C, 0x30, 0x00, 0x00, 0xFE, 0x20, 0x00, 0x00, 0xFF, 0x20, 0x00, 0x00, 0xFF, 0xC0, 0x00,
  0x00, 0xFF, 0xC0, 0x00, 0x00, 0xFF, 0xC0, 0x00, 0xF0, 0xFF, 0xC0, 0x00, 0x1E, 0xFF, 0xE0, 0x00,
  0x01, 0xFF, 0xE0, 0x00, 0x00, 0x7F, 0xE0, 0x00, 0x00, 0x3F, 0xF0, 0x00, 0x00, 0x1F, 0xFF, 0x00,
  0x00, 0x0F, 0xC1, 0xF0, 0x00, 0x07, 0xC0, 0x1C, 0x00, 0x0C, 0xC0, 0x00, 0x00, 0x08, 0xE0, 0x00,
  0x00, 0x18, 0x60, 0x00, 0x00, 0x10, 0x70, 0x00, 0x00, 0x30, 0x30, 0x00, 0x00, 0x20, 0x38, 0x00,
  0x00, 0x20, 0x1F, 0xE0, 0x00, 0x40, 0x1F, 0xE0, 0x00, 0x40, 0x38, 0x00, 0x00, 0xC0, 0x60, 0x00,
  0x00, 0x00, 0xC0, 0x00, 0x00, 0x00, 0xC0, 0x00, 0x00, 0x00, 0x00, 0x00, 0x00, 0x00, 0x00, 0x00,
  0x00, 0x00, 0x08, 0x00, 0x00, 0x00, 0x08, 0x00, 0x00, 0x00, 0x10, 0x00, 0x00, 0x00, 0x10, 0x00,
  0x00, 0x7C, 0x30, 0x00, 0x00, 0xFE, 0x20, 0x00, 0x00, 0xFF, 0x60, 0x00, 0x00, 0xFF, 0xC0, 0x00,
  0x00, 0xFF, 0xC0, 0x00, 0x00, 0xFF, 0xC0, 0x00, 0xC0, 0xFF, 0xC0, 0x00, 0x7E, 0xFF, 0xC0, 0x00,
  0x03, 0xFF, 0xE0, 0x00, 0x00, 0x7F, 0xE0, 0x00, 0x00, 0x3F, 0xF0, 0x00, 0x00, 0x1F, 0xFF, 0x00,
  0x00, 0x0F, 0xC1, 0xF8, 0x00, 0x07, 0xC0, 0x0C, 0x00, 0x0C, 0xC0, 0x00, 0x00, 0x08, 0xE0, 0x00,
  0x00, 0x18, 0x60, 0x00, 0x00, 0x10, 0x70, 0x00, 0x00, 0x10, 0x30, 0x00, 0x00, 0x20, 0x38, 0x00,
  0x00, 0x20, 0x1F, 0xE0, 0x00, 0x60, 0x1F, 0xE0, 0x00, 0x40, 0x38, 0x00, 0x00, 0x40, 0x70, 0x00,
  0x00, 0x00, 0x60, 0x00, 0x00, 0x00, 0xC0, 0x00, 0x00, 0x00, 0x00, 0x00, 0x00, 0x00, 0x00, 0x00,
  0x00, 0x00, 0x08, 0x00, 0x00, 0x00, 0x18, 0x00, 0x00, 0x00, 0x10, 0x00, 0x00, 0x00, 0x30, 0x00,
  0x00, 0x7C, 0x20, 0x00, 0x00, 0xFE, 0x20, 0x00, 0x00, 0xFF, 0x40, 0x00, 0x00, 0xFF, 0xC0, 0x00,
  0x00, 0xFF, 0xC0, 0x00, 0x00, 0xFF, 0xC0, 0x00, 0x80, 0xFF, 0xC0, 0x00, 0xFC, 0xFF, 0xC0, 0x00,
  0x07, 0xFF, 0xE0, 0x00, 0x00, 0x7F, 0xC0, 0x00, 0x00, 0x3F, 0xF0, 0x00, 0x00, 0x1F, 0xFF, 0x80,
  0x00, 0x0F, 0xC0, 0xFC, 0x00, 0x07, 0xC0, 0x04, 0x00, 0x0C, 0xC0, 0x00, 0x00, 0x08, 0xE0, 0x00,
  0x00, 0x08, 0x70, 0x00, 0x00, 0x10, 0x70, 0x00, 0x00, 0x10, 0x38, 0x00, 0x00, 0x30, 0x38, 0x00,
  0x00, 0x20, 0x1F, 0xE0, 0x00, 0x20, 0x1E, 0x00, 0x00, 0x40, 0x38, 0x00, 0x00, 0x40, 0x30, 0x00,
  0x00, 0x00, 0x60, 0x00, 0x00, 0x00, 0xC0, 0x00, 0x00, 0x00, 0x00, 0x00, 0x00, 0x00, 0x00, 0x00,
  0x00, 0x00, 0x18, 0x00, 0x00, 0x00, 0x10, 0x00, 0x00, 0x00, 0x10, 0x00, 0x00, 0x00, 0x20, 0x00,
  0x00, 0x7C, 0x20, 0x00, 0x00, 0xFE, 0x60, 0x00, 0x01, 0xFF, 0x40, 0x00, 0x01, 0xFF, 0xC0, 0x00,
  0x00, 0xFF, 0x80, 0x00, 0x00, 0xFF, 0xC0, 0x00, 0x00, 0xFF, 0xC0, 0x00, 0xF8, 0xFF, 0xC0, 0x00,
  0x0F, 0xFF, 0xC0, 0x00, 0x00, 0x7F, 0xC0, 0x00, 0x00, 0x3F, 0xF8, 0x00, 0x00, 0x1F, 0xCF, 0xC0,
  0x00, 0x0F, 0xC0, 0x7C, 0x00, 0x07, 0xC0, 0x00, 0x00, 0x0C, 0xE0, 0x00, 0x00, 0x08, 0xE0, 0x00,
  0x00, 0x08, 0x70, 0x00, 0x00, 0x18, 0x30, 0x00, 0x00, 0x10, 0x38, 0x00, 0x00, 0x10, 0x18, 0x00,
  0x00, 0x20, 0x1F, 0xE0, 0x00, 0x20, 0x1E, 0x00, 0x00, 0x60, 0x38, 0x00, 0x00, 0x40, 0x30, 0x00,
  0x00, 0x00, 0x60, 0x00, 0x00, 0x00, 0x40, 0x00, 0x00, 0x00, 0x00, 0x00, 0x00, 0x00, 0x00, 0x00,
  0x00, 0x00, 0x10, 0x00, 0x00, 0x00, 0x10, 0x00, 0x00, 0x00, 0x30, 0x00, 0x00, 0x00, 0x20, 0x00,
  0x00, 0x78, 0x20, 0x00, 0x00, 0xFC, 0x40, 0x00, 0x01, 0xFF, 0x40, 0x00, 0x01, 0xFF, 0xC0, 0x00,
  0x01, 0xFF, 0x80, 0x00, 0x00, 0xFF, 0xC0, 0x00, 0x00, 0xFF, 0xC0, 0x00, 0xF0, 0xFF, 0xC0, 0x00,
  0x1F, 0xFF, 0xC0, 0x00, 0x00, 0x7F, 0xC0, 0x00, 0x00, 0x3F, 0xF8, 0x00, 0x00, 0x1F, 0xCF, 0xE0,
  0x00, 0x0F, 0xC0, 0x7C, 0x00, 0x07, 0xC0, 0x00, 0x00, 0x04, 0xE0, 0x00, 0x00, 0x08, 0xE0, 0x00,
  0x00, 0x08, 0x70, 0x00, 0x00, 0x18, 0x30, 0x00, 0x00, 0x10, 0x38, 0x00, 0x00, 0x10, 0x1C, 0x60,
  0x00, 0x30, 0x1F, 0xF0, 0x00, 0x20, 0x1E, 0x00, 0x00, 0x20, 0x18, 0x00, 0x00, 0x60, 0x30, 0x00,
  0x00, 0x00, 0x60, 0x00, 0x00, 0x00, 0x60, 0x00, 0x00, 0x00, 0x00, 0x00, 0x00, 0x00, 0x00, 0x00,
  0x00, 0x00, 0x10, 0x00, 0x00, 0x00, 0x30, 0x00, 0x00, 0x00, 0x20, 0x00, 0x00, 0x00, 0x20, 0x00,
  0x00, 0x78, 0x60, 0x00, 0x00, 0xFC, 0x40, 0x00, 0x01, 0xFE, 0x40, 0x00, 0x01, 0xFF, 0xC0, 0x00,
  0x01, 0xFF, 0x80, 0x00, 0x01, 0xFF, 0x80, 0x00, 0x00, 0xFF, 0xC0, 0x00, 0xC0, 0xFF, 0xC0, 0x00,
  0x7F, 0xFF, 0xC0, 0x00, 0x01, 0xFF, 0xC0, 0x00, 0x00, 0x3F, 0xFC, 0x00, 0x00, 0x1F, 0xCF, 0xF0,
  0x00, 0x0F, 0xC0, 0x3C, 0x00, 0x07, 0xC0, 0x00, 0x00, 0x04, 0xE0, 0x00, 0x00, 0x0C, 0x60, 0x00,
  0x00, 0x08, 0x70, 0x00, 0x00, 0x08, 0x30, 0x00, 0x00, 0x10, 0x38, 0x00, 0x00, 0x10, 0x1C, 0xE0,
  0x00, 0x10, 0x0F, 0xF0, 0x00, 0x20, 0x1E, 0x00, 0x00, 0x20, 0x18, 0x00, 0x00, 0x60, 0x30, 0x00,
  0x00, 0x00, 0x60, 0x00, 0x00, 0x00, 0x60, 0x00, 0x00, 0x00, 0x00, 0x00, 0x00, 0x00, 0x00, 0x00,
  0x00, 0x00, 0x30, 0x00, 0x00, 0x00, 0x20, 0x00, 0x00, 0x00, 0x20, 0x00, 0x00, 0x00, 0x60, 0x00,
  0x00, 0x78, 0x40, 0x00, 0x00, 0xFC, 0x40, 0x00, 0x01, 0xFE, 0x40, 0x00, 0x01, 0xFF, 0x80, 0x00,
  0x01, 0xFF, 0x80, 0x00, 0x01, 0xFF, 0x80, 0x00, 0x01, 0xFF, 0xC0, 0x00, 0x80, 0xFF, 0xC0, 0x00,
  0xFF, 0xFF, 0xC0, 0x00, 0x03, 0xFF, 0xC0, 0x00, 0x00, 0x7F, 0xFC, 0x00, 0x00, 0x3F, 0xC7, 0xF8,
  0x00, 0x0F, 0xC0, 0x0C, 0x00, 0x07, 0xC0, 0x00, 0x00, 0x04, 0xE0, 0x00, 0x00, 0x0C, 0x60, 0x00,
  0x00, 0x08, 0x70, 0x00, 0x00, 0x08, 0x38, 0x00, 0x00, 0x18, 0x38, 0x00, 0x00, 0x10, 0x1D, 0xF0,
  0x00, 0x10, 0x0F, 0xF0, 0x00, 0x30, 0x0E, 0x00, 0x00, 0x20, 0x18, 0x00, 0x00, 0x20, 0x30, 0x00,
  0x00, 0x20, 0x30, 0x00, 0x00, 0x00, 0x60, 0x00, 0x00, 0x00, 0x00, 0x00, 0x00, 0x00, 0x00, 0x00,
  0x00, 0x00, 0x20, 0x00, 0x00, 0x00, 0x20, 0x00, 0x00, 0x00, 0x20, 0x00, 0x00, 0x00, 0x60, 0x00,
  0x00, 0x70, 0x40, 0x00, 0x00, 0xFC, 0x40, 0x00, 0x01, 0xFE, 0xC0, 0x00, 0x01, 0xFF, 0x80, 0x00,
  0x01, 0xFF, 0x80, 0x00, 0x01, 0xFF, 0x80, 0x00, 0x01, 0xFF, 0xC0, 0x00, 0x00, 0xFF, 0xC0, 0x00,
  0xFE, 0xFF, 0xC0, 0x00, 0x07, 0xFF, 0xC0, 0x00, 0x00, 0x7F, 0xFE, 0x00, 0x00, 0x3F, 0xC7, 0xFC,
  0x00, 0x0F, 0xC0, 0x00, 0x00, 0x07, 0xC0, 0x00, 0x00, 0x04, 0xE0, 0x00, 0x00, 0x0C, 0x60, 0x00,
  0x00, 0x08, 0x70, 0x00, 0x00, 0x08, 0x38, 0x00, 0x00, 0x18, 0x18, 0x00, 0x00, 0x10, 0x1F, 0xF0,
  0x00, 0x10, 0x0F, 0xE0, 0x00, 0x10, 0x0E, 0x00, 0x00, 0x30, 0x18, 0x00, 0x00, 0x20, 0x30, 0x00,
  0x00, 0x20, 0x30, 0x00, 0x00, 0x00, 0x60, 0x00, 0x00, 0x00, 0x00, 0x00, 0x00, 0x00, 0x00, 0x00,
  0x00, 0x00, 0x20, 0x00, 0x00, 0x00, 0x20, 0x00, 0x00, 0x00, 0x60, 0x00, 0x00, 0x00, 0x40, 0x00,
  0x00, 0x30, 0x40, 0x00, 0x00, 0xFC, 0xC0, 0x00, 0x01, 0xFE, 0x80, 0x00, 0x01, 0xFF, 0x80, 0x00,
  0x01, 0xFF, 0x80, 0x00, 0x01, 0xFF, 0x80, 0x00, 0x01, 0xFF, 0xC0, 0x00, 0x00, 0xFF, 0xC0, 0x00,
  0xF8, 0xFF, 0xC0, 0x00, 0x1F, 0xFF, 0xC0, 0x00, 0x00, 0x7F, 0xFF, 0x00, 0x00, 0x3F, 0xC3, 0xFC,
  0x00, 0x1F, 0xC0, 0x00, 0x00, 0x07, 0xC0, 0x00, 0x00, 0x04, 0xE0, 0x00, 0x00, 0x0C, 0x70, 0x00,
  0x00, 0x08, 0x70, 0x00, 0x00, 0x08, 0x38, 0x00, 0x00, 0x08, 0x1C, 0x00, 0x00, 0x18, 0x1F, 0xF0,
  0x00, 0x10, 0x0F, 0x80, 0x00, 0x10, 0x0E, 0x00, 0x00, 0x30, 0x18, 0x00, 0x00, 0x20, 0x18, 0x00,
  0x00, 0x20, 0x30, 0x00, 0x00, 0x00, 0x20, 0x00, 0x00, 0x00, 0x00, 0x00, 0x00, 0x00, 0x00, 0x00,
  0x00, 0x00, 0x20, 0x00, 0x00, 0x00, 0x60, 0x00, 0x00, 0x00, 0x40, 0x00, 0x00, 0x00, 0x40, 0x00,
  0x00, 0x30, 0x40, 0x00, 0x00, 0xF8, 0xC0, 0x00, 0x01, 0xFE, 0x80, 0x00, 0x03, 0xFF, 0x80, 0x00,
  0x01, 0xFF, 0x80, 0x00, 0x01, 0xFF, 0x80, 0x00, 0x01, 0xFF, 0xC0, 0x00, 0x01, 0xFF, 0xC0, 0x00,
  0xE0, 0xFF, 0xC0, 0x00, 0xFF, 0xFF, 0xC0, 0x00, 0x00, 0x7F, 0xFF, 0xC0, 0x00, 0x3F, 0xC1, 0xFC,
  0x00, 0x1F, 0xC0, 0x00, 0x00, 0x07, 0xC0, 0x00, 0x00, 0x04, 0xE0, 0x00, 0x00, 0x04, 0x70, 0x00,
  0x00, 0x0C, 0x30, 0x00, 0x00, 0x08, 0x38, 0x00, 0x00, 0x08, 0x1C, 0x30, 0x00, 0x18, 0x0F, 0xF0,
  0x00, 0x10, 0x0F, 0x80, 0x00, 0x10, 0x0E, 0x00, 0x00, 0x10, 0x1C, 0x00, 0x00, 0x30, 0x18, 0x00,
  0x00, 0x20, 0x30, 0x00, 0x00, 0x00, 0x30, 0x00, 0x00, 0x00, 0x00, 0x00, 0x00, 0x00, 0x00, 0x00,
  0x00, 0x00, 0x60, 0x00, 0x00, 0x00, 0x40, 0x00, 0x00, 0x00, 0x40, 0x00, 0x00, 0x00, 0x40, 0x00,
  0x00, 0x30, 0xC0, 0x00, 0x00, 0xF8, 0x80, 0x00, 0x01, 0xFC, 0x80, 0x00, 0x03, 0xFF, 0x80, 0x00,
  0x03, 0xFF, 0x80, 0x00, 0x01, 0xFF, 0x80, 0x00, 0x01, 0xFF, 0x80, 0x00, 0x01, 0xFF, 0xC0, 0x00,
  0x00, 0xFF, 0xC0, 0x00, 0xFF, 0xFF, 0xC0, 0x00, 0x00, 0x7F, 0xFF, 0xF8, 0x00, 0x3F, 0xC0, 0x7C,
  0x00, 0x1F, 0xC0, 0x00, 0x00, 0x07, 0xC0, 0x00, 0x00, 0x04, 0xE0, 0x00, 0x00, 0x04, 0x70, 0x00,
  0x00, 0x0C, 0x38, 0x00, 0x00, 0x08, 0x38, 0x00, 0x00, 0x08, 0x1C, 0x30, 0x00, 0x08, 0x0F, 0xF0,
  0x00, 0x18, 0x0F, 0x00, 0x00, 0x10, 0x0E, 0x00, 0x00, 0x10, 0x1C, 0x00, 0x00, 0x10, 0x18, 0x00,
  0x00, 0x30, 0x30, 0x00, 0x00, 0x00, 0x30, 0x00, 0x00, 0x00, 0x00, 0x00, 0x00, 0x00, 0x00, 0x00,
  0x00, 0x00, 0x40, 0x00, 0x00, 0x00, 0x40, 0x00, 0x00, 0x00, 0x40, 0x00, 0x00, 0x00, 0xC0, 0x00,
  0x00, 0x20, 0x80, 0x00, 0x00, 0xF8, 0x80, 0x00, 0x01, 0xFC, 0x80, 0x00, 0x03, 0xFF, 0x80, 0x00,
  0x03, 0xFF, 0x00, 0x00, 0x01, 0xFF, 0x80, 0x00, 0x01, 0xFF, 0x80, 0x00, 0x01, 0xFF, 0xC0, 0x00,
  0x00, 0xFF, 0xC0, 0x00, 0xFF, 0xFF, 0xC0, 0x00, 0x00, 0x7F, 0xFF, 0xFC, 0x00, 0x3F, 0xC0, 0x08,
  0x00, 0x1F, 0xC0, 0x00, 0x00, 0x07, 0xC0, 0x00, 0x00, 0x04, 0xE0, 0x00, 0x00, 0x04, 0x70, 0x00,
  0x00, 0x0C, 0x38, 0x00, 0x00, 0x08, 0x38, 0x00, 0x00, 0x08, 0x1C, 0x70, 0x00, 0x08, 0x0F, 0xF0,
  0x00, 0x08, 0x07, 0x00, 0x00, 0x18, 0x0E, 0x00, 0x00, 0x10, 0x0C, 0x00, 0x00, 0x10, 0x18, 0x00,
  0x00, 0x10, 0x30, 0x00, 0x00, 0x00, 0x30, 0x00, 0x00, 0x00, 0x00, 0x00, 0x00, 0x00, 0x00, 0x00,
  0x00, 0x00, 0x40, 0x00, 0x00, 0x00, 0x40, 0x00, 0x00, 0x00, 0xC0, 0x00, 0x00, 0x00, 0x80, 0x00,
  0x00, 0x00, 0x80, 0x00, 0x00, 0xF0, 0x80, 0x00, 0x01, 0xFC, 0x80, 0x00, 0x03, 0xFF, 0x00, 0x00,
  0x03, 0xFF, 0x00, 0x00, 0x03, 0xFF, 0x80, 0x00, 0x01, 0xFF, 0x80, 0x00, 0x01, 0xFF, 0xC0, 0x00,
  0x01, 0xFF, 0xC0, 0x00, 0xFF, 0xFF, 0xC0, 0x00, 0x07, 0xFF, 0xFF, 0xFC, 0x00, 0x3F, 0xC0, 0x00,
  0x00, 0x1F, 0xC0, 0x00, 0x00, 0x07, 0xC0, 0x00, 0x00, 0x04, 0xE0, 0x00, 0x00, 0x04, 0x70, 0x00,
  0x00, 0x04, 0x38, 0x00, 0x00, 0x0C, 0x1C, 0x00, 0x00, 0x08, 0x1C, 0x78, 0x00, 0x08, 0x0F, 0xF0,
  0x00, 0x08, 0x07, 0x00, 0x00, 0x08, 0x0E, 0x00, 0x00, 0x18, 0x0C, 0x00, 0x00, 0x10, 0x18, 0x00,
  0x00, 0x10, 0x18, 0x00, 0x00, 0x00, 0x10, 0x00, 0x00, 0x00, 0x00, 0x00, 0x00, 0x00, 0x00, 0x00,
  0x00, 0x00, 0x40, 0x00, 0x00, 0x00, 0xC0, 0x00, 0x00, 0x00, 0x80, 0x00, 0x00, 0x00, 0x80, 0x00,
  0x00, 0x00, 0x80, 0x00, 0x00, 0xF0, 0x80, 0x00, 0x01, 0xFD, 0x80, 0x00, 0x03, 0xFF, 0x00, 0x00,
  0x03, 0xFF, 0x00, 0x00, 0x03, 0xFF, 0x80, 0x00, 0x01, 0xFF, 0x80, 0x00, 0x01, 0xFF, 0xC0, 0x00,
  0x01, 0xFF, 0xC0, 0x00, 0xFD, 0xFF, 0xC0, 0x00, 0xFF, 0xFF, 0xFF, 0xFC, 0x00, 0x3F, 0xC0, 0x00,
  0x00, 0x1F, 0xC0, 0x00, 0x00, 0x07, 0xE0, 0x00, 0x00, 0x04, 0xE0, 0x00, 0x00, 0x04, 0x70, 0x00,
  0x00, 0x04, 0x38, 0x00, 0x00, 0x0C, 0x1C, 0x00, 0x00, 0x0C, 0x0E, 0xF8, 0x00, 0x08, 0x0F, 0xE0,
  0x00, 0x08, 0x07, 0x00, 0x00, 0x08, 0x0E, 0x00, 0x00, 0x18, 0x0C, 0x00, 0x00, 0x18, 0x18, 0x00,
  0x00, 0x10, 0x18, 0x00, 0x00, 0x00, 0x10, 0x00, 0x00, 0x00, 0x00, 0x00, 0x00, 0x00, 0x00, 0x00,
  0x00, 0x00, 0x80, 0x00, 0x00, 0x00, 0x80, 0x00, 0x00, 0x00, 0x80, 0x00, 0x00, 0x00, 0x80, 0x00,
  0x00, 0x00, 0x80, 0x00, 0x00, 0xF1, 0x80, 0x00, 0x01, 0xFD, 0x00, 0x00, 0x03, 0xFF, 0x00, 0x00,
  0x03, 0xFF, 0x00, 0x00, 0x03, 0xFF, 0x80, 0x00, 0x03, 0xFF, 0x80, 0x00, 0x01, 0xFF, 0xC0, 0x00,
  0x01, 0xFF, 0xC0, 0x00, 0x01, 0xFF, 0xC0, 0x00, 0xFF, 0xFF, 0xFF, 0xFC, 0x00, 0x7F, 0xC0, 0x00,
  0x00, 0x1F, 0xC0, 0x00, 0x00, 0x07, 0xE0, 0x00, 0x00, 0x04, 0xE0, 0x00, 0x00, 0x04, 0x70, 0x00,
  0x00, 0x04, 0x38, 0x00, 0x00, 0x04, 0x1C, 0x10, 0x00, 0x0C, 0x0E, 0xF8, 0x00, 0x08, 0x07, 0xC0,
  0x00, 0x08, 0x07, 0x00, 0x00, 0x08, 0x06, 0x00, 0x00, 0x08, 0x0C, 0x00, 0x00, 0x08, 0x08, 0x00,
  0x00, 0x18, 0x18, 0x00, 0x00, 0x00, 0x18, 0x00, 0x00, 0x00, 0x00, 0x00, 0x00, 0x00, 0x00, 0x00,
  0x00, 0x00, 0x80, 0x00, 0x00, 0x00, 0x80, 0x00, 0x00, 0x00, 0x80, 0x00, 0x00, 0x00, 0x80, 0x00,
  0x00, 0x01, 0x80, 0x00, 0x00, 0xF1, 0x00, 0x00, 0x01, 0xF9, 0x00, 0x00, 0x03, 0xFF, 0x00, 0x00,
  0x03, 0xFF, 0x00, 0x00, 0x03, 0xFF, 0x00, 0x00, 0x03, 0xFF, 0x80, 0x00, 0x01, 0xFF, 0x80, 0x00,
  0x01, 0xFF, 0xC0, 0x00, 0x01, 0xFF, 0xC0, 0xF8, 0xFF, 0xFF, 0xFF, 0xF8, 0x00, 0x7F, 0xC0, 0x00,
  0x00, 0x1F, 0xC0, 0x00, 0x00, 0x07, 0xE0, 0x00, 0x00, 0x04, 0xF0, 0x00, 0x00, 0x04, 0x70, 0x00,
  0x00, 0x04, 0x38, 0x00, 0x00, 0x04, 0x1C, 0x18, 0x00, 0x04, 0x0F, 0xF8, 0x00, 0x0C, 0x07, 0xC0,
  0x00, 0x08, 0x07, 0x00, 0x00, 0x08, 0x06, 0x00, 0x00, 0x08, 0x0C, 0x00, 0x00, 0x08, 0x0C, 0x00,
  0x00, 0x08, 0x18, 0x00, 0x00, 0x00, 0x08, 0x00, 0x00, 0x00, 0x00, 0x00, 0x00, 0x00, 0x00, 0x00,
  0x00, 0x00, 0x80, 0x00, 0x00, 0x00, 0x80, 0x00, 0x00, 0x01, 0x80, 0x00, 0x00, 0x01, 0x80, 0x00,
  0x00, 0x01, 0x00, 0x00, 0x00, 0xE1, 0x00, 0x00, 0x01, 0xF9, 0x00, 0x00, 0x03, 0xFF, 0x00, 0x00,
  0x03, 0xFF, 0x00, 0x00, 0x03, 0xFF, 0x00, 0x00, 0x03, 0xFF, 0x80, 0x00, 0x03, 0xFF, 0x80, 0x00,
  0x01, 0xFF, 0xC0, 0x00, 0x01, 0xFF, 0xCF, 0xFC, 0xFF, 0xFF, 0xFF, 0xC0, 0x00, 0x7F, 0xC0, 0x00,
  0x00, 0x3F, 0xC0, 0x00, 0x00, 0x0F, 0xE0, 0x00, 0x00, 0x04, 0xF0, 0x00, 0x00, 0x04, 0x78, 0x00,
  0x00, 0x04, 0x38, 0x00, 0x00, 0x04, 0x1C, 0x38, 0x00, 0x04, 0x0F, 0xF8, 0x00, 0x04, 0x07, 0x80,
  0x00, 0x0C, 0x07, 0x00, 0x00, 0x08, 0x06, 0x00, 0x00, 0x08, 0x0C, 0x00, 0x00, 0x08, 0x0C, 0x00,
  0x00, 0x08, 0x18, 0x00, 0x00, 0x00, 0x08, 0x00, 0x00, 0x00, 0x00, 0x00, 0x00, 0x00, 0x00, 0x00,
  0x00, 0x01, 0x80, 0x00, 0x00, 0x01, 0x80, 0x00, 0x00, 0x01, 0x00, 0x00, 0x00, 0x01, 0x00, 0x00,
  0x00, 0x01, 0x00, 0x00, 0x00, 0xE1, 0x00, 0x00, 0x01, 0xF9, 0x00, 0x00, 0x03, 0xFF, 0x00, 0x00,
  0x07, 0xFF, 0x00, 0x00, 0x07, 0xFF, 0x00, 0x00, 0x03, 0xFF, 0x80, 0x00, 0x03, 0xFF, 0x80, 0x00,
  0x01, 0xFF, 0xC0, 0x00, 0x01, 0xFF, 0xDF, 0xFC, 0xFF, 0xFF, 0xFE, 0x00, 0xF0, 0x7F, 0xC0, 0x00,
  0x00, 0x3F, 0xC0, 0x00, 0x00, 0x0F, 0xE0, 0x00, 0x00, 0x06, 0xF0, 0x00, 0x00, 0x04, 0x78, 0x00,
  0x00, 0x04, 0x3C, 0x00, 0x00, 0x04, 0x1E, 0x38, 0x00, 0x04, 0x0F, 0xF0, 0x00, 0x04, 0x07, 0x80,
  0x00, 0x04, 0x07, 0x00, 0x00, 0x0C, 0x06, 0x00, 0x00, 0x0C, 0x04, 0x00, 0x00, 0x08, 0x0C, 0x00,
  0x00, 0x08, 0x0C, 0x00, 0x00, 0x08, 0x08, 0x00, 0x00, 0x00, 0x00, 0x00, 0x00, 0x00, 0x00, 0x00,
  0x00, 0x01, 0x00, 0x00, 0x00, 0x01, 0x00, 0x00, 0x00, 0x01, 0x00, 0x00, 0x00, 0x01, 0x00, 0x00,
  0x00, 0x01, 0x00, 0x00, 0x00, 0xE1, 0x00, 0x00, 0x01, 0xF9, 0x00, 0x00, 0x03, 0xFF, 0x00, 0x00,
  0x07, 0xFF, 0x00, 0x00, 0x07, 0xFF, 0x00, 0x00, 0x03, 0xFF, 0x80, 0x00, 0x03, 0xFF, 0x80, 0x00,
  0x01, 0xFF, 0xC0, 0x00, 0x01, 0xFF, 0xFF, 0xFC, 0x0F, 0xFF, 0xF8, 0x00, 0xFE, 0x7F, 0xC0, 0x00,
  0x00, 0x3F, 0xC0, 0x00, 0x00, 0x0F, 0xE0, 0x00, 0x00, 0x06, 0xF0, 0x00, 0x00, 0x04, 0x38, 0x00,
  0x00, 0x04, 0x3C, 0x00, 0x00, 0x04, 0x1E, 0x78, 0x00, 0x04, 0x0F, 0xE0, 0x00, 0x04, 0x07, 0x80,
  0x00, 0x04, 0x03, 0x00, 0x00, 0x04, 0x06, 0x00, 0x00, 0x0C, 0x04, 0x00, 0x00, 0x0C, 0x0C, 0x00,
  0x00, 0x0C, 0x0C, 0x00, 0x00, 0x08, 0x08, 0x00, 0x00, 0x00, 0x00, 0x00, 0x00, 0x00, 0x00, 0x00,
  0x00, 0x01, 0x00, 0x00, 0x00, 0x01, 0x00, 0x00, 0x00, 0x01, 0x00, 0x00, 0x00, 0x01, 0x00, 0x00,
  0x00, 0x01, 0x00, 0x00, 0x00, 0xC3, 0x00, 0x00, 0x01, 0xF3, 0x00, 0x00, 0x03, 0xFE, 0x00, 0x00,
  0x07, 0xFE, 0x00, 0x00, 0x07, 0xFF, 0x00, 0x00, 0x03, 0xFF, 0x80, 0x00, 0x03, 0xFF, 0x80, 0x00,
  0x03, 0xFF, 0xC0, 0x00, 0x01, 0xFF, 0xFF, 0xF8, 0x01, 0xFF, 0xF0, 0x00, 0xFF, 0xFF, 0xC0, 0x00,
  0x00, 0x3F, 0xC0, 0x00, 0x00, 0x0F, 0xE0, 0x00, 0x00, 0x06, 0x70, 0x00, 0x00, 0x04, 0x38, 0x00,
  0x00, 0x04, 0x1C, 0x08, 0x00, 0x04, 0x0E, 0x78, 0x00, 0x04, 0x07, 0xE0, 0x00, 0x04, 0x03, 0x80,
  0x00, 0x04, 0x03, 0x00, 0x00, 0x04, 0x06, 0x00, 0x00, 0x04, 0x06, 0x00, 0x00, 0x04, 0x0C, 0x00,
  0x00, 0x0C, 0x0C, 0x00, 0x00, 0x00, 0x00, 0x00, 0x00, 0x00, 0x00, 0x00, 0x00, 0x00, 0x00, 0x00,
  0x00, 0x01, 0x00, 0x00, 0x00, 0x01, 0x00, 0x00, 0x00, 0x03, 0x00, 0x00, 0x00, 0x03, 0x00, 0x00,
  0x00, 0x03, 0x00, 0x00, 0x00, 0xC2, 0x00, 0x00, 0x01, 0xF2, 0x00, 0x00, 0x03, 0xFE, 0x00, 0x00,
  0x07, 0xFE, 0x00, 0x00, 0x07, 0xFF, 0x00, 0x00, 0x07, 0xFF, 0x80, 0x00, 0x03, 0xFF, 0x80, 0x00,
  0x03, 0xFF, 0xC0, 0x18, 0x01, 0xFF, 0xFF, 0xF8, 0x01, 0xFF, 0xE0, 0x00, 0xFF, 0xFF, 0xC0, 0x00,
  0x80, 0x3F, 0xC0, 0x00, 0x00, 0x0F, 0xE0, 0x00, 0x00, 0x06, 0x70, 0x00, 0x00, 0x06, 0x38, 0x00,
  0x00, 0x04, 0x1C, 0x18, 0x00, 0x04, 0x0E, 0x78, 0x00, 0x04, 0x07, 0xE0, 0x00, 0x04, 0x03, 0x80,
  0x00, 0x04, 0x03, 0x00, 0x00, 0x04, 0x06, 0x00, 0x00, 0x04, 0x06, 0x00, 0x00, 0x04, 0x04, 0x00,
  0x00, 0x04, 0x0C, 0x00, 0x00, 0x04, 0x00, 0x00, 0x00, 0x00, 0x00, 0x00, 0x00, 0x00, 0x00, 0x00,
  0x00, 0x03, 0x00, 0x00, 0x00, 0x03, 0x00, 0x00, 0x00, 0x02, 0x00, 0x00, 0x00, 0x02, 0x00, 0x00,
  0x00, 0x02, 0x00, 0x00, 0x00, 0x02, 0x00, 0x00, 0x01, 0xF2, 0x00, 0x00, 0x03, 0xFE, 0x00, 0x00,
  0x07, 0xFE, 0x00, 0x00, 0x07, 0xFF, 0x00, 0x00, 0x07, 0xFF, 0x80, 0x00, 0x03, 0xFF, 0x80, 0x00,
  0x03, 0xFF, 0x80, 0x78, 0x01, 0xFF, 0xFF, 0xE0, 0x01, 0xFF, 0xE0, 0x00, 0x7F, 0xFF, 0xC0, 0x00,
  0xE0, 0x3F, 0xC0, 0x00, 0x00, 0x0F, 0xE0, 0x00, 0x00, 0x06, 0x70, 0x00, 0x00, 0x06, 0x38, 0x00,
  0x00, 0x06, 0x1C, 0x18, 0x00, 0x04, 0x0E, 0x78, 0x00, 0x04, 0x07, 0xC0, 0x00, 0x04, 0x03, 0x80,
  0x00, 0x04, 0x03, 0x00, 0x00, 0x04, 0x06, 0x00, 0x00, 0x04, 0x06, 0x00, 0x00, 0x04, 0x06, 0x00,
  0x00, 0x04, 0x04, 0x00, 0x00, 0x04, 0x00, 0x00, 0x00, 0x00, 0x00, 0x00, 0x00, 0x00, 0x00, 0x00,
  0x00, 0x02, 0x00, 0x00, 0x00, 0x02, 0x00, 0x00, 0x00, 0x02, 0x00, 0x00, 0x00, 0x02, 0x00, 0x00,
  0x00, 0x02, 0x00, 0x00, 0x00, 0x02, 0x00, 0x00, 0x01, 0xE2, 0x00, 0x00, 0x03, 0xFE, 0x00, 0x00,
  0x07, 0xFE, 0x00, 0x00, 0x07, 0xFF, 0x00, 0x00, 0x07, 0xFF, 0x00, 0x00, 0x03, 0xFF, 0x80, 0x00,
  0x03, 0xFF, 0x80, 0xF8, 0x01, 0xFF, 0xFF, 0xC0, 0x01, 0xFF, 0xE0, 0x00, 0x1F, 0xFF, 0xC0, 0x00,
  0xF0, 0x3F, 0xC0, 0x00, 0x00, 0x1F, 0xE0, 0x00, 0x00, 0x06, 0x70, 0x00, 0x00, 0x06, 0x38, 0x00,
  0x00, 0x06, 0x1E, 0x3C, 0x00, 0x06, 0x0F, 0xF0, 0x00, 0x06, 0x07, 0xC0, 0x00, 0x06, 0x03, 0x80,
  0x00, 0x04, 0x03, 0x00, 0x00, 0x04, 0x02, 0x00, 0x00, 0x04, 0x06, 0x00, 0x00, 0x04, 0x06, 0x00,
  0x00, 0x04, 0x04, 0x00, 0x00, 0x04, 0x00, 0x00, 0x00, 0x00, 0x00, 0x00, 0x00, 0x00, 0x00, 0x00,
  0x00, 0x02, 0x00, 0x00, 0x00, 0x02, 0x00, 0x00, 0x00, 0x02, 0x00, 0x00, 0x00, 0x02, 0x00, 0x00,
  0x00, 0x02, 0x00, 0x00, 0x00, 0x02, 0x00, 0x00, 0x01, 0xE2, 0x00, 0x00, 0x03, 0xFE, 0x00, 0x00,
  0x07, 0xFE, 0x00, 0x00, 0x07, 0xFF, 0x00, 0x00, 0x07, 0xFF, 0x00, 0x00, 0x07, 0xFF, 0x80, 0x00,
  0x03, 0xFF, 0x81, 0xF8, 0x03, 0xFF, 0xFF, 0x00, 0x01, 0xFF, 0xC0, 0x00, 0x0F, 0xFF, 0xC0, 0x00,
  0xFC, 0x7F, 0xC0, 0x00, 0x00, 0x1F, 0xE0, 0x00, 0x00, 0x06, 0x70, 0x00, 0x00, 0x02, 0x3C, 0x08,
  0x00, 0x02, 0x1E, 0x3C, 0x00, 0x06, 0x0F, 0xF0, 0x00, 0x06, 0x07, 0xC0, 0x00, 0x06, 0x03, 0x80,
  0x00, 0x06, 0x03, 0x00, 0x00, 0x06, 0x02, 0x00, 0x00, 0x06, 0x06, 0x00, 0x00, 0x06, 0x06, 0x00,
  0x00, 0x06, 0x06, 0x00, 0x00, 0x04, 0x00, 0x00, 0x00, 0x00, 0x00, 0x00, 0x00, 0x00, 0x00, 0x00,
  0x00, 0x02, 0x00, 0x00, 0x00, 0x02, 0x00, 0x00, 0x00, 0x02, 0x00, 0x00, 0x00, 0x02, 0x00, 0x00,
  0x00, 0x02, 0x00, 0x00, 0x00, 0x02, 0x00, 0x00, 0x01, 0xC2, 0x00, 0x00, 0x03, 0xFE, 0x00, 0x00,
  0x07, 0xFE, 0x00, 0x00, 0x07, 0xFE, 0x00, 0x00, 0x07, 0xFF, 0x00, 0x00, 0x07, 0xFF, 0x80, 0x08,
  0x03, 0xFF, 0x83, 0xF8, 0x03, 0xFF, 0xFF, 0x00, 0x01, 0xFF, 0xC0, 0x00, 0x07, 0xFF, 0xC0, 0x00,
  0xFE, 0x7F, 0xC0, 0x00, 0x80, 0x1F, 0xE0, 0x00, 0x00, 0x02, 0x78, 0x00, 0x00, 0x02, 0x3C, 0x08,
  0x00, 0x02, 0x1E, 0x3C, 0x00, 0x02, 0x0F, 0xF0, 0x00, 0x02, 0x03, 0xC0, 0x00, 0x02, 0x03, 0x80,
  0x00, 0x02, 0x03, 0x00, 0x00, 0x02, 0x03, 0x00, 0x00, 0x02, 0x02, 0x00, 0x00, 0x02, 0x06, 0x00,
  0x00, 0x02, 0x06, 0x00, 0x00, 0x02, 0x00, 0x00, 0x00, 0x00, 0x00, 0x00, 0x00, 0x00, 0x00, 0x00,
  0x00, 0x04, 0x00, 0x00, 0x00, 0x04, 0x00, 0x00, 0x00, 0x06, 0x00, 0x00, 0x00, 0x06, 0x00, 0x00,
  0x00, 0x06, 0x00, 0x00, 0x00, 0x06, 0x00, 0x00, 0x01, 0xC6, 0x00, 0x00, 0x03, 0xFE, 0x00, 0x00,
  0x07, 0xFE, 0x00, 0x00, 0x07, 0xFE, 0x00, 0x00, 0x07, 0xFF, 0x00, 0x00, 0x07, 0xFF, 0x80, 0x18,
  0x03, 0xFF, 0x83, 0xF0, 0x03, 0xFF, 0xFE, 0x00, 0x01, 0xFF, 0xC0, 0x00, 0x01, 0xFF, 0xC0, 0x00,
  0x7E, 0x7F, 0xC0, 0x00, 0xC0, 0x1F, 0xE0, 0x00, 0x00, 0x02, 0x78, 0x00, 0x00, 0x02, 0x3C, 0x0C,
  0x00, 0x02, 0x1E, 0x38, 0x00, 0x02, 0x07, 0xE0, 0x00, 0x02, 0x03, 0xC0, 0x00, 0x02, 0x01, 0x80,
  0x00, 0x02, 0x03, 0x00, 0x00, 0x02, 0x03, 0x00, 0x00, 0x02, 0x02, 0x00, 0x00, 0x02, 0x06, 0x00,
  0x00, 0x02, 0x02, 0x00, 0x00, 0x02, 0x00, 0x00, 0x00, 0x00, 0x00, 0x00, 0x00, 0x00, 0x00, 0x00,
  0x00, 0x04, 0x00, 0x00, 0x00, 0x04, 0x00, 0x00, 0x00, 0x04, 0x00, 0x00, 0x00, 0x04, 0x00, 0x00,
  0x00, 0x04, 0x00, 0x00, 0x00, 0x04, 0x00, 0x00, 0x01, 0xC4, 0x00, 0x00, 0x03, 0xF4, 0x00, 0x00,
  0x07, 0xFC, 0x00, 0x00, 0x07, 0xFE, 0x00, 0x00, 0x0F, 0xFF, 0x00, 0x00, 0x07, 0xFF, 0x80, 0x38,
  0x07, 0xFF, 0x87, 0xE0, 0x03, 0xFF, 0xFC, 0x00, 0x01, 0xFF, 0xC0, 0x00, 0x01, 0xFF, 0xC0, 0x00,
  0x3F, 0x7F, 0xC0, 0x00, 0xF0, 0x1F, 0xF0, 0x00, 0x00, 0x02, 0x78, 0x00, 0x00, 0x02, 0x3C, 0x1C,
  0x00, 0x02, 0x0E, 0x78, 0x00, 0x02, 0x07, 0xE0, 0x00, 0x02, 0x03, 0xC0, 0x00, 0x02, 0x01, 0x80,
  0x00, 0x02, 0x03, 0x00, 0x00, 0x02, 0x03, 0x00, 0x00, 0x02, 0x03, 0x00, 0x00, 0x02, 0x02, 0x00,
  0x00, 0x02, 0x02, 0x00, 0x00, 0x02, 0x00, 0x00, 0x00, 0x00, 0x00, 0x00, 0x00, 0x00, 0x00, 0x00,
  0x00, 0x04, 0x00, 0x00, 0x00, 0x04, 0x00, 0x00, 0x00, 0x04, 0x00, 0x00, 0x00, 0x04, 0x00, 0x00,
  0x00, 0x04, 0x00, 0x00, 0x00, 0x04, 0x00, 0x00, 0x01, 0x84, 0x00, 0x00, 0x03, 0xF4, 0x00, 0x00,
  0x07, 0xFC, 0x00, 0x00, 0x07, 0xFE, 0x00, 0x00, 0x0F, 0xFF, 0x00, 0x00, 0x07, 0xFF, 0x80, 0x78,
  0x07, 0xFF, 0x87, 0xC0, 0x03, 0xFF, 0xFC, 0x00, 0x01, 0xFF, 0xC0, 0x00, 0x01, 0xFF, 0xC0, 0x00,
  0x0F, 0xFF, 0xC0, 0x00, 0xF0, 0x3F, 0xF0, 0x00, 0x00, 0x02, 0x78, 0x00, 0x00, 0x02, 0x3C, 0x1C,
  0x00, 0x02, 0x0F, 0x78, 0x00, 0x02, 0x07, 0xE0, 0x00, 0x02, 0x03, 0xC0, 0x00, 0x02, 0x01, 0x80,
  0x00, 0x02, 0x01, 0x00, 0x00, 0x02, 0x03, 0x00, 0x00, 0x02, 0x03, 0x00, 0x00, 0x02, 0x03, 0x00,
  0x00, 0x02, 0x02, 0x00, 0x00, 0x02, 0x00, 0x00, 0x00, 0x00, 0x00, 0x00, 0x00, 0x00, 0x00, 0x00,
  0x00, 0x0C, 0x00, 0x00, 0x00, 0x04, 0x00, 0x00, 0x00, 0x04, 0x00, 0x00, 0x00, 0x04, 0x00, 0x00,
  0x00, 0x04, 0x00, 0x00, 0x00, 0x04, 0x00, 0x00, 0x01, 0x84, 0x00, 0x00, 0x03, 0xF4, 0x00, 0x00,
  0x07, 0xFC, 0x00, 0x00, 0x07, 0xFE, 0x00, 0x00, 0x0F, 0xFF, 0x00, 0x00, 0x0F, 0xFF, 0x80, 0xF8,
  0x07, 0xFF, 0x8F, 0x80, 0x03, 0xFF, 0xF8, 0x00, 0x03, 0xFF, 0xC0, 0x00, 0x01, 0xFF, 0xC0, 0x00,
  0x0F, 0xFF, 0xE0, 0x00, 0xF8, 0x3F, 0xF0, 0x00, 0x80, 0x02, 0x78, 0x0C, 0x00, 0x02, 0x1E, 0x1C,
  0x00, 0x02, 0x0F, 0x70, 0x00, 0x02, 0x07, 0xE0, 0x00, 0x02, 0x01, 0xC0, 0x00, 0x02, 0x01, 0x80,
  0x00, 0x02, 0x01, 0x00, 0x00, 0x02, 0x03, 0x00, 0x00, 0x03, 0x03, 0x00, 0x00, 0x03, 0x03, 0x00,
  0x00, 0x03, 0x00, 0x00, 0x00, 0x01, 0x00, 0x00, 0x00, 0x00, 0x00, 0x00, 0x00, 0x00, 0x00, 0x00,
  0x00, 0x08, 0x00, 0x00, 0x00, 0x08, 0x00, 0x00, 0x00, 0x0C, 0x00, 0x00, 0x00, 0x0C, 0x00, 0x00,
  0x00, 0x04, 0x00, 0x00, 0x00, 0x04, 0x00, 0x00, 0x00, 0x04, 0x00, 0x00, 0x03, 0xE4, 0x00, 0x00,
  0x07, 0xFC, 0x00, 0x00, 0x0F, 0xFE, 0x00, 0x00, 0x0F, 0xFF, 0x00, 0x18, 0x0F, 0xFF, 0x80, 0xF0,
  0x07, 0xFF, 0x8F, 0x80, 0x03, 0xFF, 0xF8, 0x00, 0x03, 0xFF, 0xC0, 0x00, 0x01, 0xFF, 0xC0, 0x00,
  0x07, 0xFF, 0xE0, 0x00, 0x7C, 0x3F, 0xF0, 0x00, 0xC0, 0x02, 0x78, 0x0C, 0x00, 0x02, 0x1E, 0x3C,
  0x00, 0x02, 0x0F, 0x70, 0x00, 0x02, 0x03, 0xE0, 0x00, 0x02, 0x01, 0xC0, 0x00, 0x02, 0x01, 0x80,
  0x00, 0x03, 0x01, 0x00, 0x00, 0x03, 0x01, 0x00, 0x00, 0x03, 0x03, 0x00, 0x00, 0x01, 0x03, 0x00,
  0x00, 0x01, 0x00, 0x00, 0x00, 0x01, 0x00, 0x00, 0x00, 0x00, 0x00, 0x00, 0x00, 0x00, 0x00, 0x00,
  0x00, 0x08, 0x00, 0x00, 0x00, 0x08, 0x00, 0x00, 0x00, 0x08, 0x00, 0x00, 0x00, 0x08, 0x00, 0x00,
  0x00, 0x0C, 0x00, 0x00, 0x00, 0x0C, 0x00, 0x00, 0x00, 0x04, 0x00, 0x00, 0x03, 0xE4, 0x00, 0x00,
  0x07, 0xFC, 0x00, 0x00, 0x0F, 0xFE, 0x00, 0x00, 0x0F, 0xFF, 0x00, 0x18, 0x0F, 0xFF, 0x01, 0xF0,
  0x07, 0xFF, 0x8F, 0x00, 0x07, 0xFF, 0xF8, 0x00, 0x03, 0xFF, 0xC0, 0x00, 0x01, 0xFF, 0xC0, 0x00,
  0x03, 0xFF, 0xE0, 0x00, 0x3E, 0x3F, 0xF0, 0x00, 0xE0, 0x02, 0x7C, 0x0C, 0x00, 0x02, 0x1E, 0x38,
  0x00, 0x02, 0x0F, 0xF0, 0x00, 0x02, 0x03, 0xC0, 0x00, 0x02, 0x01, 0xC0, 0x00, 0x03, 0x01, 0x80,
  0x00, 0x03, 0x01, 0x80, 0x00, 0x01, 0x01, 0x00, 0x00, 0x01, 0x01, 0x00, 0x00, 0x01, 0x03, 0x00,
  0x00, 0x01, 0x00, 0x00, 0x00, 0x01, 0x00, 0x00, 0x00, 0x00, 0x00, 0x00, 0x00, 0x00, 0x00, 0x00,
  0x00, 0x08, 0x00, 0x00, 0x00, 0x08, 0x00, 0x00, 0x00, 0x08, 0x00, 0x00, 0x00, 0x08, 0x00, 0x00,
  0x00, 0x08, 0x00, 0x00, 0x00, 0x08, 0x00, 0x00, 0x00, 0x0C, 0x00, 0x00, 0x03, 0xEC, 0x00, 0x00,
  0x07, 0xFC, 0x00, 0x00, 0x0F, 0xFE, 0x00, 0x00, 0x0F, 0xFF, 0x00, 0x38, 0x0F, 0xFF, 0x01, 0xE0,
  0x0F, 0xFF, 0x9F, 0x00, 0x07, 0xFF, 0xF0, 0x00, 0x03, 0xFF, 0xC0, 0x00, 0x01, 0xFF, 0xC0, 0x00,
  0x01, 0xFF, 0xE0, 0x00, 0x1E, 0x3F, 0xF0, 0x00, 0xF0, 0x02, 0x7C, 0x0C, 0x80, 0x02, 0x1E, 0x38,
  0x00, 0x02, 0x0F, 0xE0, 0x00, 0x02, 0x03, 0xC0, 0x00, 0x03, 0x01, 0xC0, 0x00, 0x03, 0x01, 0x80,
  0x00, 0x01, 0x01, 0x80, 0x00, 0x01, 0x01, 0x80, 0x00, 0x01, 0x01, 0x00, 0x00, 0x01, 0x01, 0x00,
  0x00, 0x01, 0x00, 0x00, 0x00, 0x01, 0x00, 0x00, 0x00, 0x00, 0x00, 0x00, 0x00, 0x00, 0x00, 0x00,
  0x00, 0x18, 0x00, 0x00, 0x00, 0x18, 0x00, 0x00, 0x00, 0x08, 0x00, 0x00, 0x00, 0x08, 0x00, 0x00,
  0x00, 0x08, 0x00, 0x00, 0x00, 0x08, 0x00, 0x00, 0x00, 0x08, 0x00, 0x00, 0x03, 0xCC, 0x00, 0x00,
  0x07, 0xFC, 0x00, 0x00, 0x0F, 0xFC, 0x00, 0x00, 0x0F, 0xFE, 0x00, 0x78, 0x0F, 0xFF, 0x03, 0xC0,
  0x0F, 0xFF, 0x9E, 0x00, 0x07, 0xFF, 0xF0, 0x00, 0x03, 0xFF, 0xC0, 0x00, 0x01, 0xFF, 0xC0, 0x00,
  0x01, 0xFF, 0xE0, 0x00, 0x0F, 0x7F, 0xF0, 0x04, 0x78, 0x02, 0x7C, 0x1C, 0xC0, 0x02, 0x1F, 0x38,
  0x00, 0x02, 0x07, 0xE0, 0x00, 0x03, 0x03, 0xC0, 0x00, 0x03, 0x01, 0xC0, 0x00, 0x01, 0x01, 0x80,
  0x00, 0x01, 0x01, 0x80, 0x00, 0x01, 0x01, 0x80, 0x00, 0x01, 0x01, 0x80, 0x00, 0x01, 0x01, 0x00,
  0x00, 0x01, 0x80, 0x00, 0x00, 0x01, 0x80, 0x00, 0x00, 0x00, 0x00, 0x00, 0x00, 0x00, 0x00, 0x00,
  0x00, 0x10, 0x00, 0x00, 0x00, 0x10, 0x00, 0x00, 0x00, 0x18, 0x00, 0x00, 0x00, 0x08, 0x00, 0x00,
  0x00, 0x08, 0x00, 0x00, 0x00, 0x08, 0x00, 0x00, 0x00, 0x08, 0x00, 0x00, 0x03, 0x88, 0x00, 0x00,
  0x07, 0xFC, 0x00, 0x00, 0x0F, 0xFC, 0x00, 0x00, 0x0F, 0xFE, 0x00, 0x70, 0x0F, 0xFF, 0x03, 0xC0,
  0x0F, 0xFF, 0x9E, 0x00, 0x07, 0xFF, 0xF0, 0x00, 0x03, 0xFF, 0xC0, 0x00, 0x03, 0xFF, 0xC0, 0x00,
  0x01, 0xFF, 0xE0, 0x00, 0x07, 0x7F, 0xF0, 0x0C, 0x38, 0x06, 0x3C, 0x1C, 0xC0, 0x02, 0x1F, 0x30,
  0x00, 0x02, 0x07, 0xE0, 0x00, 0x03, 0x01, 0xC0, 0x00, 0x01, 0x00, 0xC0, 0x00, 0x01, 0x01, 0x80,
  0x00, 0x01, 0x01, 0x80, 0x00, 0x01, 0x01, 0x80, 0x00, 0x01, 0x01, 0x80, 0x00, 0x01, 0x81, 0x80,
  0x00, 0x00, 0x80, 0x00, 0x00, 0x00, 0x80, 0x00, 0x00, 0x00, 0x00, 0x00, 0x00, 0x00, 0x00, 0x00,
  0x00, 0x10, 0x00, 0x00, 0x00, 0x10, 0x00, 0x00, 0x00, 0x10, 0x00, 0x00, 0x00, 0x18, 0x00, 0x00,
  0x00, 0x18, 0x00, 0x00, 0x00, 0x08, 0x00, 0x00, 0x00, 0x08, 0x00, 0x00, 0x03, 0x08, 0x00, 0x00,
  0x07, 0xF8, 0x00, 0x00, 0x0F, 0xFC, 0x00, 0x10, 0x0F, 0xFE, 0x00, 0xF0, 0x0F, 0xFF, 0x07, 0x80,
  0x0F, 0xFF, 0x9C, 0x00, 0x07, 0xFF, 0xF0, 0x00, 0x07, 0xFF, 0xC0, 0x00, 0x03, 0xFF, 0xC0, 0x00,
  0x01, 0xFF, 0xE0, 0x00, 0x07, 0x7F, 0xF8, 0x0C, 0x3C, 0x0F, 0x3C, 0x1C, 0xE0, 0x02, 0x1F, 0x30,
  0x00, 0x03, 0x07, 0xE0, 0x00, 0x01, 0x01, 0xC0, 0x00, 0x01, 0x00, 0xC0, 0x00, 0x01, 0x00, 0x80,
  0x00, 0x01, 0x01, 0x80, 0x00, 0x01, 0x01, 0x80, 0x00, 0x01, 0x81, 0x80, 0x00, 0x00, 0x80, 0x80,
  0x00, 0x00, 0x80, 0x00, 0x00, 0x00, 0x80, 0x00, 0x00, 0x00, 0x00, 0x00, 0x00, 0x00, 0x00, 0x00,
  0x00, 0x10, 0x00, 0x00, 0x00, 0x10, 0x00, 0x00, 0x00, 0x10, 0x00, 0x00, 0x00, 0x10, 0x00, 0x00,
  0x00, 0x10, 0x00, 0x00, 0x00, 0x18, 0x00, 0x00, 0x00, 0x08, 0x00, 0x00, 0x01, 0x08, 0x00, 0x00,
  0x07, 0xF8, 0x00, 0x00, 0x0F, 0xFC, 0x00, 0x30, 0x0F, 0xFE, 0x00, 0xE0, 0x0F, 0xFF, 0x07, 0x00,
  0x0F, 0xFF, 0x9C, 0x00, 0x0F, 0xFF, 0xE0, 0x00, 0x07, 0xFF, 0xC0, 0x00, 0x03, 0xFF, 0xC0, 0x00,
  0x01, 0xFF, 0xE0, 0x00, 0x03, 0xFF, 0xF8, 0x0C, 0x1C, 0x0F, 0x3E, 0x18, 0xF0, 0x02, 0x0F, 0x70,
  0x80, 0x03, 0x07, 0xE0, 0x00, 0x01, 0x01, 0xC0, 0x00, 0x01, 0x00, 0xC0, 0x00, 0x01, 0x00, 0x80,
  0x00, 0x01, 0x00, 0x80, 0x00, 0x01, 0x81, 0x80, 0x00, 0x00, 0x81, 0x80, 0x00, 0x00, 0x80, 0x80,
  0x00, 0x00, 0x80, 0x00, 0x00, 0x00, 0x80, 0x00, 0x00, 0x00, 0x00, 0x00, 0x00, 0x00, 0x00, 0x00,
  0x00, 0x20, 0x00, 0x00, 0x00, 0x30, 0x00, 0x00, 0x00, 0x10, 0x00, 0x00, 0x00, 0x10, 0x00, 0x00,
  0x00, 0x10, 0x00, 0x00, 0x00, 0x10, 0x00, 0x00, 0x00, 0x18, 0x00, 0x00, 0x00, 0x08, 0x00, 0x00,
  0x07, 0xF8, 0x00, 0x00, 0x0F, 0xFC, 0x00, 0x30, 0x0F, 0xFE, 0x01, 0xE0, 0x0F, 0xFF, 0x07, 0x00,
  0x0F, 0xFF, 0xBC, 0x00, 0x0F, 0xFF, 0xE0, 0x00, 0x07, 0xFF, 0xC0, 0x00, 0x03, 0xFF, 0xC0, 0x00,
  0x01, 0xFF, 0xE0, 0x00, 0x03, 0xFF, 0xF8, 0x0C, 0x0E, 0x0F, 0x3E, 0x38, 0x70, 0x02, 0x0F, 0xF0,
  0xC0, 0x03, 0x03, 0xE0, 0x00, 0x01, 0x01, 0xC0, 0x00, 0x01, 0x00, 0xC0, 0x00, 0x01, 0x00, 0x80,
  0x00, 0x01, 0x80, 0x80, 0x00, 0x00, 0x80, 0x80, 0x00, 0x00, 0x80, 0x80, 0x00, 0x00, 0x80, 0x00,
  0x00, 0x00, 0x80, 0x00, 0x00, 0x00, 0xC0, 0x00, 0x00, 0x00, 0x00, 0x00, 0x00, 0x00, 0x00, 0x00,
  0x00, 0x20, 0x00, 0x00, 0x00, 0x20, 0x00, 0x00, 0x00, 0x30, 0x00, 0x00, 0x00, 0x10, 0x00, 0x00,
  0x00, 0x10, 0x00, 0x00, 0x00, 0x10, 0x00, 0x00, 0x00, 0x18, 0x00, 0x00, 0x00, 0x08, 0x00, 0x00,
  0x07, 0xF8, 0x00, 0x00, 0x0F, 0xFC, 0x00, 0x70, 0x0F, 0xFE, 0x01, 0xC0, 0x0F, 0xFF, 0x07, 0x00,
  0x0F, 0xFF, 0xB8, 0x00, 0x0F, 0xFF, 0xE0, 0x00, 0x07, 0xFF, 0xC0, 0x00, 0x03, 0xFF, 0xC0, 0x00,
  0x01, 0xFF, 0xE0, 0x04, 0x01, 0xFF, 0xF8, 0x1C, 0x0E, 0x1F, 0x3E, 0x38, 0x38, 0x03, 0x0F, 0xF0,
  0xE0, 0x01, 0x03, 0xE0, 0x00, 0x01, 0x00, 0xC0, 0x00, 0x01, 0x00, 0xC0, 0x00, 0x01, 0x00, 0xC0,
  0x00, 0x01, 0x80, 0xC0, 0x00, 0x00, 0x80, 0x80, 0x00, 0x00, 0x80, 0x80, 0x00, 0x00, 0x80, 0x00,
  0x00, 0x00, 0xC0, 0x00, 0x00, 0x00, 0x40, 0x00, 0x00, 0x00, 0x00, 0x00, 0x00, 0x00, 0x00, 0x00,
  0x00, 0x20, 0x00, 0x00, 0x00, 0x20, 0x00, 0x00, 0x00, 0x20, 0x00, 0x00, 0x00, 0x30, 0x00, 0x00,
  0x00, 0x10, 0x00, 0x00, 0x00, 0x10, 0x00, 0x00, 0x00, 0x10, 0x00, 0x00, 0x00, 0x18, 0x00, 0x00,
  0x07, 0xF8, 0x00, 0x10, 0x0F, 0xF8, 0x00, 0x70, 0x0F, 0xFE, 0x01, 0xC0, 0x0F, 0xFF, 0x0E, 0x00,
  0x1F, 0xFF, 0xB8, 0x00, 0x0F, 0xFF, 0xE0, 0x00, 0x07, 0xFF, 0xC0, 0x00, 0x03, 0xFF, 0xC0, 0x00,
  0x01, 0xFF, 0xE0, 0x0C, 0x01, 0xFF, 0xF8, 0x1C, 0x07, 0x1F, 0x3E, 0x38, 0x38, 0x03, 0x0F, 0xE0,
  0xE0, 0x01, 0x03, 0xE0, 0x80, 0x01, 0x00, 0xC0, 0x00, 0x01, 0x00, 0xC0, 0x00, 0x01, 0x80, 0xC0,
  0x00, 0x00, 0x80, 0xC0, 0x00, 0x00, 0x80, 0xC0, 0x00, 0x00, 0x80, 0xC0, 0x00, 0x00, 0xC0, 0x00,
  0x00, 0x00, 0x40, 0x00, 0x00, 0x00, 0x40, 0x00, 0x00, 0x00, 0x00, 0x00, 0x00, 0x00, 0x00, 0x00,
  0x00, 0x40, 0x00, 0x00, 0x00, 0x20, 0x00, 0x00, 0x00, 0x20, 0x00, 0x00, 0x00, 0x20, 0x00, 0x00,
  0x00, 0x30, 0x00, 0x00, 0x00, 0x10, 0x00, 0x00, 0x00, 0x10, 0x00, 0x00, 0x00, 0x10, 0x00, 0x00,
  0x03, 0xD8, 0x00, 0x30, 0x07, 0xF8, 0x00, 0xE0, 0x0F, 0xFE, 0x03, 0x80, 0x0F, 0xFF, 0x0E, 0x00,
  0x1F, 0xFF, 0xB8, 0x00, 0x0F, 0xFF, 0xE0, 0x00, 0x0F, 0xFF, 0xC0, 0x00, 0x07, 0xFF, 0xC0, 0x00,
  0x03, 0xFF, 0xF0, 0x0C, 0x01, 0xFF, 0xFC, 0x1C, 0x07, 0x3F, 0x3F, 0x30, 0x1C, 0x03, 0x0F, 0xE0,
  0x70, 0x01, 0x03, 0xE0, 0xC0, 0x01, 0x00, 0xC0, 0x00, 0x01, 0x00, 0xC0, 0x00, 0x00, 0x80, 0xC0,
  0x00, 0x00, 0x80, 0xC0, 0x00, 0x00, 0x80, 0xC0, 0x00, 0x00, 0xC0, 0xC0, 0x00, 0x00, 0x40, 0x00,
  0x00, 0x00, 0x40, 0x00, 0x00, 0x00, 0x40, 0x00, 0x00, 0x00, 0x00, 0x00, 0x00, 0x00, 0x00, 0x00,
  0x00, 0x40, 0x00, 0x00, 0x00, 0x60, 0x00, 0x00, 0x00, 0x20, 0x00, 0x00, 0x00, 0x20, 0x00, 0x00,
  0x00, 0x20, 0x00, 0x00, 0x00, 0x30, 0x00, 0x00, 0x00, 0x10, 0x00, 0x00, 0x00, 0x10, 0x00, 0x00,
  0x03, 0xD8, 0x00, 0x30, 0x07, 0xF8, 0x00, 0xE0, 0x0F, 0xFE, 0x03, 0x80, 0x0F, 0xFF, 0x0E, 0x00,
  0x1F, 0xFF, 0x38, 0x00, 0x1F, 0xFF, 0xC0, 0x00, 0x0F, 0xFF, 0xC0, 0x00, 0x07, 0xFF, 0xC0, 0x00,
  0x03, 0xFF, 0xF0, 0x0C, 0x01, 0xFF, 0xFC, 0x18, 0x03, 0x3F, 0x3F, 0x30, 0x0C, 0x03, 0x07, 0xE0,
  0x30, 0x01, 0x01, 0xE0, 0xC0, 0x01, 0x00, 0xC0, 0x00, 0x01, 0x80, 0xC0, 0x00, 0x00, 0x80, 0xC0,
  0x00, 0x00, 0x80, 0xC0, 0x00, 0x00, 0x80, 0xC0, 0x00, 0x00, 0xC0, 0x40, 0x00, 0x00, 0x40, 0x00,
  0x00, 0x00, 0x40, 0x00, 0x00, 0x00, 0x60, 0x00, 0x00, 0x00, 0x00, 0x00, 0x00, 0x00, 0x00, 0x00,
  0x00, 0x40, 0x00, 0x00, 0x00, 0x40, 0x00, 0x00, 0x00, 0x60, 0x00, 0x00, 0x00, 0x20, 0x00, 0x00,
  0x00, 0x20, 0x00, 0x00, 0x00, 0x20, 0x00, 0x00, 0x00, 0x10, 0x00, 0x00, 0x00, 0x10, 0x00, 0x00,
  0x02, 0x10, 0x00, 0x30, 0x07, 0xF8, 0x00, 0xC0, 0x0F, 0xFC, 0x03, 0x00, 0x0F, 0xFF, 0x0C, 0x00,
  0x1F, 0xFF, 0x30, 0x00, 0x1F, 0xFF, 0xC0, 0x00, 0x0F, 0xFF, 0xC0, 0x00, 0x07, 0xFF, 0xC0, 0x04,
  0x03, 0xFF, 0xF0, 0x0C, 0x01, 0xFF, 0xFC, 0x18, 0x03, 0x3F, 0x3F, 0x30, 0x0E, 0x01, 0x07, 0xE0,
  0x38, 0x01, 0x01, 0xE0, 0xE0, 0x01, 0x00, 0xC0, 0x00, 0x01, 0x80, 0xC0, 0x00, 0x00, 0x80, 0xC0,
  0x00, 0x00, 0x80, 0xC0, 0x00, 0x00, 0xC0, 0xC0, 0x00, 0x00, 0x40, 0x40, 0x00, 0x00, 0x40, 0x00,
  0x00, 0x00, 0x60, 0x00, 0x00, 0x00, 0x20, 0x00, 0x00, 0x00, 0x00, 0x00, 0x00, 0x00, 0x00, 0x00,
  0x00, 0x00, 0x00, 0x00, 0x00, 0x40, 0x00, 0x00, 0x00, 0x40, 0x00, 0x00, 0x00, 0x60, 0x00, 0x00,
  0x00, 0x20, 0x00, 0x00, 0x00, 0x20, 0x00, 0x00, 0x00, 0x30, 0x00, 0x00, 0x00, 0x10, 0x00, 0x00,
  0x00, 0x10, 0x00, 0x60, 0x07, 0xF8, 0x01, 0xC0, 0x0F, 0xFC, 0x07, 0x00, 0x0F, 0xFE, 0x0C, 0x00,
  0x1F, 0xFF, 0x30, 0x00, 0x1F, 0xFF, 0xC0, 0x00, 0x0F, 0xFF, 0xC0, 0x00, 0x07, 0xFF, 0xC0, 0x04,
  0x03, 0xFF, 0xF0, 0x0C, 0x01, 0xFF, 0xFC, 0x18, 0x03, 0xFF, 0x1F, 0xF0, 0x06, 0x01, 0x07, 0xE0,
  0x18, 0x01, 0x00, 0xE0, 0x60, 0x01, 0x80, 0x40, 0x80, 0x00, 0x80, 0x40, 0x00, 0x00, 0x80, 0x40,
  0x00, 0x00, 0x80, 0x40, 0x00, 0x00, 0x40, 0x40, 0x00, 0x00, 0x40, 0x00, 0x00, 0x00, 0x40, 0x00,
  0x00, 0x00, 0x20, 0x00, 0x00, 0x00, 0x20, 0x00, 0x00, 0x00, 0x00, 0x00, 0x00, 0x00, 0x00, 0x00,
  0x00, 0x00, 0x00, 0x00, 0x00, 0xC0, 0x00, 0x00, 0x00, 0x40, 0x00, 0x00, 0x00, 0x40, 0x00, 0x00,
  0x00, 0x60, 0x00, 0x00, 0x00, 0x20, 0x00, 0x00, 0x00, 0x20, 0x00, 0x00, 0x00, 0x10, 0x00, 0x00,
  0x00, 0x10, 0x00, 0x60, 0x07, 0xF8, 0x01, 0x80, 0x0F, 0xFC, 0x07, 0x00, 0x1F, 0xFE, 0x1C, 0x00,
  0x1F, 0xFF, 0x30, 0x00, 0x1F, 0xFF, 0xC0, 0x00, 0x0F, 0xFF, 0xC0, 0x00, 0x07, 0xFF, 0xC0, 0x0C,
  0x03, 0xFF, 0xF0, 0x1C, 0x01, 0xFF, 0xFE, 0x38, 0x01, 0xFF, 0x1F, 0xF0, 0x06, 0x01, 0x07, 0xE0,
  0x1C, 0x01, 0x00, 0xE0, 0x70, 0x01, 0x80, 0x40, 0xC0, 0x00, 0x80, 0x40, 0x00, 0x00, 0x80, 0x40,
  0x00, 0x00, 0xC0, 0x40, 0x00, 0x00, 0x40, 0x60, 0x00, 0x00, 0x40, 0x00, 0x00, 0x00, 0x60, 0x00,
  0x00, 0x00, 0x20, 0x00, 0x00, 0x00, 0x20, 0x00, 0x00, 0x00, 0x00, 0x00, 0x00, 0x00, 0x00, 0x00,
  0x00, 0x00, 0x00, 0x00, 0x00, 0x80, 0x00, 0x00, 0x00, 0xC0, 0x00, 0x00, 0x00, 0x40, 0x00, 0x00,
  0x00, 0x40, 0x00, 0x00, 0x00, 0x20, 0x00, 0x00, 0x00, 0x20, 0x00, 0x00, 0x00, 0x30, 0x00, 0x20,
  0x00, 0x10, 0x00, 0xE0, 0x07, 0xF0, 0x01, 0x80, 0x0F, 0xFC, 0x06, 0x00, 0x1F, 0xFE, 0x18, 0x00,
  0x1F, 0xFF, 0x70, 0x00, 0x1F, 0xFF, 0xC0, 0x00, 0x1F, 0xFF, 0x80, 0x00, 0x0F, 0xFF, 0xC0, 0x0C,
  0x07, 0xFF, 0xF0, 0x18, 0x01, 0xFF, 0xFE, 0x30, 0x01, 0xFF, 0x1F, 0xF0, 0x07, 0x01, 0x03, 0xE0,
  0x0C, 0x01, 0x00, 0xE0, 0x30, 0x01, 0x80, 0x40, 0xC0, 0x00, 0x80, 0x40, 0x00, 0x00, 0x80, 0x60,
  0x00, 0x00, 0x40, 0x60, 0x00, 0x00, 0x40, 0x60, 0x00, 0x00, 0x60, 0x00, 0x00, 0x00, 0x20, 0x00,
  0x00, 0x00, 0x20, 0x00, 0x00, 0x00, 0x20, 0x00, 0x00, 0x00, 0x00, 0x00, 0x00, 0x00, 0x00, 0x00,
  0x00, 0x00, 0x00, 0x00, 0x00, 0x80, 0x00, 0x00, 0x00, 0x80, 0x00, 0x00, 0x00, 0x40, 0x00, 0x00,
  0x00, 0x40, 0x00, 0x00, 0x00, 0x60, 0x00, 0x00, 0x00, 0x20, 0x00, 0x00, 0x00, 0x20, 0x00, 0x20,
  0x00, 0x10, 0x00, 0xC0, 0x07, 0xF0, 0x03, 0x80, 0x0F, 0xFC, 0x06, 0x00, 0x0F, 0xFE, 0x18, 0x00,
  0x1F, 0xFF, 0x70, 0x00, 0x1F, 0xFF, 0xC0, 0x00, 0x1F, 0xFF, 0x80, 0x04, 0x0F, 0xFF, 0xC0, 0x0C,
  0x07, 0xFF, 0xF8, 0x18, 0x01, 0xFF, 0xFE, 0x30, 0x01, 0xFF, 0x1F, 0xF0, 0x03, 0x01, 0x03, 0xE0,
  0x0C, 0x01, 0x00, 0x60, 0x38, 0x00, 0x80, 0x60, 0x60, 0x00, 0x80, 0x60, 0x00, 0x00, 0xC0, 0x60,
  0x00, 0x00, 0x40, 0x60, 0x00, 0x00, 0x40, 0x60, 0x00, 0x00, 0x60, 0x00, 0x00, 0x00, 0x20, 0x00,
  0x00, 0x00, 0x30, 0x00, 0x00, 0x00, 0x10, 0x00, 0x00, 0x00, 0x00, 0x00, 0x00, 0x00, 0x00, 0x00,
  0x00, 0x00, 0x00, 0x00, 0x00, 0x80, 0x00, 0x00, 0x00, 0x80, 0x00, 0x00, 0x00, 0xC0, 0x00, 0x00,
  0x00, 0x40, 0x00, 0x00, 0x00, 0x40, 0x00, 0x00, 0x00, 0x20, 0x00, 0x00, 0x00, 0x20, 0x00, 0x60,
  0x00, 0x30, 0x00, 0xC0, 0x07, 0xF0, 0x03, 0x00, 0x0F, 0xFC, 0x0E, 0x00, 0x0F, 0xFE, 0x18, 0x00,
  0x1F, 0xFF, 0x60, 0x00, 0x1F, 0xFF, 0xC0, 0x00, 0x1F, 0xFF, 0x80, 0x04, 0x0F, 0xFF, 0xC0, 0x0C,
  0x07, 0xFF, 0xF8, 0x18, 0x03, 0xFF, 0xFF, 0x30, 0x01, 0xFF, 0x1F, 0xF0, 0x03, 0x01, 0x03, 0xE0,
  0x0E, 0x01, 0x80, 0x60, 0x18, 0x00, 0x80, 0x60, 0x60, 0x00, 0x80, 0x60, 0x40, 0x00, 0xC0, 0x60,
  0x00, 0x00, 0x40, 0x60, 0x00, 0x00, 0x60, 0x20, 0x00, 0x00, 0x20, 0x00, 0x00, 0x00, 0x20, 0x00,
  0x00, 0x00, 0x30, 0x00, 0x00, 0x00, 0x10, 0x00, 0x00, 0x00, 0x00, 0x00, 0x00, 0x00, 0x00, 0x00,
  0x00, 0x00, 0x00, 0x00, 0x01, 0x00, 0x00, 0x00, 0x00, 0x80, 0x00, 0x00, 0x00, 0x80, 0x00, 0x00,
  0x00, 0xC0, 0x00, 0x00, 0x00, 0x40, 0x00, 0x00, 0x00, 0x60, 0x00, 0x00, 0x00, 0x20, 0x00, 0x60,
  0x00, 0x20, 0x01, 0x80, 0x03, 0xF0, 0x03, 0x00, 0x0F, 0xF8, 0x0C, 0x00, 0x0F, 0xFE, 0x18, 0x00,
  0x1F, 0xFF, 0x60, 0x00, 0x1F, 0xFF, 0xC0, 0x00, 0x1F, 0xFF, 0x80, 0x0C, 0x0F, 0xFF, 0xC0, 0x0C,
  0x07, 0xFF, 0xF8, 0x18, 0x03, 0xFF, 0xFF, 0x30, 0x01, 0xFF, 0x0F, 0xF0, 0x03, 0x01, 0x01, 0xE0,
  0x06, 0x01, 0x80, 0x60, 0x18, 0x00, 0x80, 0x60, 0x30, 0x00, 0x80, 0x60, 0x40, 0x00, 0x40, 0x60,
  0x00, 0x00, 0x40, 0x60, 0x00, 0x00, 0x60, 0x20, 0x00, 0x00, 0x20, 0x00, 0x00, 0x00, 0x30, 0x00,
  0x00, 0x00, 0x10, 0x00, 0x00, 0x00, 0x10, 0x00, 0x00, 0x00, 0x00, 0x00, 0x00, 0x00, 0x00, 0x00,
  0x00, 0x00, 0x00, 0x00, 0x01, 0x00, 0x00, 0x00, 0x01, 0x80, 0x00, 0x00, 0x00, 0x80, 0x00, 0x00,
  0x00, 0xC0, 0x00, 0x00, 0x00, 0x40, 0x00, 0x00, 0x00, 0x40, 0x00, 0x00, 0x00, 0x20, 0x00, 0xC0,
  0x00, 0x20, 0x01, 0x80, 0x00, 0xF0, 0x07, 0x00, 0x0F, 0xF8, 0x0C, 0x00, 0x0F, 0xFE, 0x18, 0x00,
  0x1F, 0xFF, 0x60, 0x00, 0x1F, 0xFF, 0xC0, 0x00, 0x1F, 0xFF, 0x80, 0x0C, 0x1F, 0xFF, 0xC0, 0x1C,
  0x07, 0xFF, 0xF8, 0x18, 0x03, 0xFF, 0xFF, 0xB0, 0x01, 0xFF, 0x0F, 0xF0, 0x01, 0x81, 0x01, 0xE0,
  0x06, 0x01, 0x80, 0x60, 0x0C, 0x00, 0x80, 0x60, 0x30, 0x00, 0xC0, 0x60, 0x60, 0x00, 0x40, 0x60,
  0x00, 0x00, 0x40, 0x20, 0x00, 0x00, 0x20, 0x00, 0x00, 0x00, 0x20, 0x00, 0x00, 0x00, 0x30, 0x00,
  0x00, 0x00, 0x10, 0x00, 0x00, 0x00, 0x00, 0x00, 0x00, 0x00, 0x00, 0x00, 0x00, 0x00, 0x00, 0x00,
  0x00, 0x00, 0x00, 0x00, 0x00, 0x00, 0x00, 0x00, 0x01, 0x00, 0x00, 0x00, 0x01, 0x80, 0x00, 0x00,
  0x00, 0x80, 0x00, 0x00, 0x00, 0xC0, 0x00, 0x00, 0x00, 0x40, 0x00, 0x40, 0x00, 0x60, 0x00, 0xC0,
  0x00, 0x20, 0x01, 0x80, 0x00, 0x30, 0x06, 0x00, 0x0F, 0xF8, 0x0C, 0x00, 0x0F, 0xFE, 0x30, 0x00,
  0x1F, 0xFF, 0x60, 0x00, 0x1F, 0xFF, 0xC0, 0x00, 0x1F, 0xFF, 0x80, 0x0C, 0x1F, 0xFF, 0xC0, 0x18,
  0x0F, 0xFF, 0xFC, 0x30, 0x03, 0xFF, 0xFF, 0xF0, 0x01, 0xFF, 0x0F, 0xF0, 0x01, 0x81, 0x00, 0xE0,
  0x03, 0x01, 0x80, 0x60, 0x0C, 0x00, 0x80, 0x60, 0x18, 0x00, 0xC0, 0x60, 0x60, 0x00, 0x40, 0x20,
  0x40, 0x00, 0x60, 0x20, 0x00, 0x00, 0x20, 0x00, 0x00, 0x00, 0x30, 0x00, 0x00, 0x00, 0x10, 0x00,
  0x00, 0x00, 0x18, 0x00, 0x00, 0x00, 0x00, 0x00, 0x00, 0x00, 0x00, 0x00, 0x00, 0x00, 0x00, 0x00,
  0x00, 0x00, 0x00, 0x00, 0x00, 0x00, 0x00, 0x00, 0x01, 0x00, 0x00, 0x00, 0x01, 0x00, 0x00, 0x00,
  0x00, 0x80, 0x00, 0x00, 0x00, 0x80, 0x00, 0x00, 0x00, 0x40, 0x00, 0x40, 0x00, 0x40, 0x00, 0xC0,
  0x00, 0x20, 0x03, 0x00, 0x00, 0x20, 0x06, 0x00, 0x0F, 0xF8, 0x0C, 0x00, 0x0F, 0xFE, 0x30, 0x00,
  0x1F, 0xFF, 0x60, 0x00, 0x1F, 0xFF, 0x80, 0x04, 0x1F, 0xFF, 0x80, 0x0C, 0x1F, 0xFF, 0xC0, 0x18,
  0x0F, 0xFF, 0xFC, 0x30, 0x07, 0xFF, 0xFF, 0xF0, 0x01, 0xFF, 0x07, 0xE0, 0x01, 0x91, 0x00, 0x60,
  0x03, 0x00, 0x80, 0x60, 0x04, 0x00, 0x80, 0x60, 0x18, 0x00, 0x40, 0x20, 0x30, 0x00, 0x40, 0x20,
  0x40, 0x00, 0x60, 0x30, 0x00, 0x00, 0x20, 0x00, 0x00, 0x00, 0x30, 0x00, 0x00, 0x00, 0x10, 0x00,
  0x00, 0x00, 0x18, 0x00, 0x00, 0x00, 0x00, 0x00, 0x00, 0x00, 0x00, 0x00, 0x00, 0x00, 0x00, 0x00,
  0x00, 0x00, 0x00, 0x00, 0x00, 0x00, 0x00, 0x00, 0x03, 0x00, 0x00, 0x00, 0x01, 0x00, 0x00, 0x00,
  0x01, 0x80, 0x00, 0x00, 0x00, 0x80, 0x00, 0x00, 0x00, 0xC0, 0x00, 0x40, 0x00, 0x40, 0x01, 0x80,
  0x00, 0x20, 0x03, 0x00, 0x00, 0x20, 0x06, 0x00, 0x07, 0xF8, 0x18, 0x00, 0x0F, 0xFE, 0x30, 0x00,
  0x1F, 0xFF, 0x60, 0x00, 0x1F, 0xFF, 0x80, 0x0C, 0x1F, 0xFF, 0x80, 0x0C, 0x1F, 0xFF, 0xC0, 0x18,
  0x0F, 0xFF, 0xFE, 0x30, 0x07, 0xFF, 0xFF, 0xF0, 0x01, 0xFF, 0x07, 0xE0, 0x00, 0xF9, 0x00, 0x60,
  0x03, 0x00, 0x80, 0x60, 0x06, 0x00, 0x80, 0x60, 0x08, 0x00, 0x40, 0x20, 0x30, 0x00, 0x40, 0x30,
  0x60, 0x00, 0x20, 0x30, 0x00, 0x00, 0x20, 0x00, 0x00, 0x00, 0x10, 0x00, 0x00, 0x00, 0x10, 0x00,
  0x00, 0x00, 0x08, 0x00, 0x00, 0x00, 0x00, 0x00, 0x00, 0x00, 0x00, 0x00, 0x00, 0x00, 0x00, 0x00,
  0x00, 0x00, 0x00, 0x00, 0x00, 0x00, 0x00, 0x00, 0x02, 0x00, 0x00, 0x00, 0x01, 0x00, 0x00, 0x00,
  0x01, 0x00, 0x00, 0x00, 0x00, 0x80, 0x00, 0x00, 0x00, 0xC0, 0x00, 0xC0, 0x00, 0x40, 0x01, 0x80,
  0x00, 0x60, 0x03, 0x00, 0x00, 0x20, 0x04, 0x00, 0x07, 0xF0, 0x18, 0x00, 0x0F, 0xFC, 0x30, 0x00,
  0x1F, 0xFF, 0x60, 0x00, 0x1F, 0xFF, 0x80, 0x0C, 0x1F, 0xFF, 0x80, 0x1C, 0x1F, 0xFF, 0xE0, 0x18,
  0x1F, 0xFF, 0xFE, 0x30, 0x07, 0xFF, 0xFF, 0xF0, 0x03, 0xFF, 0x07, 0xE0, 0x00, 0xF9, 0x00, 0x60,
  0x01, 0x00, 0x80, 0x60, 0x06, 0x00, 0xC0, 0x20, 0x0C, 0x00, 0x40, 0x30, 0x18, 0x00, 0x60, 0x30,
  0x20, 0x00, 0x20, 0x10, 0x00, 0x00, 0x30, 0x00, 0x00, 0x00, 0x10, 0x00, 0x00, 0x00, 0x18, 0x00,
  0x00, 0x00, 0x08, 0x00, 0x00, 0x00, 0x00, 0x00, 0x00, 0x00, 0x00, 0x00, 0x00, 0x00, 0x00, 0x00,
  0x00, 0x00, 0x00, 0x00, 0x00, 0x00, 0x00, 0x00, 0x02, 0x00, 0x00, 0x00, 0x03, 0x00, 0x00, 0x00,
  0x01, 0x00, 0x00, 0x00, 0x01, 0x80, 0x00, 0x00, 0x00, 0x80, 0x00, 0xC0, 0x00, 0x40, 0x01, 0x80,
  0x00, 0x40, 0x02, 0x00, 0x00, 0x20, 0x0C, 0x00, 0x07, 0xF0, 0x18, 0x00, 0x0F, 0xFC, 0x30, 0x00,
  0x1F, 0xFF, 0x40, 0x00, 0x1F, 0xFF, 0x80, 0x0C, 0x1F, 0xFF, 0x80, 0x18, 0x1F, 0xFF, 0xE0, 0x18,
  0x1F, 0xFF, 0xFF, 0x30, 0x07, 0xFF, 0xFF, 0xF0, 0x03, 0xFF, 0x03, 0xE0, 0x00, 0xFD, 0x00, 0x60,
  0x01, 0x80, 0x80, 0x20, 0x02, 0x00, 0xC0, 0x20, 0x0C, 0x00, 0x40, 0x30, 0x18, 0x00, 0x60, 0x30,
  0x30, 0x00, 0x20, 0x00, 0x00, 0x00, 0x10, 0x00, 0x00, 0x00, 0x10, 0x00, 0x00, 0x00, 0x08, 0x00,
  0x00, 0x00, 0x08, 0x00, 0x00, 0x00, 0x00, 0x00, 0x00, 0x00, 0x00, 0x00, 0x00, 0x00, 0x00, 0x00,
  0x00, 0x00, 0x00, 0x00, 0x00, 0x00, 0x00, 0x00, 0x02, 0x00, 0x00, 0x00, 0x02, 0x00, 0x00, 0x00,
  0x01, 0x00, 0x00, 0x00, 0x01, 0x00, 0x00, 0x00, 0x00, 0x80, 0x00, 0x80, 0x00, 0xC0, 0x01, 0x00,
  0x00, 0x40, 0x06, 0x00, 0x00, 0x60, 0x0C, 0x00, 0x01, 0xF0, 0x18, 0x00, 0x0F, 0xFC, 0x30, 0x00,
  0x1F, 0xFF, 0x40, 0x04, 0x1F, 0xFF, 0x80, 0x0C, 0x1F, 0xFF, 0x80, 0x18, 0x1F, 0xFF, 0xE0, 0x30,
  0x1F, 0xFF, 0xFF, 0xB0, 0x0F, 0xFF, 0xFF, 0xF0, 0x03, 0xFF, 0x01, 0xF0, 0x00, 0xFD, 0x80, 0x60,
  0x01, 0x80, 0x80, 0x20, 0x03, 0x00, 0xC0, 0x30, 0x04, 0x00, 0x40, 0x30, 0x08, 0x00, 0x20, 0x30,
  0x30, 0x00, 0x20, 0x00, 0x20, 0x00, 0x10, 0x00, 0x00, 0x00, 0x18, 0x00, 0x00, 0x00, 0x08, 0x00,
  0x00, 0x00, 0x0C, 0x00, 0x00, 0x00, 0x00, 0x00, 0x00, 0x00, 0x00, 0x00, 0x00, 0x00, 0x00, 0x00,
  0x00, 0x00, 0x00, 0x00, 0x00, 0x00, 0x00, 0x00, 0x00, 0x00, 0x00, 0x00, 0x02, 0x00, 0x00, 0x00,
  0x03, 0x00, 0x00, 0x00, 0x01, 0x00, 0x00, 0x00, 0x01, 0x80, 0x01, 0x80, 0x00, 0x80, 0x03, 0x00,
  0x00, 0x40, 0x06, 0x00, 0x00, 0x60, 0x0C, 0x00, 0x01, 0xE0, 0x18, 0x00, 0x0F, 0xFC, 0x20, 0x00,
  0x1F, 0xFE, 0x40, 0x0C, 0x1F, 0xFF, 0x80, 0x0C, 0x1F, 0xFF, 0x80, 0x18, 0x1F, 0xFF, 0xE0, 0x30,
  0x1F, 0xFF, 0xFF, 0xF0, 0x0F, 0xFF, 0xFF, 0xF0, 0x03, 0xFF, 0x01, 0xF0, 0x00, 0xFD, 0x80, 0x20,
  0x01, 0x80, 0x80, 0x20, 0x03, 0x00, 0x40, 0x30, 0x06, 0x00, 0x40, 0x30, 0x0C, 0x00, 0x20, 0x10,
  0x10, 0x00, 0x30, 0x00, 0x20, 0x00, 0x10, 0x00, 0x00, 0x00, 0x08, 0x00, 0x00, 0x00, 0x0C, 0x00,
  0x00, 0x00, 0x04, 0x00, 0x00, 0x00, 0x00, 0x00, 0x00, 0x00, 0x00, 0x00, 0x00, 0x00, 0x00, 0x00,
  0x00, 0x00, 0x00, 0x00, 0x00, 0x00, 0x00, 0x00, 0x00, 0x00, 0x00, 0x00, 0x06, 0x00, 0x00, 0x00,
  0x02, 0x00, 0x00, 0x00, 0x01, 0x00, 0x00, 0x80, 0x01, 0x80, 0x01, 0x80, 0x00, 0x80, 0x03, 0x00,
  0x00, 0xC0, 0x06, 0x00, 0x00, 0x40, 0x08, 0x00, 0x00, 0xE0, 0x10, 0x00, 0x0F, 0xFC, 0x20, 0x00,
  0x1F, 0xFE, 0xC0, 0x0C, 0x1F, 0xFF, 0x80, 0x18, 0x1F, 0xFF, 0x80, 0x18, 0x1F, 0xFF, 0xF0, 0x30,
  0x1F, 0xFF, 0xFF, 0xF0, 0x0F, 0xFF, 0xFF, 0xF0, 0x07, 0xFF, 0x00, 0xF0, 0x00, 0xFD, 0x80, 0x20,
  0x00, 0x80, 0x80, 0x30, 0x03, 0x00, 0x40, 0x30, 0x06, 0x00, 0x60, 0x30, 0x0C, 0x00, 0x20, 0x10,
  0x18, 0x00, 0x30, 0x00, 0x30, 0x00, 0x10, 0x00, 0x00, 0x00, 0x08, 0x00, 0x00, 0x00, 0x0C, 0x00,
  0x00, 0x00, 0x04, 0x00, 0x00, 0x00, 0x00, 0x00, 0x00, 0x00, 0x00, 0x00, 0x00, 0x00, 0x00, 0x00,
  0x00, 0x00, 0x00, 0x00, 0x00, 0x00, 0x00, 0x00, 0x00, 0x00, 0x00, 0x00, 0x04, 0x00, 0x00, 0x00,
  0x02, 0x00, 0x00, 0x00, 0x03, 0x00, 0x00, 0x80, 0x01, 0x00, 0x01, 0x00, 0x00, 0x80, 0x02, 0x00,
  0x00, 0xC0, 0x04, 0x00, 0x00, 0x40, 0x08, 0x00, 0x00, 0x60, 0x10, 0x00, 0x0F, 0xFC, 0x60, 0x00,
  0x1F, 0xFE, 0xC0, 0x0C, 0x1F, 0xFF, 0x80, 0x18, 0x1F, 0xFF, 0x80, 0x18, 0x1F, 0xFF, 0xF0, 0x30,
  0x1F, 0xFF, 0xFF, 0xF0, 0x1F, 0xFF, 0xFF, 0xF0, 0x07, 0xFF, 0x00, 0x70, 0x01, 0xFD, 0x80, 0x20,
  0x00, 0x80, 0x80, 0x30, 0x01, 0x00, 0x40, 0x30, 0x02, 0x00, 0x60, 0x10, 0x04, 0x00, 0x20, 0x10,
  0x08, 0x00, 0x10, 0x00, 0x30, 0x00, 0x18, 0x00, 0x00, 0x00, 0x08, 0x00, 0x00, 0x00, 0x04, 0x00,
  0x00, 0x00, 0x04, 0x00, 0x00, 0x00, 0x00, 0x00, 0x00, 0x00, 0x00, 0x00, 0x00, 0x00, 0x00, 0x00,
  0x00, 0x00, 0x00, 0x00, 0x00, 0x00, 0x00, 0x00, 0x00, 0x00, 0x00, 0x00, 0x04, 0x00, 0x00, 0x00,
  0x06, 0x00, 0x00, 0x00, 0x02, 0x00, 0x01, 0x80, 0x01, 0x00, 0x03, 0x00, 0x01, 0x80, 0x06, 0x00,
  0x00, 0x80, 0x0C, 0x00, 0x00, 0x40, 0x18, 0x00, 0x00, 0x60, 0x30, 0x00, 0x07, 0xFC, 0x60, 0x00,
  0x0F, 0xFE, 0xC0, 0x0C, 0x1F, 0xFF, 0x80, 0x18, 0x1F, 0xFF, 0x80, 0x10, 0x1F, 0xFF, 0xF8, 0x30,
  0x1F, 0xFF, 0xFF, 0xF0, 0x1F, 0xFF, 0xFF, 0xF0, 0x07, 0xFF, 0x80, 0x70, 0x01, 0xFD, 0x80, 0x30,
  0x00, 0xC0, 0xC0, 0x30, 0x01, 0x80, 0x40, 0x30, 0x03, 0x00, 0x20, 0x18, 0x06, 0x00, 0x30, 0x00,
  0x0C, 0x00, 0x10, 0x00, 0x18, 0x00, 0x08, 0x00, 0x00, 0x00, 0x0C, 0x00, 0x00, 0x00, 0x04, 0x00,
  0x00, 0x00, 0x00, 0x00, 0x00, 0x00, 0x00, 0x00, 0x00, 0x00, 0x00, 0x00, 0x00, 0x00, 0x00, 0x00,
  0x00, 0x00, 0x00, 0x00, 0x00, 0x00, 0x00, 0x00, 0x00, 0x00, 0x00, 0x00, 0x04, 0x00, 0x00, 0x00,
  0x04, 0x00, 0x00, 0x00, 0x02, 0x00, 0x01, 0x80, 0x03, 0x00, 0x03, 0x00, 0x01, 0x00, 0x06, 0x00,
  0x00, 0x80, 0x0C, 0x00, 0x00, 0x40, 0x18, 0x00, 0x00, 0x60, 0x30, 0x00, 0x03, 0xF8, 0x60, 0x0C,
  0x0F, 0xFE, 0xC0, 0x0C, 0x1F, 0xFF, 0x80, 0x18, 0x1F, 0xFF, 0x80, 0x30, 0x1F, 0xFF, 0xFC, 0x30,
  0x1F, 0xFF, 0xFF, 0xF0, 0x1F, 0xFF, 0xFF, 0xF0, 0x0F, 0xFF, 0x80, 0x30, 0x01, 0xFC, 0x80, 0x30,
  0x00, 0xC0, 0xC0, 0x30, 0x01, 0x80, 0x40, 0x10, 0x03, 0x00, 0x20, 0x18, 0x06, 0x00, 0x30, 0x00,
  0x0C, 0x00, 0x10, 0x00, 0x18, 0x00, 0x08, 0x00, 0x10, 0x00, 0x0C, 0x00, 0x00, 0x00, 0x06, 0x00,
  0x00, 0x00, 0x00, 0x00, 0x00, 0x00, 0x00, 0x00, 0x00, 0x00, 0x00, 0x00, 0x00, 0x00, 0x00, 0x00,
  0x00, 0x00, 0x00, 0x00, 0x00, 0x00, 0x00, 0x00, 0x00, 0x00, 0x00, 0x00, 0x00, 0x00, 0x00, 0x00,
  0x04, 0x00, 0x00, 0x00, 0x06, 0x00, 0x01, 0x00, 0x03, 0x00, 0x03, 0x00, 0x01, 0x00, 0x06, 0x00,
  0x00, 0x80, 0x0C, 0x00, 0x00, 0xC0, 0x18, 0x00, 0x00, 0x40, 0x30, 0x00, 0x03, 0xF8, 0x60, 0x0C,
  0x0F, 0xFE, 0xC0, 0x18, 0x1F, 0xFF, 0x80, 0x18, 0x1F, 0xFF, 0x80, 0x30, 0x1F, 0xFF, 0xFE, 0x30,
  0x1F, 0xFF, 0xFF, 0xF0, 0x1F, 0xFF, 0xDF, 0xF0, 0x0F, 0xFF, 0x80, 0x30, 0x03, 0xFE, 0x80, 0x30,
  0x00, 0xC0, 0xC0, 0x30, 0x00, 0x80, 0x40, 0x18, 0x01, 0x00, 0x20, 0x18, 0x02, 0x00, 0x10, 0x00,
  0x04, 0x00, 0x18, 0x00, 0x08, 0x00, 0x08, 0x00, 0x10, 0x00, 0x04, 0x00, 0x00, 0x00, 0x06, 0x00,
  0x00, 0x00, 0x00, 0x00, 0x00, 0x00, 0x00, 0x00, 0x00, 0x00, 0x00, 0x00, 0x00, 0x00, 0x00, 0x00,
  0x00, 0x00, 0x00, 0x00, 0x00, 0x00, 0x00, 0x00, 0x00, 0x00, 0x00, 0x00, 0x00, 0x00, 0x00, 0x00,
  0x0C, 0x00, 0x00, 0x00, 0x04, 0x00, 0x01, 0x00, 0x02, 0x00, 0x02, 0x00, 0x01, 0x00, 0x04, 0x00,
  0x01, 0x80, 0x08, 0x00, 0x00, 0xC0, 0x10, 0x00, 0x00, 0x40, 0x30, 0x00, 0x01, 0xF8, 0x60, 0x0C,
  0x0F, 0xFE, 0xC0, 0x18, 0x1F, 0xFF, 0x80, 0x18, 0x1F, 0xFF, 0x80, 0x30, 0x1F, 0xFF, 0xFF, 0xF0,
  0x1F, 0xFF, 0xFF, 0xF0, 0x1F, 0xFF, 0xDF, 0xF0, 0x0F, 0xFF, 0x80, 0x30, 0x03, 0xFE, 0x80, 0x30,
  0x00, 0xE0, 0xC0, 0x10, 0x00, 0x80, 0x60, 0x18, 0x01, 0x00, 0x20, 0x18, 0x02, 0x00, 0x10, 0x00,
  0x04, 0x00, 0x18, 0x00, 0x0C, 0x00, 0x0C, 0x00, 0x18, 0x00, 0x04, 0x00, 0x00, 0x00, 0x02, 0x00,
  0x00, 0x00, 0x00, 0x00, 0x00, 0x00, 0x00, 0x00, 0x00, 0x00, 0x00, 0x00, 0x00, 0x00, 0x00, 0x00,
  0x00, 0x00, 0x00, 0x00, 0x00, 0x00, 0x00, 0x00, 0x00, 0x00, 0x00, 0x00, 0x00, 0x00, 0x00, 0x00,
  0x08, 0x00, 0x01, 0x00, 0x04, 0x00, 0x03, 0x00, 0x02, 0x00, 0x06, 0x00, 0x03, 0x00, 0x04, 0x00,
  0x01, 0x80, 0x08, 0x00, 0x00, 0x80, 0x10, 0x00, 0x00, 0x40, 0x20, 0x00, 0x01, 0xF8, 0x40, 0x18,
  0x0F, 0xFE, 0xC0, 0x18, 0x1F, 0xFF, 0x80, 0x10, 0x1F, 0xFF, 0x80, 0x30, 0x1F, 0xFF, 0xFF, 0xF0,
  0x1F, 0xFF, 0xFF, 0xF0, 0x1F, 0xFF, 0xC7, 0xF0, 0x0F, 0xFF, 0x80, 0x30, 0x03, 0xFE, 0x80, 0x30,
  0x00, 0xF0, 0xC0, 0x18, 0x00, 0x80, 0x60, 0x18, 0x01, 0x80, 0x20, 0x08, 0x03, 0x00, 0x10, 0x00,
  0x06, 0x00, 0x08, 0x00, 0x0C, 0x00, 0x0C, 0x00, 0x18, 0x00, 0x06, 0x00, 0x10, 0x00, 0x02, 0x00,
  0x00, 0x00, 0x00, 0x00, 0x00, 0x00, 0x00, 0x00, 0x00, 0x00, 0x00, 0x00, 0x00, 0x00, 0x00, 0x00,
  0x00, 0x00, 0x00, 0x00, 0x00, 0x00, 0x00, 0x00, 0x00, 0x00, 0x00, 0x00, 0x00, 0x00, 0x00, 0x00,
  0x08, 0x00, 0x01, 0x00, 0x0C, 0x00, 0x03, 0x00, 0x06, 0x00, 0x06, 0x00, 0x02, 0x00, 0x0C, 0x00,
  0x01, 0x00, 0x18, 0x00, 0x00, 0x80, 0x10, 0x00, 0x00, 0xC0, 0x20, 0x08, 0x01, 0xF0, 0x40, 0x18,
  0x0F, 0xFE, 0x80, 0x18, 0x1F, 0xFF, 0x80, 0x30, 0x1F, 0xFF, 0x80, 0x30, 0x1F, 0xFF, 0xFF, 0xF0,
  0x1F, 0xFF, 0xFF, 0xF0, 0x1F, 0xFF, 0xC0, 0x70, 0x1F, 0xFF, 0x80, 0x30, 0x07, 0xFE, 0x80, 0x30,
  0x00, 0xF0, 0x40, 0x18, 0x00, 0xC0, 0x60, 0x18, 0x01, 0x80, 0x30, 0x00, 0x03, 0x00, 0x10, 0x00,
  0x02, 0x00, 0x08, 0x00, 0x04, 0x00, 0x04, 0x00, 0x08, 0x00, 0x06, 0x00, 0x10, 0x00, 0x03, 0x00,
  0x00, 0x00, 0x00, 0x00, 0x00, 0x00, 0x00, 0x00, 0x00, 0x00, 0x00, 0x00, 0x00, 0x00, 0x00, 0x00,
  0x00, 0x00, 0x00, 0x00, 0x00, 0x00, 0x00, 0x00, 0x00, 0x00, 0x00, 0x00, 0x00, 0x00, 0x00, 0x00,
  0x08, 0x00, 0x01, 0x00, 0x0C, 0x00, 0x02, 0x00, 0x04, 0x00, 0x04, 0x00, 0x02, 0x00, 0x0C, 0x00,
  0x01, 0x00, 0x18, 0x00, 0x01, 0x80, 0x30, 0x00, 0x00, 0xC0, 0x20, 0x08, 0x00, 0xF0, 0x40, 0x18,
  0x07, 0xFE, 0x80, 0x18, 0x1F, 0xFF, 0x80, 0x30, 0x1F, 0xFF, 0x80, 0x30, 0x1F, 0xFF, 0xFF, 0xF0,
  0x1F, 0xFF, 0xFF, 0xF0, 0x1F, 0xFF, 0xC0, 0x30, 0x1F, 0xFF, 0x80, 0x30, 0x07, 0xFE, 0x80, 0x10,
  0x01, 0xF8, 0x40, 0x18, 0x00, 0xC0, 0x20, 0x08, 0x00, 0x80, 0x30, 0x00, 0x01, 0x00, 0x18, 0x00,
  0x02, 0x00, 0x0C, 0x00, 0x06, 0x00, 0x04, 0x00, 0x0C, 0x00, 0x02, 0x00, 0x08, 0x00, 0x01, 0x00,
  0x00, 0x00, 0x00, 0x00, 0x00, 0x00, 0x00, 0x00, 0x00, 0x00, 0x00, 0x00, 0x00, 0x00, 0x00, 0x00,
  0x00, 0x00, 0x00, 0x00, 0x00, 0x00, 0x00, 0x00, 0x00, 0x00, 0x00, 0x00, 0x00, 0x00, 0x00, 0x00,
  0x00, 0x00, 0x03, 0x00, 0x08, 0x00, 0x02, 0x00, 0x04, 0x00, 0x04, 0x00, 0x06, 0x00, 0x08, 0x00,
  0x03, 0x00, 0x18, 0x00, 0x01, 0x80, 0x30, 0x00, 0x00, 0xC0, 0x60, 0x18, 0x00, 0xF0, 0x40, 0x18,
  0x07, 0xFE, 0x80, 0x10, 0x0F, 0xFF, 0x80, 0x30, 0x1F, 0xFF, 0x80, 0x30, 0x1F, 0xFF, 0xFF, 0xF0,
  0x1F, 0xFF, 0xFF, 0xF0, 0x1F, 0xFF, 0xC0, 0x30, 0x1F, 0xFF, 0x80, 0x30, 0x0F, 0xFE, 0x80, 0x18,
  0x01, 0xF8, 0x40, 0x18, 0x00, 0x40, 0x20, 0x08, 0x00, 0x80, 0x30, 0x00, 0x01, 0x00, 0x18, 0x00,
  0x03, 0x00, 0x0C, 0x00, 0x06, 0x00, 0x06, 0x00, 0x04, 0x00, 0x03, 0x00, 0x08, 0x00, 0x01, 0x00,
  0x00, 0x00, 0x00, 0x00, 0x00, 0x00, 0x00, 0x00, 0x00, 0x00, 0x00, 0x00, 0x00, 0x00, 0x00, 0x00,
  0x00, 0x00, 0x00, 0x00, 0x00, 0x00, 0x00, 0x00, 0x00, 0x00, 0x00, 0x00, 0x00, 0x00, 0x00, 0x00,
  0x00, 0x00, 0x02, 0x00, 0x18, 0x00, 0x06, 0x00, 0x0C, 0x00, 0x0C, 0x00, 0x06, 0x00, 0x08, 0x00,
  0x03, 0x00, 0x10, 0x00, 0x01, 0x00, 0x30, 0x00, 0x00, 0x80, 0x60, 0x18, 0x00, 0xE0, 0x40, 0x18,
  0x03, 0xFE, 0x80, 0x30, 0x0F, 0xFF, 0x80, 0x30, 0x1F, 0xFF, 0x80, 0x70, 0x1F, 0xFF, 0xFF, 0xF0,
  0x1F, 0xFF, 0xFF, 0xF0, 0x1F, 0xFF, 0xC0, 0x30, 0x1F, 0xFF, 0x80, 0x30, 0x0F, 0xFE, 0x80, 0x18,
  0x01, 0xF8, 0x40, 0x18, 0x00, 0x40, 0x20, 0x08, 0x00, 0x80, 0x10, 0x00, 0x01, 0x80, 0x08, 0x00,
  0x03, 0x00, 0x0C, 0x00, 0x02, 0x00, 0x06, 0x00, 0x04, 0x00, 0x03, 0x00, 0x0C, 0x00, 0x01, 0x00,
  0x00, 0x00, 0x00, 0x00, 0x00, 0x00, 0x00, 0x00, 0x00, 0x00, 0x00, 0x00, 0x00, 0x00, 0x00, 0x00,
  0x00, 0x00, 0x00, 0x00, 0x00, 0x00, 0x00, 0x00, 0x00, 0x00, 0x00, 0x00, 0x00, 0x00, 0x00, 0x00,
  0x00, 0x00, 0x02, 0x00, 0x10, 0x00, 0x04, 0x00, 0x08, 0x00, 0x0C, 0x00, 0x04, 0x00, 0x18, 0x00,
  0x02, 0x00, 0x10, 0x00, 0x01, 0x00, 0x20, 0x08, 0x00, 0x80, 0x60, 0x18, 0x00, 0xC0, 0xC0, 0x10,
  0x03, 0xFC, 0x80, 0x30, 0x0F, 0xFF, 0x80, 0x30, 0x1F, 0xFF, 0x80, 0x70, 0x1F, 0xFF, 0xFF, 0xF0,
  0x1F, 0xFF, 0xFF, 0xF0, 0x1F, 0xFF, 0xC0, 0x30, 0x1F, 0xFF, 0x80, 0x10, 0x0F, 0xFE, 0xC0, 0x18,
  0x03, 0xF8, 0x40, 0x0C, 0x00, 0x40, 0x20, 0x00, 0x00, 0xC0, 0x10, 0x00, 0x01, 0x80, 0x08, 0x00,
  0x01, 0x00, 0x04, 0x00, 0x02, 0x00, 0x02, 0x00, 0x06, 0x00, 0x01, 0x00, 0x0C, 0x00, 0x00, 0x00,
  0x08, 0x00, 0x00, 0x00, 0x00, 0x00, 0x00, 0x00, 0x00, 0x00, 0x00, 0x00, 0x00, 0x00, 0x00, 0x00,
  0x00, 0x00, 0x00, 0x00, 0x00, 0x00, 0x00, 0x00, 0x00, 0x00, 0x00, 0x00, 0x00, 0x00, 0x00, 0x00,
  0x00, 0x00, 0x06, 0x00, 0x10, 0x00, 0x04, 0x00, 0x18, 0x00, 0x08, 0x00, 0x0C, 0x00, 0x18, 0x00,
  0x06, 0x00, 0x10, 0x00, 0x03, 0x00, 0x20, 0x18, 0x01, 0x80, 0x60, 0x18, 0x00, 0xC0, 0xC0, 0x10,
  0x03, 0xFC, 0x80, 0x30, 0x0F, 0xFF, 0x80, 0x30, 0x1F, 0xFF, 0x81, 0xF0, 0x1F, 0xFF, 0xFF, 0xF0,
  0x1F, 0xFF, 0xFF, 0xF0, 0x1F, 0xFF, 0xC0, 0x30, 0x1F, 0xFF, 0x80, 0x18, 0x0F, 0xFE, 0xC0, 0x18,
  0x03, 0xFC, 0x60, 0x0C, 0x00, 0x60, 0x30, 0x00, 0x00, 0xC0, 0x18, 0x00, 0x00, 0x80, 0x0C, 0x00,
  0x01, 0x00, 0x04, 0x00, 0x03, 0x00, 0x02, 0x00, 0x02, 0x00, 0x01, 0x00, 0x04, 0x00, 0x00, 0x00,
  0x08, 0x00, 0x00, 0x00, 0x00, 0x00, 0x00, 0x00, 0x00, 0x00, 0x00, 0x00, 0x00, 0x00, 0x00, 0x00,
  0x00, 0x00, 0x00, 0x00, 0x00, 0x00, 0x00, 0x00, 0x00, 0x00, 0x00, 0x00, 0x00, 0x00, 0x00, 0x00,
  0x00, 0x00, 0x06, 0x00, 0x10, 0x00, 0x04, 0x00, 0x18, 0x00, 0x08, 0x00, 0x0C, 0x00, 0x18, 0x00,
  0x06, 0x00, 0x30, 0x00, 0x03, 0x00, 0x20, 0x18, 0x01, 0x80, 0x40, 0x18, 0x00, 0xC0, 0xC0, 0x30,
  0x01, 0xFC, 0x80, 0x30, 0x07, 0xFF, 0x00, 0x30, 0x1F, 0xFF, 0x87, 0xF0, 0x1F, 0xFF, 0xFF, 0xF0,
  0x1F, 0xFF, 0xFF, 0xF0, 0x1F, 0xFF, 0xC0, 0x30, 0x1F, 0xFF, 0x80, 0x18, 0x0F, 0xFE, 0xC0, 0x18,
  0x07, 0xFC, 0x60, 0x0C, 0x00, 0x60, 0x30, 0x00, 0x00, 0x40, 0x18, 0x00, 0x00, 0x80, 0x0C, 0x00,
  0x01, 0x80, 0x06, 0x00, 0x01, 0x00, 0x03, 0x00, 0x02, 0x00, 0x01, 0x80, 0x06, 0x00, 0x00, 0x00,
  0x04, 0x00, 0x00, 0x00, 0x00, 0x00, 0x00, 0x00, 0x00, 0x00, 0x00, 0x00, 0x00, 0x00, 0x00, 0x00,
  0x00, 0x00, 0x00, 0x00, 0x00, 0x00, 0x00, 0x00, 0x00, 0x00, 0x00, 0x00, 0x00, 0x00, 0x00, 0x00,
  0x00, 0x00, 0x04, 0x00, 0x00, 0x00, 0x0C, 0x00, 0x10, 0x00, 0x08, 0x00, 0x08, 0x00, 0x10, 0x00,
  0x04, 0x00, 0x30, 0x00, 0x02, 0x00, 0x20, 0x18, 0x01, 0x00, 0x40, 0x10, 0x00, 0x80, 0xC0, 0x30,
  0x01, 0xFC, 0x80, 0x30, 0x07, 0xFF, 0x00, 0x30, 0x1F, 0xFF, 0x8F, 0xF0, 0x1F, 0xFF, 0xFF, 0xF0,
  0x1F, 0xFF, 0xFF, 0x30, 0x1F, 0xFF, 0xC0, 0x30, 0x1F, 0xFF, 0x80, 0x18, 0x1F, 0xFE, 0xC0, 0x0C,
  0x07, 0xFC, 0x60, 0x0C, 0x00, 0x60, 0x30, 0x00, 0x00, 0x40, 0x18, 0x00, 0x00, 0xC0, 0x0C, 0x00,
  0x00, 0x80, 0x06, 0x00, 0x01, 0x00, 0x03, 0x00, 0x03, 0x00, 0x01, 0x80, 0x06, 0x00, 0x00, 0x00,
  0x04, 0x00, 0x00, 0x00, 0x00, 0x00, 0x00, 0x00, 0x00, 0x00, 0x00, 0x00, 0x00, 0x00, 0x00, 0x00,
  0x00, 0x00, 0x00, 0x00, 0x00, 0x00, 0x00, 0x00, 0x00, 0x00, 0x00, 0x00, 0x00, 0x00, 0x04, 0x00,
  0x00, 0x00, 0x04, 0x00, 0x00, 0x00, 0x08, 0x00, 0x30, 0x00, 0x18, 0x00, 0x18, 0x00, 0x10, 0x00,
  0x0C, 0x00, 0x20, 0x00, 0x02, 0x00, 0x60, 0x18, 0x01, 0x00, 0x40, 0x30, 0x00, 0x80, 0xC0, 0x30,
  0x00, 0xFC, 0x80, 0x30, 0x07, 0xFF, 0x00, 0x70, 0x0F, 0xFF, 0xCF, 0xF0, 0x1F, 0xFF, 0xFF, 0xF0,
  0x1F, 0xFF, 0xFE, 0x30, 0x1F, 0xFF, 0xC0, 0x10, 0x1F, 0xFF, 0x80, 0x18, 0x1F, 0xFF, 0xC0, 0x0C,
  0x0F, 0xFC, 0x60, 0x04, 0x00, 0xE0, 0x30, 0x00, 0x00, 0x40, 0x18, 0x00, 0x00, 0xC0, 0x04, 0x00,
  0x00, 0x80, 0x02, 0x00, 0x01, 0x00, 0x01, 0x00, 0x03, 0x00, 0x00, 0x80, 0x02, 0x00, 0x00, 0x00,
  0x06, 0x00, 0x00, 0x00, 0x00, 0x00, 0x00, 0x00, 0x00, 0x00, 0x00, 0x00, 0x00, 0x00, 0x00, 0x00,
  0x00, 0x00, 0x00, 0x00, 0x00, 0x00, 0x00, 0x00, 0x00, 0x00, 0x00, 0x00, 0x00, 0x00, 0x04, 0x00,
  0x00, 0x00, 0x0C, 0x00, 0x00, 0x00, 0x08, 0x00, 0x30, 0x00, 0x18, 0x00, 0x18, 0x00, 0x10, 0x00,
  0x0C, 0x00, 0x20, 0x10, 0x06, 0x00, 0x60, 0x10, 0x03, 0x00, 0x40, 0x30, 0x01, 0x80, 0x80, 0x30,
  0x00, 0xFD, 0x80, 0x20, 0x03, 0xFF, 0x00, 0x70, 0x0F, 0xFF, 0xDF, 0xF0, 0x1F, 0xFF, 0xFF, 0xF0,
  0x1F, 0xFF, 0xFC, 0x30, 0x1F, 0xFF, 0xC0, 0x18, 0x1F, 0xFF, 0x80, 0x18, 0x1F, 0xFF, 0xC0, 0x0C,
  0x0F, 0xFC, 0x60, 0x00, 0x01, 0xE0, 0x10, 0x00, 0x00, 0x60, 0x08, 0x00, 0x00, 0x40, 0x04, 0x00,
  0x00, 0x80, 0x03, 0x00, 0x01, 0x80, 0x01, 0x80, 0x01, 0x00, 0x00, 0x80, 0x02, 0x00, 0x00, 0x00,
  0x06, 0x00, 0x00, 0x00, 0x00, 0x00, 0x00, 0x00, 0x00, 0x00, 0x00, 0x00, 0x00, 0x00, 0x00, 0x00,
  0x00, 0x00, 0x00, 0x00, 0x00, 0x00, 0x00, 0x00, 0x00, 0x00, 0x00, 0x00, 0x00, 0x00, 0x04, 0x00,
  0x00, 0x00, 0x0C, 0x00, 0x00, 0x00, 0x08, 0x00, 0x20, 0x00, 0x10, 0x00, 0x10, 0x00, 0x30, 0x00,
  0x08, 0x00, 0x20, 0x10, 0x06, 0x00, 0x60, 0x30, 0x03, 0x00, 0x40, 0x30, 0x01, 0x80, 0x80, 0x30,
  0x00, 0xFD, 0x80, 0x20, 0x03, 0xFF, 0x00, 0x70, 0x0F, 0xFF, 0xDF, 0xF0, 0x1F, 0xFF, 0xFF, 0xF0,
  0x1F, 0xFF, 0xF8, 0x30, 0x1F, 0xFF, 0xC0, 0x18, 0x1F, 0xFF, 0x80, 0x1C, 0x1F, 0xFF, 0xC0, 0x0C,
  0x0F, 0xFC, 0x20, 0x00, 0x01, 0xF0, 0x10, 0x00, 0x00, 0x60, 0x0C, 0x00, 0x00, 0x40, 0x06, 0x00,
  0x00, 0xC0, 0x03, 0x00, 0x00, 0x80, 0x01, 0x80, 0x01, 0x00, 0x00, 0x80, 0x03, 0x00, 0x00, 0x00,
  0x02, 0x00, 0x00, 0x00, 0x00, 0x00, 0x00, 0x00, 0x00, 0x00, 0x00, 0x00, 0x00, 0x00, 0x00, 0x00,
  0x00, 0x00, 0x00, 0x00, 0x00, 0x00, 0x00, 0x00, 0x00, 0x00, 0x00, 0x00, 0x00, 0x00, 0x04, 0x00,
  0x00, 0x00, 0x08, 0x00, 0x00, 0x00, 0x18, 0x00, 0x20, 0x00, 0x10, 0x00, 0x30, 0x00, 0x30, 0x00,
  0x18, 0x00, 0x20, 0x10, 0x04, 0x00, 0x40, 0x30, 0x02, 0x00, 0xC0, 0x30, 0x01, 0x80, 0x80, 0x20,
  0x00, 0xF9, 0x80, 0x20, 0x03, 0xFF, 0x00, 0xE0, 0x0F, 0xFF, 0xDF, 0xF0, 0x1F, 0xFF, 0xFF, 0xF0,
  0x1F, 0xFF, 0xF8, 0x30, 0x1F, 0xFF, 0xC0, 0x18, 0x1F, 0xFF, 0x80, 0x0C, 0x1F, 0xFF, 0x40, 0x0C,
  0x0F, 0xFC, 0x20, 0x00, 0x03, 0xF0, 0x18, 0x00, 0x00, 0x20, 0x0C, 0x00, 0x00, 0x40, 0x06, 0x00,
  0x00, 0xC0, 0x03, 0x00, 0x00, 0x80, 0x00, 0x80, 0x01, 0x80, 0x00, 0x00, 0x01, 0x00, 0x00, 0x00,
  0x02, 0x00, 0x00, 0x00, 0x02, 0x00, 0x00, 0x00, 0x00, 0x00, 0x00, 0x00, 0x00, 0x00, 0x00, 0x00,
  0x00, 0x00, 0x00, 0x00, 0x00, 0x00, 0x00, 0x00, 0x00, 0x00, 0x00, 0x00, 0x00, 0x00, 0x08, 0x00,
  0x00, 0x00, 0x08, 0x00, 0x00, 0x00, 0x10, 0x00, 0x00, 0x00, 0x10, 0x00, 0x20, 0x00, 0x20, 0x00,
  0x18, 0x00, 0x60, 0x30, 0x0C, 0x00, 0x40, 0x30, 0x06, 0x00, 0xC0, 0x30, 0x01, 0x00, 0x80, 0x20,
  0x00, 0xF9, 0x80, 0x60, 0x03, 0xFF, 0x00, 0xE0, 0x07, 0xFF, 0xFF, 0xF0, 0x1F, 0xFF, 0xFF, 0xF0,
  0x1F, 0xFF, 0xF0, 0x30, 0x1F, 0xFF, 0xC0, 0x18, 0x1F, 0xFF, 0x80, 0x0C, 0x1F, 0xFF, 0x40, 0x04,
  0x0F, 0xFE, 0x30, 0x00, 0x07, 0xF0, 0x18, 0x00, 0x00, 0x20, 0x0C, 0x00, 0x00, 0x60, 0x06, 0x00,
  0x00, 0x40, 0x01, 0x80, 0x00, 0x80, 0x00, 0xC0, 0x00, 0x80, 0x00, 0x00, 0x01, 0x00, 0x00, 0x00,
  0x03, 0x00, 0x00, 0x00, 0x02, 0x00, 0x00, 0x00, 0x00, 0x00, 0x00, 0x00, 0x00, 0x00, 0x00, 0x00,
  0x00, 0x00, 0x00, 0x00, 0x00, 0x00, 0x00, 0x00, 0x00, 0x00, 0x00, 0x00, 0x00, 0x00, 0x08, 0x00,
  0x00, 0x00, 0x18, 0x00, 0x00, 0x00, 0x10, 0x00, 0x00, 0x00, 0x30, 0x00, 0x20, 0x00, 0x20, 0x00,
  0x30, 0x00, 0x60, 0x30, 0x0C, 0x00, 0x40, 0x30, 0x06, 0x00, 0xC0, 0x20, 0x03, 0x00, 0x80, 0x20,
  0x00, 0xF9, 0x80, 0x60, 0x01, 0xFF, 0x01, 0xE0, 0x07, 0xFF, 0xFF, 0xF0, 0x0F, 0xFF, 0xFF, 0xB0,
  0x1F, 0xFF, 0xF0, 0x18, 0x1F, 0xFF, 0xC0, 0x18, 0x1F, 0xFF, 0x80, 0x0C, 0x1F, 0xFF, 0x40, 0x00,
  0x0F, 0xFE, 0x30, 0x00, 0x07, 0xF8, 0x18, 0x00, 0x00, 0x20, 0x0C, 0x00, 0x00, 0x60, 0x03, 0x00,
  0x00, 0x40, 0x01, 0x80, 0x00, 0xC0, 0x00, 0xC0, 0x00, 0x80, 0x00, 0x00, 0x01, 0x80, 0x00, 0x00,
  0x01, 0x00, 0x00, 0x00, 0x03, 0x00, 0x00, 0x00, 0x00, 0x00, 0x00, 0x00, 0x00, 0x00, 0x00, 0x00,
  0x00, 0x00, 0x00, 0x00, 0x00, 0x00, 0x00, 0x00, 0x00, 0x00, 0x00, 0x00, 0x00, 0x00, 0x08, 0x00,
  0x00, 0x00, 0x18, 0x00, 0x00, 0x00, 0x10, 0x00, 0x00, 0x00, 0x30, 0x00, 0x60, 0x00, 0x20, 0x10,
  0x30, 0x00, 0x60, 0x30, 0x18, 0x00, 0x40, 0x20, 0x06, 0x00, 0x80, 0x20, 0x03, 0x00, 0x80, 0x60,
  0x01, 0x91, 0x00, 0x60, 0x01, 0xFF, 0x03, 0xE0, 0x07, 0xFF, 0xFF, 0xF0, 0x0F, 0xFF, 0xFF, 0x30,
  0x1F, 0xFF, 0xF0, 0x18, 0x1F, 0xFF, 0xC0, 0x1C, 0x1F, 0xFF, 0x80, 0x0C, 0x1F, 0xFF, 0x60, 0x00,
  0x0F, 0xFE, 0x30, 0x00, 0x0F, 0xF8, 0x18, 0x00, 0x00, 0x20, 0x06, 0x00, 0x00, 0x20, 0x03, 0x00,
  0x00, 0x40, 0x01, 0x80, 0x00, 0x40, 0x00, 0x40, 0x00, 0x80, 0x00, 0x00, 0x00, 0x80, 0x00, 0x00,
  0x01, 0x00, 0x00, 0x00, 0x01, 0x00, 0x00, 0x00, 0x00, 0x00, 0x00, 0x00, 0x00, 0x00, 0x00, 0x00,
  0x00, 0x00, 0x00, 0x00, 0x00, 0x00, 0x00, 0x00, 0x00, 0x00, 0x00, 0x00, 0x00, 0x00, 0x18, 0x00,
  0x00, 0x00, 0x10, 0x00, 0x00, 0x00, 0x10, 0x00, 0x00, 0x00, 0x20, 0x00, 0x40, 0x00, 0x20, 0x30,
  0x30, 0x00, 0x40, 0x30, 0x18, 0x00, 0x40, 0x20, 0x0C, 0x00, 0x80, 0x60, 0x03, 0x00, 0x80, 0x60,
  0x01, 0x81, 0x00, 0x60, 0x01, 0xFF, 0x03, 0xE0, 0x03, 0xFF, 0xFF, 0xF0, 0x0F, 0xFF, 0xFF, 0x30,
  0x1F, 0xFF, 0xE0, 0x18, 0x1F, 0xFF, 0xC0, 0x0C, 0x1F, 0xFF, 0x80, 0x0C, 0x1F, 0xFF, 0x60, 0x00,
  0x0F, 0xFE, 0x30, 0x00, 0x0F, 0xF8, 0x08, 0x00, 0x00, 0x30, 0x06, 0x00, 0x00, 0x20, 0x03, 0x00,
  0x00, 0x60, 0x00, 0xC0, 0x00, 0x40, 0x00, 0x40, 0x00, 0xC0, 0x00, 0x00, 0x00, 0x80, 0x00, 0x00,
  0x01, 0x80, 0x00, 0x00, 0x01, 0x00, 0x00, 0x00, 0x00, 0x00, 0x00, 0x00, 0x00, 0x00, 0x00, 0x00,
  0x00, 0x00, 0x00, 0x00, 0x00, 0x00, 0x00, 0x00, 0x00, 0x00, 0x00, 0x00, 0x00, 0x00, 0x18, 0x00,
  0x00, 0x00, 0x10, 0x00, 0x00, 0x00, 0x30, 0x00, 0x00, 0x00, 0x20, 0x00, 0x00, 0x00, 0x60, 0x30,
  0x60, 0x00, 0x40, 0x20, 0x10, 0x00, 0xC0, 0x20, 0x0C, 0x00, 0x80, 0x60, 0x06, 0x00, 0x80, 0x60,
  0x01, 0x81, 0x00, 0x60, 0x01, 0xFF, 0x07, 0xF0, 0x03, 0xFF, 0xFF, 0xF0, 0x0F, 0xFF, 0xFE, 0x30,
  0x1F, 0xFF, 0xE0, 0x18, 0x1F, 0xFF, 0xC0, 0x0C, 0x1F, 0xFF, 0x80, 0x04, 0x1F, 0xFF, 0x60, 0x00,
  0x0F, 0xFE, 0x30, 0x00, 0x0F, 0xF8, 0x0C, 0x00, 0x00, 0xF0, 0x06, 0x00, 0x00, 0x20, 0x01, 0x80,
  0x00, 0x60, 0x00, 0xC0, 0x00, 0x40, 0x00, 0x40, 0x00, 0x40, 0x00, 0x00, 0x00, 0x80, 0x00, 0x00,
  0x00, 0x80, 0x00, 0x00, 0x01, 0x00, 0x00, 0x00, 0x01, 0x00, 0x00, 0x00, 0x00, 0x00, 0x00, 0x00,
  0x00, 0x00, 0x00, 0x00, 0x00, 0x00, 0x00, 0x00, 0x00, 0x00, 0x00, 0x00, 0x00, 0x00, 0x10, 0x00,
  0x00, 0x00, 0x10, 0x00, 0x00, 0x00, 0x20, 0x00, 0x00, 0x00, 0x20, 0x00, 0x00, 0x00, 0x60, 0x20,
  0x60, 0x00, 0x40, 0x60, 0x30, 0x00, 0xC0, 0x60, 0x0C, 0x00, 0x80, 0x60, 0x06, 0x01, 0x80, 0x60,
  0x01, 0x01, 0x00, 0xE0, 0x01, 0xFF, 0x07, 0xF0, 0x03, 0xFF, 0xFF, 0xF0, 0x07, 0xFF, 0xFE, 0x38,
  0x1F, 0xFF, 0xE0, 0x18, 0x1F, 0xFF, 0xC0, 0x0C, 0x1F, 0xFF, 0xC0, 0x00, 0x1F, 0xFF, 0x60, 0x00,
  0x0F, 0xFE, 0x30, 0x00, 0x0F, 0xFC, 0x0C, 0x00, 0x03, 0xF0, 0x06, 0x00, 0x00, 0x20, 0x01, 0x80,
  0x00, 0x20, 0x00, 0xC0, 0x00, 0x60, 0x00, 0x00, 0x00, 0x40, 0x00, 0x00, 0x00, 0xC0, 0x00, 0x00,
  0x00, 0x80, 0x00, 0x00, 0x01, 0x80, 0x00, 0x00, 0x01, 0x00, 0x00, 0x00, 0x00, 0x00, 0x00, 0x00,
  0x00, 0x00, 0x00, 0x00, 0x00, 0x00, 0x00, 0x00, 0x00, 0x00, 0x00, 0x00, 0x00, 0x00, 0x10, 0x00,
  0x00, 0x00, 0x30, 0x00, 0x00, 0x00, 0x20, 0x00, 0x00, 0x00, 0x60, 0x00, 0x00, 0x00, 0x40, 0x60,
  0x40, 0x00, 0x40, 0x60, 0x30, 0x00, 0x80, 0x60, 0x18, 0x00, 0x80, 0x60, 0x06, 0x01, 0x80, 0x60,
  0x03, 0x01, 0x00, 0xE0, 0x01, 0xFF, 0x07, 0xF0, 0x03, 0xFF, 0xFF, 0xF0, 0x07, 0xFF, 0xFC, 0x18,
  0x0F, 0xFF, 0xE0, 0x1C, 0x1F, 0xFF, 0xC0, 0x0C, 0x1F, 0xFF, 0xC0, 0x00, 0x1F, 0xFF, 0x60, 0x00,
  0x0F, 0xFE, 0x18, 0x00, 0x0F, 0xFC, 0x0C, 0x00, 0x07, 0xF0, 0x03, 0x00, 0x00, 0x30, 0x01, 0x80,
  0x00, 0x20, 0x00, 0x60, 0x00, 0x60, 0x00, 0x00, 0x00, 0x40, 0x00, 0x00, 0x00, 0x40, 0x00, 0x00,
  0x00, 0x80, 0x00, 0x00, 0x00, 0x80, 0x00, 0x00, 0x01, 0x80, 0x00, 0x00, 0x00, 0x00, 0x00, 0x00,
  0x00, 0x00, 0x00, 0x00, 0x00, 0x00, 0x00, 0x00, 0x00, 0x00, 0x10, 0x00, 0x00, 0x00, 0x10, 0x00,
  0x00, 0x00, 0x20, 0x00, 0x00, 0x00, 0x20, 0x00, 0x00, 0x00, 0x60, 0x20, 0x00, 0x00, 0x40, 0x60,
  0x40, 0x00, 0xC0, 0x60, 0x60, 0x00, 0x80, 0x60, 0x18, 0x00, 0x80, 0x60, 0x0C, 0x01, 0x80, 0x60,
  0x03, 0x01, 0x01, 0xE0, 0x01, 0xFF, 0x0F, 0xF0, 0x03, 0xFF, 0xFF, 0xB0, 0x07, 0xFF, 0xFC, 0x18,
  0x0F, 0xFF, 0xE0, 0x0C, 0x1F, 0xFF, 0xC0, 0x0C, 0x1F, 0xFF, 0xC0, 0x00, 0x1F, 0xFF, 0x60, 0x00,
  0x1F, 0xFE, 0x18, 0x00, 0x0F, 0xFC, 0x0C, 0x00, 0x07, 0xF0, 0x03, 0x00, 0x00, 0x10, 0x01, 0xC0,
  0x00, 0x20, 0x00, 0x60, 0x00, 0x20, 0x00, 0x00, 0x00, 0x60, 0x00, 0x00, 0x00, 0x40, 0x00, 0x00,
  0x00, 0xC0, 0x00, 0x00, 0x00, 0x80, 0x00, 0x00, 0x00, 0x80, 0x00, 0x00, 0x00, 0x00, 0x00, 0x00,
  0x00, 0x00, 0x00, 0x00, 0x00, 0x00, 0x00, 0x00, 0x00, 0x00, 0x00, 0x00, 0x00, 0x00, 0x30, 0x00,
  0x00, 0x00, 0x20, 0x00, 0x00, 0x00, 0x20, 0x00, 0x00, 0x00, 0x40, 0x20, 0x00, 0x00, 0x40, 0x60,
  0x00, 0x00, 0xC0, 0x60, 0x60, 0x00, 0x80, 0x60, 0x30, 0x00, 0x80, 0x60, 0x0C, 0x01, 0x00, 0x60,
  0x07, 0x01, 0x01, 0xE0, 0x01, 0xFF, 0x0F, 0xF0, 0x01, 0xFF, 0xFF, 0x30, 0x07, 0xFF, 0xFC, 0x18,
  0x0F, 0xFF, 0xE0, 0x0C, 0x1F, 0xFF, 0xC0, 0x04, 0x1F, 0xFF, 0xC0, 0x00, 0x1F, 0xFF, 0x60, 0x00,
  0x1F, 0xFE, 0x18, 0x00, 0x0F, 0xFC, 0x06, 0x00, 0x07, 0xF0, 0x03, 0x00, 0x00, 0x10, 0x00, 0xC0,
  0x00, 0x30, 0x00, 0x60, 0x00, 0x20, 0x00, 0x00, 0x00, 0x60, 0x00, 0x00, 0x00, 0x40, 0x00, 0x00,
  0x00, 0x40, 0x00, 0x00, 0x00, 0xC0, 0x00, 0x00, 0x00, 0x80, 0x00, 0x00, 0x00, 0x00, 0x00, 0x00,
  0x00, 0x00, 0x00, 0x00, 0x00, 0x00, 0x00, 0x00, 0x00, 0x00, 0x00, 0x00, 0x00, 0x00, 0x20, 0x00,
  0x00, 0x00, 0x20, 0x00, 0x00, 0x00, 0x60, 0x00, 0x00, 0x00, 0x40, 0x60, 0x00, 0x00, 0x40, 0x60,
  0x00, 0x00, 0xC0, 0x60, 0xC0, 0x00, 0x80, 0x40, 0x30, 0x00, 0x80, 0x60, 0x1C, 0x01, 0x00, 0x60,
  0x06, 0x01, 0x01, 0xE0, 0x01, 0xFF, 0x0F, 0xF0, 0x01, 0xFF, 0xFF, 0x30, 0x03, 0xFF, 0xF8, 0x18,
  0x0F, 0xFF, 0xE0, 0x0C, 0x1F, 0xFF, 0xC0, 0x04, 0x1F, 0xFF, 0xC0, 0x00, 0x1F, 0xFF, 0x70, 0x00,
  0x1F, 0xFE, 0x18, 0x00, 0x0F, 0xFC, 0x06, 0x00, 0x07, 0xF8, 0x03, 0x80, 0x00, 0x10, 0x00, 0xE0,
  0x00, 0x30, 0x00, 0x20, 0x00, 0x20, 0x00, 0x00, 0x00, 0x20, 0x00, 0x00, 0x00, 0x60, 0x00, 0x00,
  0x00, 0x40, 0x00, 0x00, 0x00, 0x40, 0x00, 0x00, 0x00, 0xC0, 0x00, 0x00, 0x00, 0x00, 0x00, 0x00,
  0x00, 0x00, 0x00, 0x00, 0x00, 0x00, 0x00, 0x00, 0x00, 0x00, 0x20, 0x00, 0x00, 0x00, 0x20, 0x00,
  0x00, 0x00, 0x60, 0x00, 0x00, 0x00, 0x40, 0x00, 0x00, 0x00, 0x40, 0x60, 0x00, 0x00, 0xC0, 0x60,
  0x00, 0x00, 0x80, 0x40, 0xC0, 0x00, 0x80, 0x40, 0x60, 0x01, 0x80, 0x40, 0x18, 0x01, 0x00, 0xE0,
  0x06, 0x01, 0x03, 0xE0, 0x01, 0xFF, 0x0F, 0xF0, 0x01, 0xFF, 0xFF, 0x38, 0x03, 0xFF, 0xF8, 0x1C,
  0x07, 0xFF, 0xE0, 0x0C, 0x0F, 0xFF, 0xC0, 0x00, 0x1F, 0xFF, 0xC0, 0x00, 0x1F, 0xFF, 0x70, 0x00,
  0x0F, 0xFF, 0x1C, 0x00, 0x0F, 0xFC, 0x06, 0x00, 0x07, 0xF8, 0x01, 0x80, 0x00, 0x10, 0x00, 0x60,
  0x00, 0x10, 0x00, 0x20, 0x00, 0x30, 0x00, 0x00, 0x00, 0x20, 0x00, 0x00, 0x00, 0x20, 0x00, 0x00,
  0x00, 0x60, 0x00, 0x00, 0x00, 0x40, 0x00, 0x00, 0x00, 0x40, 0x00, 0x00, 0x00, 0x00, 0x00, 0x00,
  0x00, 0x00, 0x00, 0x00, 0x00, 0x00, 0x00, 0x00, 0x00, 0x00, 0x20, 0x00, 0x00, 0x00, 0x20, 0x00,
  0x00, 0x00, 0x60, 0x00, 0x00, 0x00, 0x40, 0x00, 0x00, 0x00, 0x40, 0x40, 0x00, 0x00, 0xC0, 0x40,
  0x00, 0x00, 0x80, 0x40, 0x80, 0x00, 0x80, 0x40, 0xE0, 0x01, 0x80, 0x40, 0x38, 0x01, 0x00, 0xE0,
  0x0E, 0x01, 0x03, 0xE0, 0x03, 0xBF, 0x1F, 0xF0, 0x01, 0xFF, 0xFE, 0x38, 0x03, 0xFF, 0xF8, 0x1C,
  0x07, 0xFF, 0xE0, 0x0C, 0x0F, 0xFF, 0xC0, 0x00, 0x1F, 0xFF, 0xC0, 0x00, 0x1F, 0xFF, 0xB0, 0x00,
  0x0F, 0xFF, 0x1C, 0x00, 0x0F, 0xFC, 0x07, 0x00, 0x07, 0xF8, 0x01, 0xC0, 0x02, 0x10, 0x00, 0x60,
  0x00, 0x10, 0x00, 0x00, 0x00, 0x30, 0x00, 0x00, 0x00, 0x20, 0x00, 0x00, 0x00, 0x20, 0x00, 0x00,
  0x00, 0x20, 0x00, 0x00, 0x00, 0x40, 0x00, 0x00, 0x00, 0x40, 0x00, 0x00, 0x00, 0x40, 0x00, 0x00,
  0x00, 0x00, 0x00, 0x00, 0x00, 0x00, 0x00, 0x00, 0x00, 0x00, 0x20, 0x00, 0x00, 0x00, 0x60, 0x00,
  0x00, 0x00, 0x40, 0x00, 0x00, 0x00, 0x40, 0x00, 0x00, 0x00, 0xC0, 0x40, 0x00, 0x00, 0x80, 0xC0,
  0x00, 0x00, 0x80, 0x40, 0x00, 0x00, 0x80, 0xC0, 0xC0, 0x01, 0x00, 0x40, 0x30, 0x01, 0x00, 0xE0,
  0x0C, 0x01, 0x03, 0xE0, 0x03, 0x3F, 0x1F, 0xF0, 0x01, 0xFF, 0xFE, 0x18, 0x03, 0xFF, 0xF8, 0x0C,
  0x07, 0xFF, 0xC0, 0x04, 0x0F, 0xFF, 0xC0, 0x00, 0x1F, 0xFF, 0xC0, 0x00, 0x1F, 0xFF, 0xB0, 0x00,
  0x0F, 0xFF, 0x0C, 0x00, 0x0F, 0xFE, 0x03, 0x00, 0x07, 0xF8, 0x01, 0xC0, 0x03, 0xD0, 0x00, 0x70,
  0x00, 0x10, 0x00, 0x00, 0x00, 0x10, 0x00, 0x00, 0x00, 0x30, 0x00, 0x00, 0x00, 0x20, 0x00, 0x00,
  0x00, 0x20, 0x00, 0x00, 0x00, 0x60, 0x00, 0x00, 0x00, 0x40, 0x00, 0x00, 0x00, 0x40, 0x00, 0x00,
  0x00, 0x00, 0x00, 0x00, 0x00, 0x00, 0x00, 0x00, 0x00, 0x00, 0x40, 0x00, 0x00, 0x00, 0x40, 0x00,
  0x00, 0x00, 0x40, 0x00, 0x00, 0x00, 0x40, 0x40, 0x00, 0x00, 0xC0, 0xC0, 0x00, 0x00, 0x80, 0xC0,
  0x00, 0x00, 0x80, 0xC0, 0x00, 0x01, 0x80, 0xC0, 0xC0, 0x01, 0x00, 0xC0, 0x70, 0x01, 0x00, 0xE0,
  0x1C, 0x01, 0x07, 0xE0, 0x07, 0x3F, 0x1F, 0xB0, 0x01, 0xFF, 0xFE, 0x18, 0x03, 0xFF, 0xF0, 0x0C,
  0x07, 0xFF, 0xC0, 0x04, 0x0F, 0xFF, 0xC0, 0x00, 0x0F, 0xFF, 0xC0, 0x00, 0x1F, 0xFF, 0xB0, 0x00,
  0x0F, 0xFF, 0x0C, 0x00, 0x0F, 0xFE, 0x03, 0x00, 0x07, 0xF8, 0x00, 0xE0, 0x03, 0xD8, 0x00, 0x30,
  0x00, 0x10, 0x00, 0x00, 0x00, 0x10, 0x00, 0x00, 0x00, 0x10, 0x00, 0x00, 0x00, 0x30, 0x00, 0x00,
  0x00, 0x20, 0x00, 0x00, 0x00, 0x20, 0x00, 0x00, 0x00, 0x60, 0x00, 0x00, 0x00, 0x40, 0x00, 0x00,
  0x00, 0x00, 0x00, 0x00, 0x00, 0x00, 0x00, 0x00, 0x00, 0x00, 0x40, 0x00, 0x00, 0x00, 0x40, 0x00,
  0x00, 0x00, 0x40, 0x00, 0x00, 0x00, 0xC0, 0x40, 0x00, 0x00, 0x80, 0xC0, 0x00, 0x00, 0x80, 0xC0,
  0x00, 0x00, 0x80, 0xC0, 0x00, 0x01, 0x80, 0xC0, 0x80, 0x01, 0x00, 0xC0, 0x60, 0x01, 0x01, 0xE0,
  0x1C, 0x01, 0x07, 0xE0, 0x07, 0x1F, 0x1F, 0x30, 0x01, 0xFF, 0xFC, 0x18, 0x01, 0xFF, 0xF0, 0x0C,
  0x03, 0xFF, 0xC0, 0x00, 0x07, 0xFF, 0xC0, 0x00, 0x0F, 0xFF, 0xC0, 0x00, 0x1F, 0xFF, 0xB8, 0x00,
  0x0F, 0xFF, 0x0E, 0x00, 0x0F, 0xFE, 0x03, 0x80, 0x0F, 0xF8, 0x00, 0xE0, 0x07, 0xF8, 0x00, 0x30,
  0x00, 0x18, 0x00, 0x00, 0x00, 0x10, 0x00, 0x00, 0x00, 0x10, 0x00, 0x00, 0x00, 0x10, 0x00, 0x00,
  0x00, 0x20, 0x00, 0x00, 0x00, 0x20, 0x00, 0x00, 0x00, 0x20, 0x00, 0x00, 0x00, 0x20, 0x00, 0x00,
  0x00, 0x00, 0x00, 0x00, 0x00, 0x00, 0x00, 0x00, 0x00, 0x00, 0x40, 0x00, 0x00, 0x00, 0x40, 0x00,
  0x00, 0x00, 0xC0, 0x00, 0x00, 0x00, 0x80, 0xC0, 0x00, 0x00, 0x80, 0xC0, 0x00, 0x00, 0x80, 0xC0,
  0x00, 0x01, 0x80, 0xC0, 0x00, 0x01, 0x00, 0xC0, 0x00, 0x01, 0x00, 0xC0, 0xE0, 0x01, 0x01, 0xE0,
  0x38, 0x03, 0x07, 0xE0, 0x0E, 0x1F, 0x1F, 0x30, 0x01, 0xFF, 0xFC, 0x1C, 0x01, 0xFF, 0xF0, 0x0C,
  0x03, 0xFF, 0xC0, 0x00, 0x07, 0xFF, 0xC0, 0x00, 0x0F, 0xFF, 0xE0, 0x00, 0x0F, 0xFF, 0xB8, 0x00,
  0x0F, 0xFF, 0x0E, 0x00, 0x0F, 0xFE, 0x03, 0x80, 0x0F, 0xFC, 0x00, 0x70, 0x07, 0xF8, 0x00, 0x10,
  0x00, 0x08, 0x00, 0x00, 0x00, 0x10, 0x00, 0x00, 0x00, 0x10, 0x00, 0x00, 0x00, 0x10, 0x00, 0x00,
  0x00, 0x30, 0x00, 0x00, 0x00, 0x20, 0x00, 0x00, 0x00, 0x20, 0x00, 0x00, 0x00, 0x20, 0x00, 0x00,
  0x00, 0x00, 0x00, 0x00, 0x00, 0x00, 0x00, 0x00, 0x00, 0x00, 0x40, 0x00, 0x00, 0x00, 0xC0, 0x00,
  0x00, 0x00, 0x80, 0x00, 0x00, 0x00, 0x80, 0xC0, 0x00, 0x00, 0x80, 0xC0, 0x00, 0x00, 0x80, 0xC0,
  0x00, 0x01, 0x80, 0xC0, 0x00, 0x01, 0x00, 0xC0, 0x00, 0x01, 0x00, 0xC0, 0xC0, 0x01, 0x01, 0xE0,
  0x38, 0x03, 0x07, 0xF0, 0x0E, 0x0F, 0x1F, 0x38, 0x03, 0xFF, 0xFC, 0x1C, 0x01, 0xFF, 0xF0, 0x04,
  0x03, 0xFF, 0xC0, 0x00, 0x07, 0xFF, 0xC0, 0x00, 0x0F, 0xFF, 0xE0, 0x00, 0x0F, 0xFF, 0xB8, 0x00,
  0x0F, 0xFF, 0x0E, 0x00, 0x0F, 0xFE, 0x01, 0xC0, 0x0F, 0xFC, 0x00, 0x70, 0x07, 0xF8, 0x00, 0x00,
  0x00, 0x08, 0x00, 0x00, 0x00, 0x18, 0x00, 0x00, 0x00, 0x10, 0x00, 0x00, 0x00, 0x10, 0x00, 0x00,
  0x00, 0x10, 0x00, 0x00, 0x00, 0x10, 0x00, 0x00, 0x00, 0x30, 0x00, 0x00, 0x00, 0x20, 0x00, 0x00,
  0x00, 0x00, 0x00, 0x00, 0x00, 0x00, 0x00, 0x00, 0x00, 0x00, 0xC0, 0x00, 0x00, 0x00, 0xC0, 0x00,
  0x00, 0x00, 0x80, 0x00, 0x00, 0x00, 0x80, 0x80, 0x00, 0x00, 0x80, 0x80, 0x00, 0x01, 0x80, 0x80,
  0x00, 0x01, 0x00, 0x80, 0x00, 0x01, 0x00, 0xC0, 0x00, 0x01, 0x00, 0xC0, 0xC0, 0x01, 0x03, 0xE0,
  0x70, 0x03, 0x0F, 0xF0, 0x1C, 0x0F, 0x1F, 0x38, 0x03, 0xFF, 0xFC, 0x0C, 0x01, 0xFF, 0xF0, 0x04,
  0x03, 0xFF, 0xC0, 0x00, 0x07, 0xFF, 0xC0, 0x00, 0x0F, 0xFF, 0xE0, 0x00, 0x0F, 0xFF, 0xB8, 0x00,
  0x0F, 0xFF, 0x07, 0x00, 0x0F, 0xFE, 0x01, 0xC0, 0x0F, 0xFC, 0x00, 0x30, 0x07, 0xF8, 0x00, 0x00,
  0x00, 0x08, 0x00, 0x00, 0x00, 0x08, 0x00, 0x00, 0x00, 0x18, 0x00, 0x00, 0x00, 0x10, 0x00, 0x00,
  0x00, 0x10, 0x00, 0x00, 0x00, 0x10, 0x00, 0x00, 0x00, 0x10, 0x00, 0x00, 0x00, 0x30, 0x00, 0x00,
  0x00, 0x00, 0x00, 0x00, 0x00, 0x00, 0x00, 0x00, 0x00, 0x00, 0x80, 0x00, 0x00, 0x00, 0x80, 0x00,
  0x00, 0x00, 0x80, 0x00, 0x00, 0x00, 0x80, 0x80, 0x00, 0x01, 0x80, 0x80, 0x00, 0x01, 0x00, 0x80,
  0x00, 0x01, 0x00, 0x80, 0x00, 0x01, 0x00, 0xC0, 0x00, 0x01, 0x00, 0xC0, 0x80, 0x03, 0x03, 0xE0,
  0xE0, 0x02, 0x0F, 0xF0, 0x1C, 0x02, 0x3E, 0x38, 0x07, 0xFF, 0xF8, 0x0C, 0x01, 0xFF, 0xF0, 0x00,
  0x03, 0xFF, 0xC0, 0x00, 0x07, 0xFF, 0xC0, 0x00, 0x0F, 0xFF, 0xE0, 0x00, 0x0F, 0xFF, 0xBC, 0x00,
  0x0F, 0xFF, 0x07, 0x00, 0x0F, 0xFE, 0x00, 0xE0, 0x0F, 0xFC, 0x00, 0x30, 0x07, 0xF8, 0x00, 0x00,
  0x03, 0x08, 0x00, 0x00, 0x00, 0x08, 0x00, 0x00, 0x00, 0x08, 0x00, 0x00, 0x00, 0x18, 0x00, 0x00,
  0x00, 0x10, 0x00, 0x00, 0x00, 0x10, 0x00, 0x00, 0x00, 0x10, 0x00, 0x00, 0x00, 0x10, 0x00, 0x00,
  0x00, 0x00, 0x00, 0x00, 0x00, 0x00, 0x00, 0x00, 0x00, 0x00, 0x80, 0x00, 0x00, 0x00, 0x80, 0x00,
  0x00, 0x00, 0x80, 0x80, 0x00, 0x01, 0x81, 0x80, 0x00, 0x01, 0x81, 0x80, 0x00, 0x01, 0x00, 0x80,
  0x00, 0x01, 0x00, 0x80, 0x00, 0x01, 0x00, 0xC0, 0x00, 0x01, 0x01, 0xC0, 0x00, 0x03, 0x03, 0xE0,
  0xE0, 0x02, 0x0F, 0xF0, 0x38, 0x02, 0x3E, 0x1C, 0x07, 0x7F, 0xF8, 0x0C, 0x01, 0xFF, 0xF0, 0x00,
  0x03, 0xFF, 0xC0, 0x00, 0x03, 0xFF, 0xC0, 0x00, 0x07, 0xFF, 0xE0, 0x00, 0x0F, 0xFF, 0x9C, 0x00,
  0x0F, 0xFF, 0x07, 0x80, 0x0F, 0xFE, 0x00, 0xF0, 0x0F, 0xFC, 0x00, 0x10, 0x07, 0xF8, 0x00, 0x00,
  0x03, 0x88, 0x00, 0x00, 0x00, 0x08, 0x00, 0x00, 0x00, 0x08, 0x00, 0x00, 0x00, 0x08, 0x00, 0x00,
  0x00, 0x18, 0x00, 0x00, 0x00, 0x10, 0x00, 0x00, 0x00, 0x10, 0x00, 0x00, 0x00, 0x10, 0x00, 0x00,
  0x00, 0x00, 0x00, 0x00, 0x00, 0x00, 0x00, 0x00, 0x00, 0x00, 0x80, 0x00, 0x00, 0x00, 0x80, 0x00,
  0x00, 0x01, 0x80, 0x80, 0x00, 0x01, 0x81, 0x80, 0x00, 0x01, 0x01, 0x80, 0x00, 0x01, 0x01, 0x80,
  0x00, 0x01, 0x00, 0x80, 0x00, 0x01, 0x00, 0xC0, 0x00, 0x03, 0x01, 0xC0, 0x00, 0x03, 0x03, 0xE0,
  0xC0, 0x02, 0x0F, 0x70, 0x78, 0x02, 0x3E, 0x1C, 0x0F, 0x3F, 0xF8, 0x0C, 0x01, 0xFF, 0xE0, 0x00,
  0x01, 0xFF, 0xC0, 0x00, 0x03, 0xFF, 0xC0, 0x00, 0x07, 0xFF, 0xF0, 0x00, 0x0F, 0xFF, 0x9C, 0x00,
  0x0F, 0xFF, 0x03, 0x80, 0x0F, 0xFE, 0x00, 0x70, 0x0F, 0xFC, 0x00, 0x10, 0x07, 0xFC, 0x00, 0x00,
  0x03, 0xCC, 0x00, 0x00, 0x00, 0x08, 0x00, 0x00, 0x00, 0x08, 0x00, 0x00, 0x00, 0x08, 0x00, 0x00,
  0x00, 0x08, 0x00, 0x00, 0x00, 0x08, 0x00, 0x00, 0x00, 0x18, 0x00, 0x00, 0x00, 0x10, 0x00, 0x00,
  0x00, 0x00, 0x00, 0x00, 0x00, 0x00, 0x00, 0x00, 0x00, 0x00, 0x80, 0x00, 0x00, 0x01, 0x80, 0x00,
  0x00, 0x01, 0x01, 0x80, 0x00, 0x01, 0x01, 0x80, 0x00, 0x01, 0x01, 0x80, 0x00, 0x01, 0x01, 0x80,
  0x00, 0x01, 0x01, 0x80, 0x00, 0x01, 0x00, 0xC0, 0x00, 0x03, 0x01, 0xC0, 0x00, 0x02, 0x07, 0xE0,
  0x80, 0x02, 0x0F, 0x38, 0xF0, 0x02, 0x3E, 0x1C, 0x1E, 0x3F, 0xF8, 0x04, 0x01, 0xFF, 0xE0, 0x00,
  0x01, 0xFF, 0xC0, 0x00, 0x03, 0xFF, 0xC0, 0x00, 0x07, 0xFF, 0xF0, 0x00, 0x0F, 0xFF, 0x9E, 0x00,
  0x0F, 0xFF, 0x03, 0xC0, 0x0F, 0xFF, 0x00, 0x78, 0x0F, 0xFE, 0x00, 0x00, 0x07, 0xFC, 0x00, 0x00,
  0x03, 0xEC, 0x00, 0x00, 0x00, 0x0C, 0x00, 0x00, 0x00, 0x08, 0x00, 0x00, 0x00, 0x08, 0x00, 0x00,
  0x00, 0x08, 0x00, 0x00, 0x00, 0x08, 0x00, 0x00, 0x00, 0x08, 0x00, 0x00, 0x00, 0x18, 0x00, 0x00,
  0x00, 0x00, 0x00, 0x00, 0x00, 0x00, 0x00, 0x00, 0x00, 0x01, 0x00, 0x00, 0x00, 0x01, 0x00, 0x00,
  0x00, 0x01, 0x01, 0x00, 0x00, 0x01, 0x01, 0x80, 0x00, 0x01, 0x01, 0x80, 0x00, 0x01, 0x01, 0x80,
  0x00, 0x01, 0x01, 0x80, 0x00, 0x03, 0x01, 0xC0, 0x00, 0x03, 0x01, 0xC0, 0x00, 0x02, 0x07, 0xE0,
  0x00, 0x02, 0x0F, 0x38, 0xF0, 0x02, 0x3C, 0x1C, 0x1E, 0x3F, 0xF8, 0x04, 0x03, 0xFF, 0xE0, 0x00,
  0x01, 0xFF, 0xC0, 0x00, 0x03, 0xFF, 0xC0, 0x00, 0x07, 0xFF, 0xF0, 0x00, 0x07, 0xFF, 0x9E, 0x00,
  0x0F, 0xFF, 0x03, 0xE0, 0x0F, 0xFF, 0x00, 0x38, 0x0F, 0xFE, 0x00, 0x00, 0x07, 0xFC, 0x00, 0x00,
  0x03, 0xE4, 0x00, 0x00, 0x00, 0x04, 0x00, 0x00, 0x00, 0x0C, 0x00, 0x00, 0x00, 0x08, 0x00, 0x00,
  0x00, 0x08, 0x00, 0x00, 0x00, 0x08, 0x00, 0x00, 0x00, 0x08, 0x00, 0x00, 0x00, 0x08, 0x00, 0x00,
  0x00, 0x00, 0x00, 0x00, 0x00, 0x00, 0x00, 0x00, 0x00, 0x01, 0x00, 0x00, 0x00, 0x01, 0x00, 0x00,
  0x00, 0x01, 0x01, 0x00, 0x00, 0x01, 0x01, 0x00, 0x00, 0x01, 0x01, 0x00, 0x00, 0x01, 0x01, 0x80,
  0x00, 0x03, 0x01, 0x80, 0x00, 0x03, 0x01, 0xC0, 0x00, 0x02, 0x03, 0xC0, 0x00, 0x02, 0x07, 0xF0,
  0x00, 0x02, 0x1F, 0x38, 0xE0, 0x02, 0x3C, 0x0C, 0x3C, 0x3F, 0xF8, 0x00, 0x07, 0xFF, 0xE0, 0x00,
  0x01, 0xFF, 0xC0, 0x00, 0x03, 0xFF, 0xC0, 0x00, 0x07, 0xFF, 0xF0, 0x00, 0x07, 0xFF, 0x9F, 0x00,
  0x0F, 0xFF, 0x81, 0xE0, 0x0F, 0xFF, 0x00, 0x38, 0x07, 0xFE, 0x00, 0x00, 0x07, 0xFC, 0x00, 0x00,
  0x03, 0xE4, 0x00, 0x00, 0x00, 0x04, 0x00, 0x00, 0x00, 0x04, 0x00, 0x00, 0x00, 0x0C, 0x00, 0x00,
  0x00, 0x0C, 0x00, 0x00, 0x00, 0x08, 0x00, 0x00, 0x00, 0x08, 0x00, 0x00, 0x00, 0x08, 0x00, 0x00,
  0x00, 0x00, 0x00, 0x00, 0x00, 0x00, 0x00, 0x00, 0x00, 0x01, 0x00, 0x00, 0x00, 0x01, 0x00, 0x00,
  0x00, 0x01, 0x03, 0x00, 0x00, 0x01, 0x03, 0x00, 0x00, 0x03, 0x01, 0x00, 0x00, 0x03, 0x01, 0x80,
  0x00, 0x03, 0x01, 0x80, 0x00, 0x02, 0x01, 0xC0, 0x00, 0x02, 0x03, 0xE0, 0x00, 0x02, 0x07, 0xF0,
  0x00, 0x02, 0x1E, 0x3C, 0xC0, 0x02, 0x3C, 0x0C, 0x7C, 0x3F, 0xF0, 0x00, 0x07, 0xFF, 0xE0, 0x00,
  0x01, 0xFF, 0xC0, 0x00, 0x03, 0xFF, 0xC0, 0x00, 0x03, 0xFF, 0xF8, 0x00, 0x07, 0xFF, 0x8F, 0x00,
  0x0F, 0xFF, 0x81, 0xF0, 0x0F, 0xFF, 0x00, 0x18, 0x07, 0xFE, 0x00, 0x00, 0x07, 0xFC, 0x00, 0x00,
  0x03, 0xF4, 0x00, 0x00, 0x00, 0x04, 0x00, 0x00, 0x00, 0x04, 0x00, 0x00, 0x00, 0x04, 0x00, 0x00,
  0x00, 0x04, 0x00, 0x00, 0x00, 0x0C, 0x00, 0x00, 0x00, 0x0C, 0x00, 0x00, 0x00, 0x0C, 0x00, 0x00,
  0x00, 0x00, 0x00, 0x00, 0x00, 0x00, 0x00, 0x00, 0x00, 0x01, 0x00, 0x00, 0x00, 0x03, 0x00, 0x00,
  0x00, 0x03, 0x03, 0x00, 0x00, 0x03, 0x03, 0x00, 0x00, 0x03, 0x01, 0x00, 0x00, 0x02, 0x01, 0x00,
  0x00, 0x02, 0x01, 0x80, 0x00, 0x02, 0x01, 0xC0, 0x00, 0x02, 0x03, 0xE0, 0x00, 0x02, 0x0F, 0xF0,
  0x00, 0x02, 0x1E, 0x3C, 0x80, 0x02, 0x3C, 0x0C, 0xF8, 0x1F, 0xF0, 0x00, 0x0F, 0xFF, 0xE0, 0x00,
  0x01, 0xFF, 0xC0, 0x00, 0x01, 0xFF, 0xC0, 0x00, 0x03, 0xFF, 0xF8, 0x00, 0x07, 0xFF, 0x8F, 0x80,
  0x0F, 0xFF, 0x80, 0xF8, 0x0F, 0xFF, 0x00, 0x08, 0x07, 0xFE, 0x00, 0x00, 0x07, 0xFC, 0x00, 0x00,
  0x03, 0xF4, 0x00, 0x00, 0x01, 0x84, 0x00, 0x00, 0x00, 0x04, 0x00, 0x00, 0x00, 0x04, 0x00, 0x00,
  0x00, 0x04, 0x00, 0x00, 0x00, 0x04, 0x00, 0x00, 0x00, 0x04, 0x00, 0x00, 0x00, 0x04, 0x00, 0x00,
  0x00, 0x00, 0x00, 0x00, 0x00, 0x00, 0x00, 0x00, 0x00, 0x02, 0x00, 0x00, 0x00, 0x03, 0x00, 0x00,
  0x00, 0x02, 0x03, 0x00, 0x00, 0x02, 0x03, 0x00, 0x00, 0x02, 0x03, 0x00, 0x00, 0x02, 0x01, 0x00,
  0x00, 0x02, 0x01, 0x80, 0x00, 0x02, 0x01, 0xC0, 0x00, 0x02, 0x03, 0xE0, 0x00, 0x02, 0x0F, 0x70,
  0x00, 0x02, 0x1E, 0x1C, 0x00, 0x02, 0x3C, 0x04, 0xF0, 0x1F, 0xF0, 0x00, 0x1F, 0x7F, 0xE0, 0x00,
  0x01, 0xFF, 0xC0, 0x00, 0x01, 0xFF, 0xC0, 0x00, 0x03, 0xFF, 0xF8, 0x00, 0x07, 0xFF, 0x8F, 0xC0,
  0x07, 0xFF, 0x80, 0x78, 0x0F, 0xFF, 0x00, 0x00, 0x07, 0xFE, 0x00, 0x00, 0x07, 0xFC, 0x00, 0x00,
  0x03, 0xF4, 0x00, 0x00, 0x01, 0x84, 0x00, 0x00, 0x00, 0x04, 0x00, 0x00, 0x00, 0x04, 0x00, 0x00,
  0x00, 0x04, 0x00, 0x00, 0x00, 0x04, 0x00, 0x00, 0x00, 0x04, 0x00, 0x00, 0x00, 0x04, 0x00, 0x00,
  0x00, 0x00, 0x00, 0x00, 0x00, 0x00, 0x00, 0x00, 0x00, 0x02, 0x00, 0x00, 0x00, 0x02, 0x02, 0x00,
  0x00, 0x02, 0x03, 0x00, 0x00, 0x02, 0x03, 0x00, 0x00, 0x02, 0x03, 0x00, 0x00, 0x02, 0x01, 0x00,
  0x00, 0x02, 0x01, 0x80, 0x00, 0x02, 0x01, 0xC0, 0x00, 0x02, 0x07, 0xE0, 0x00, 0x02, 0x0F, 0x78,
  0x00, 0x02, 0x1E, 0x1C, 0x00, 0x02, 0x38, 0x00, 0xE0, 0x1F, 0xF0, 0x00, 0x3F, 0x7F, 0xE0, 0x00,
  0x01, 0xFF, 0xC0, 0x00, 0x01, 0xFF, 0xC0, 0x00, 0x03, 0xFF, 0xFC, 0x00, 0x03, 0xFF, 0x87, 0xE0,
  0x07, 0xFF, 0x80, 0x38, 0x0F, 0xFF, 0x00, 0x00, 0x07, 0xFE, 0x00, 0x00, 0x07, 0xFE, 0x00, 0x00,
  0x03, 0xFE, 0x00, 0x00, 0x01, 0xC6, 0x00, 0x00, 0x00, 0x06, 0x00, 0x00, 0x00, 0x04, 0x00, 0x00,
  0x00, 0x04, 0x00, 0x00, 0x00, 0x04, 0x00, 0x00, 0x00, 0x04, 0x00, 0x00, 0x00, 0x04, 0x00, 0x00,
  0x00, 0x00, 0x00, 0x00, 0x00, 0x00, 0x00, 0x00, 0x00, 0x02, 0x00, 0x00, 0x00, 0x02, 0x02, 0x00,
  0x00, 0x02, 0x02, 0x00, 0x00, 0x02, 0x03, 0x00, 0x00, 0x02, 0x03, 0x00, 0x00, 0x02, 0x03, 0x00,
  0x00, 0x02, 0x01, 0x80, 0x00, 0x02, 0x03, 0xC0, 0x00, 0x02, 0x07, 0xE0, 0x00, 0x02, 0x0F, 0x78,
  0x00, 0x02, 0x1C, 0x1C, 0x00, 0x02, 0x78, 0x00, 0xC0, 0x1F, 0xF0, 0x00, 0x7E, 0x7F, 0xE0, 0x00,
  0x03, 0xFF, 0xC0, 0x00, 0x01, 0xFF, 0xC0, 0x00, 0x03, 0xFF, 0xFE, 0x00, 0x03, 0xFF, 0x87, 0xF0,
  0x07, 0xFF, 0x80, 0x38, 0x07, 0xFF, 0x00, 0x00, 0x07, 0xFE, 0x00, 0x00, 0x07, 0xFE, 0x00, 0x00,
  0x03, 0xFE, 0x00, 0x00, 0x01, 0xC2, 0x00, 0x00, 0x00, 0x06, 0x00, 0x00, 0x00, 0x06, 0x00, 0x00,
  0x00, 0x06, 0x00, 0x00, 0x00, 0x06, 0x00, 0x00, 0x00, 0x06, 0x00, 0x00, 0x00, 0x06, 0x00, 0x00,
  0x00, 0x00, 0x00, 0x00, 0x00, 0x00, 0x00, 0x00, 0x00, 0x02, 0x00, 0x00, 0x00, 0x02, 0x02, 0x00,
  0x00, 0x02, 0x06, 0x00, 0x00, 0x02, 0x02, 0x00, 0x00, 0x02, 0x03, 0x00, 0x00, 0x02, 0x03, 0x00,
  0x00, 0x02, 0x01, 0x80, 0x00, 0x02, 0x03, 0xC0, 0x00, 0x02, 0x07, 0xE0, 0x00, 0x02, 0x0E, 0x3C,
  0x00, 0x02, 0x1C, 0x0C, 0x00, 0x02, 0x78, 0x00, 0x00, 0x1F, 0xF0, 0x00, 0xFC, 0x7F, 0xE0, 0x00,
  0x07, 0xFF, 0xC0, 0x00, 0x01, 0xFF, 0xC0, 0x00, 0x03, 0xFF, 0xFE, 0x00, 0x03, 0xFF, 0x83, 0xF8,
  0x07, 0xFF, 0x80, 0x08, 0x07, 0xFF, 0x00, 0x00, 0x07, 0xFF, 0x00, 0x00, 0x07, 0xFE, 0x00, 0x00,
  0x03, 0xFE, 0x00, 0x00, 0x01, 0xE2, 0x00, 0x00, 0x00, 0x02, 0x00, 0x00, 0x00, 0x02, 0x00, 0x00,
  0x00, 0x02, 0x00, 0x00, 0x00, 0x02, 0x00, 0x00, 0x00, 0x02, 0x00, 0x00, 0x00, 0x02, 0x00, 0x00,
  0x00, 0x00, 0x00, 0x00, 0x00, 0x00, 0x00, 0x00, 0x00, 0x00, 0x00, 0x00, 0x00, 0x06, 0x06, 0x00,
  0x00, 0x06, 0x06, 0x00, 0x00, 0x06, 0x02, 0x00, 0x00, 0x06, 0x03, 0x00, 0x00, 0x06, 0x03, 0x00,
  0x00, 0x02, 0x01, 0x80, 0x00, 0x02, 0x03, 0xC0, 0x00, 0x02, 0x07, 0xF0, 0x00, 0x02, 0x0E, 0x3C,
  0x00, 0x02, 0x3C, 0x08, 0x00, 0x02, 0x78, 0x00, 0x00, 0x0F, 0xF0, 0x00, 0xF8, 0x3F, 0xE0, 0x00,
  0x0F, 0xFF, 0xC0, 0x00, 0x01, 0xFF, 0xC0, 0x00, 0x01, 0xFF, 0xFF, 0x00, 0x03, 0xFF, 0x81, 0xF8,
  0x07, 0xFF, 0x80, 0x00, 0x07, 0xFF, 0x00, 0x00, 0x07, 0xFF, 0x00, 0x00, 0x07, 0xFE, 0x00, 0x00,
  0x03, 0xFE, 0x00, 0x00, 0x01, 0xE2, 0x00, 0x00, 0x00, 0x02, 0x00, 0x00, 0x00, 0x02, 0x00, 0x00,
  0x00, 0x02, 0x00, 0x00, 0x00, 0x02, 0x00, 0x00, 0x00, 0x02, 0x00, 0x00, 0x00, 0x02, 0x00, 0x00,
  0x00, 0x00, 0x00, 0x00, 0x00, 0x00, 0x00, 0x00, 0x00, 0x04, 0x00, 0x00, 0x00, 0x04, 0x06, 0x00,
  0x00, 0x04, 0x06, 0x00, 0x00, 0x04, 0x06, 0x00, 0x00, 0x06, 0x02, 0x00, 0x00, 0x06, 0x03, 0x00,
  0x00, 0x06, 0x03, 0x80, 0x00, 0x06, 0x03, 0xC0, 0x00, 0x06, 0x07, 0xF0, 0x00, 0x06, 0x1E, 0x3C,
  0x00, 0x02, 0x3C, 0x00, 0x00, 0x02, 0x78, 0x00, 0x00, 0x0F, 0xF0, 0x00, 0xF0, 0x3F, 0xE0, 0x00,
  0x3F, 0xFF, 0xC0, 0x00, 0x01, 0xFF, 0xC0, 0x00, 0x01, 0xFF, 0xFF, 0x80, 0x03, 0xFF, 0xC1, 0xFC,
  0x03, 0xFF, 0x80, 0x00, 0x07, 0xFF, 0x80, 0x00, 0x07, 0xFF, 0x00, 0x00, 0x07, 0xFE, 0x00, 0x00,
  0x03, 0xFE, 0x00, 0x00, 0x01, 0xF2, 0x00, 0x00, 0x00, 0x02, 0x00, 0x00, 0x00, 0x02, 0x00, 0x00,
  0x00, 0x02, 0x00, 0x00, 0x00, 0x02, 0x00, 0x00, 0x00, 0x02, 0x00, 0x00, 0x00, 0x02, 0x00, 0x00,
  0x00, 0x00, 0x00, 0x00, 0x00, 0x00, 0x00, 0x00, 0x00, 0x04, 0x00, 0x00, 0x00, 0x04, 0x04, 0x00,
  0x00, 0x04, 0x06, 0x00, 0x00, 0x04, 0x06, 0x00, 0x00, 0x04, 0x02, 0x00, 0x00, 0x04, 0x03, 0x00,
  0x00, 0x04, 0x03, 0x80, 0x00, 0x06, 0x07, 0xC0, 0x00, 0x06, 0x0F, 0xF8, 0x00, 0x06, 0x1E, 0x1C,
  0x00, 0x06, 0x3C, 0x00, 0x00, 0x02, 0x78, 0x00, 0x00, 0x0F, 0xF0, 0x00, 0xC0, 0x3F, 0xE0, 0x00,
  0xFF, 0xFF, 0xC0, 0x00, 0x01, 0xFF, 0xE0, 0x00, 0x01, 0xFF, 0xFF, 0xE0, 0x03, 0xFF, 0xC0, 0x7C,
  0x03, 0xFF, 0x80, 0x00, 0x07, 0xFF, 0x80, 0x00, 0x07, 0xFF, 0x00, 0x00, 0x07, 0xFE, 0x00, 0x00,
  0x03, 0xFE, 0x00, 0x00, 0x01, 0xF2, 0x00, 0x00, 0x00, 0xC2, 0x00, 0x00, 0x00, 0x02, 0x00, 0x00,
  0x00, 0x03, 0x00, 0x00, 0x00, 0x03, 0x00, 0x00, 0x00, 0x03, 0x00, 0x00, 0x00, 0x03, 0x00, 0x00,
  0x00, 0x00, 0x00, 0x00, 0x00, 0x00, 0x00, 0x00, 0x00, 0x04, 0x00, 0x00, 0x00, 0x04, 0x04, 0x00,
  0x00, 0x04, 0x04, 0x00, 0x00, 0x04, 0x06, 0x00, 0x00, 0x04, 0x06, 0x00, 0x00, 0x04, 0x03, 0x00,
  0x00, 0x04, 0x03, 0x80, 0x00, 0x04, 0x07, 0xC0, 0x00, 0x04, 0x0F, 0x78, 0x00, 0x06, 0x1E, 0x1C,
  0x00, 0x06, 0x3C, 0x00, 0x00, 0x06, 0x78, 0x00, 0x00, 0x0F, 0xE0, 0x00, 0x00, 0x3F, 0xE0, 0x00,
  0xFF, 0xFF, 0xC0, 0x00, 0x01, 0xFF, 0xE0, 0x00, 0x01, 0xFF, 0xFF, 0xF0, 0x03, 0xFF, 0xC0, 0x3C,
  0x03, 0xFF, 0x80, 0x00, 0x07, 0xFF, 0x80, 0x00, 0x07, 0xFF, 0x00, 0x00, 0x07, 0xFE, 0x00, 0x00,
  0x03, 0xFE, 0x00, 0x00, 0x01, 0xF3, 0x00, 0x00, 0x00, 0xC3, 0x00, 0x00, 0x00, 0x03, 0x00, 0x00,
  0x00, 0x01, 0x00, 0x00, 0x00, 0x01, 0x00, 0x00, 0x00, 0x01, 0x00, 0x00, 0x00, 0x01, 0x00, 0x00,
  0x00, 0x00, 0x00, 0x00, 0x00, 0x00, 0x00, 0x00, 0x00, 0x00, 0x00, 0x00, 0x00, 0x0C, 0x0C, 0x00,
  0x00, 0x04, 0x04, 0x00, 0x00, 0x04, 0x06, 0x00, 0x00, 0x04, 0x06, 0x00, 0x00, 0x04, 0x03, 0x00,
  0x00, 0x04, 0x03, 0x80, 0x00, 0x04, 0x07, 0xE0, 0x00, 0x04, 0x0E, 0x78, 0x00, 0x04, 0x1C, 0x18,
  0x00, 0x06, 0x38, 0x00, 0x00, 0x06, 0x70, 0x00, 0x00, 0x0F, 0xE0, 0x00, 0x00, 0x3F, 0xE0, 0x00,
  0xFE, 0x7F, 0xC0, 0x00, 0x07, 0xFF, 0xE0, 0x00, 0x01, 0xFF, 0xFF, 0xF8, 0x01, 0xFF, 0xC0, 0x08,
  0x03, 0xFF, 0x80, 0x00, 0x03, 0xFF, 0x80, 0x00, 0x07, 0xFF, 0x00, 0x00, 0x07, 0xFF, 0x00, 0x00,
  0x03, 0xFF, 0x00, 0x00, 0x01, 0xF9, 0x00, 0x00, 0x00, 0xC1, 0x00, 0x00, 0x00, 0x01, 0x00, 0x00,
  0x00, 0x01, 0x00, 0x00, 0x00, 0x01, 0x00, 0x00, 0x00, 0x01, 0x00, 0x00, 0x00, 0x01, 0x00, 0x00,
  0x00, 0x00, 0x00, 0x00, 0x00, 0x00, 0x00, 0x00, 0x00, 0x00, 0x00, 0x00, 0x00, 0x0C, 0x0C, 0x00,
  0x00, 0x0C, 0x0C, 0x00, 0x00, 0x04, 0x06, 0x00, 0x00, 0x04, 0x06, 0x00, 0x00, 0x04, 0x03, 0x00,
  0x00, 0x04, 0x03, 0x80, 0x00, 0x04, 0x07, 0xE0, 0x00, 0x04, 0x0E, 0x78, 0x00, 0x04, 0x1C, 0x08,
  0x00, 0x04, 0x38, 0x00, 0x00, 0x06, 0x70, 0x00, 0x00, 0x0F, 0xE0, 0x00, 0x00, 0x3F, 0xC0, 0x00,
  0xF8, 0x7F, 0xC0, 0x00, 0x3F, 0xFF, 0xF0, 0x00, 0x01, 0xFF, 0xFF, 0xFC, 0x01, 0xFF, 0xC0, 0x00,
  0x03, 0xFF, 0x80, 0x00, 0x03, 0xFF, 0x80, 0x00, 0x07, 0xFF, 0x00, 0x00, 0x07, 0xFF, 0x00, 0x00,
  0x03, 0xFF, 0x00, 0x00, 0x01, 0xF9, 0x00, 0x00, 0x00, 0xE1, 0x00, 0x00, 0x00, 0x01, 0x00, 0x00,
  0x00, 0x01, 0x00, 0x00, 0x00, 0x01, 0x00, 0x00, 0x00, 0x01, 0x00, 0x00, 0x00, 0x01, 0x80, 0x00,
  0x00, 0x00, 0x00, 0x00, 0x00, 0x00, 0x00, 0x00, 0x00, 0x00, 0x00, 0x00, 0x00, 0x08, 0x0C, 0x00,
  0x00, 0x08, 0x0C, 0x00, 0x00, 0x0C, 0x04, 0x00, 0x00, 0x0C, 0x06, 0x00, 0x00, 0x04, 0x03, 0x00,
  0x00, 0x04, 0x03, 0x80, 0x00, 0x04, 0x07, 0xF0, 0x00, 0x04, 0x0E, 0x78, 0x00, 0x04, 0x1C, 0x00,
  0x00, 0x04, 0x38, 0x00, 0x00, 0x06, 0x70, 0x00, 0x00, 0x07, 0xE0, 0x00, 0x00, 0x3F, 0xC0, 0x00,
  0xC0, 0x7F, 0xC0, 0x00, 0xFF, 0xFF, 0xF8, 0x00, 0x01, 0xFF, 0xFF, 0xFC, 0x01, 0xFF, 0xC0, 0x00,
  0x03, 0xFF, 0x80, 0x00, 0x03, 0xFF, 0x80, 0x00, 0x03, 0xFF, 0x00, 0x00, 0x03, 0xFF, 0x00, 0x00,
  0x03, 0xFF, 0x00, 0x00, 0x01, 0xF9, 0x00, 0x00, 0x00, 0xE1, 0x00, 0x00, 0x00, 0x01, 0x00, 0x00,
  0x00, 0x01, 0x00, 0x00, 0x00, 0x01, 0x80, 0x00, 0x00, 0x01, 0x80, 0x00, 0x00, 0x00, 0x80, 0x00,
  0x00, 0x00, 0x00, 0x00, 0x00, 0x00, 0x00, 0x00, 0x00, 0x00, 0x08, 0x00, 0x00, 0x08, 0x08, 0x00,
  0x00, 0x08, 0x0C, 0x00, 0x00, 0x08, 0x0C, 0x00, 0x00, 0x0C, 0x06, 0x00, 0x00, 0x0C, 0x07, 0x00,
  0x00, 0x04, 0x07, 0x80, 0x00, 0x04, 0x0F, 0xF0, 0x00, 0x04, 0x0E, 0x38, 0x00, 0x04, 0x1C, 0x00,
  0x00, 0x04, 0x38, 0x00, 0x00, 0x06, 0x70, 0x00, 0x00, 0x07, 0xE0, 0x00, 0x00, 0x1F, 0xC0, 0x00,
  0x00, 0x7F, 0xC0, 0x00, 0xFF, 0xFF, 0xFF, 0x00, 0x01, 0xFF, 0xFF, 0xFC, 0x01, 0xFF, 0xC0, 0x00,
  0x01, 0xFF, 0xC0, 0x00, 0x03, 0xFF, 0x80, 0x00, 0x03, 0xFF, 0x00, 0x00, 0x03, 0xFF, 0x00, 0x00,
  0x03, 0xFF, 0x00, 0x00, 0x01, 0xF9, 0x00, 0x00, 0x00, 0xE1, 0x00, 0x00, 0x00, 0x01, 0x00, 0x00,
  0x00, 0x01, 0x80, 0x00, 0x00, 0x00, 0x80, 0x00, 0x00, 0x00, 0x80, 0x00, 0x00, 0x00, 0x80, 0x00,
  0x00, 0x00, 0x00, 0x00, 0x00, 0x00, 0x00, 0x00, 0x00, 0x00, 0x08, 0x00, 0x00, 0x08, 0x18, 0x00,
  0x00, 0x08, 0x0C, 0x00, 0x00, 0x08, 0x0C, 0x00, 0x00, 0x08, 0x06, 0x00, 0x00, 0x08, 0x07, 0x00,
  0x00, 0x0C, 0x07, 0x80, 0x00, 0x04, 0x0F, 0xF8, 0x00, 0x04, 0x1E, 0x38, 0x00, 0x04, 0x1C, 0x00,
  0x00, 0x04, 0x38, 0x00, 0x00, 0x04, 0x70, 0x00, 0x00, 0x07, 0xE0, 0x00, 0x00, 0x1F, 0xC0, 0x00,
  0x00, 0x7F, 0xC0, 0x00, 0xFF, 0xFF, 0xFF, 0xF8, 0x01, 0xFF, 0xE7, 0xFC, 0x01, 0xFF, 0xC0, 0x00,
  0x01, 0xFF, 0xC0, 0x00, 0x03, 0xFF, 0x80, 0x00, 0x03, 0xFF, 0x80, 0x00, 0x03, 0xFF, 0x00, 0x00,
  0x03, 0xFF, 0x00, 0x00, 0x01, 0xFD, 0x00, 0x00, 0x00, 0xF1, 0x80, 0x00, 0x00, 0x01, 0x80, 0x00,
  0x00, 0x00, 0x80, 0x00, 0x00, 0x00, 0x80, 0x00, 0x00, 0x00, 0x80, 0x00, 0x00, 0x00, 0x80, 0x00,
  0x00, 0x00, 0x00, 0x00, 0x00, 0x00, 0x00, 0x00, 0x00, 0x00, 0x08, 0x00, 0x00, 0x18, 0x18, 0x00,
  0x00, 0x08, 0x0C, 0x00, 0x00, 0x08, 0x0C, 0x00, 0x00, 0x08, 0x06, 0x00, 0x00, 0x08, 0x07, 0x00,
  0x00, 0x0C, 0x07, 0xC0, 0x00, 0x0C, 0x0F, 0xF8, 0x00, 0x04, 0x1C, 0x18, 0x00, 0x04, 0x3C, 0x00,
  0x00, 0x04, 0x38, 0x00, 0x00, 0x04, 0x70, 0x00, 0x00, 0x07, 0xE0, 0x00, 0x00, 0x1F, 0xC0, 0x00,
  0x00, 0x3F, 0xC0, 0x00, 0xFF, 0xFF, 0xFF, 0xFC, 0x01, 0xFF, 0xC0, 0x00, 0x01, 0xFF, 0xC0, 0x00,
  0x01, 0xFF, 0xC0, 0x00, 0x01, 0xFF, 0x80, 0x00, 0x03, 0xFF, 0x80, 0x00, 0x03, 0xFF, 0x00, 0x00,
  0x03, 0xFF, 0x00, 0x00, 0x01, 0xFD, 0x80, 0x00, 0x00, 0xF1, 0x80, 0x00, 0x00, 0x00, 0x80, 0x00,
  0x00, 0x00, 0x80, 0x00, 0x00, 0x00, 0x80, 0x00, 0x00, 0x00, 0x80, 0x00, 0x00, 0x00, 0xC0, 0x00,
  0x00, 0x00, 0x00, 0x00, 0x00, 0x00, 0x00, 0x00, 0x00, 0x00, 0x10, 0x00, 0x00, 0x10, 0x18, 0x00,
  0x00, 0x18, 0x08, 0x00, 0x00, 0x08, 0x0C, 0x00, 0x00, 0x08, 0x06, 0x00, 0x00, 0x08, 0x07, 0x00,
  0x00, 0x08, 0x07, 0xC0, 0x00, 0x0C, 0x0E, 0xF8, 0x00, 0x04, 0x1C, 0x10, 0x00, 0x04, 0x38, 0x00,
  0x00, 0x04, 0x38, 0x00, 0x00, 0x04, 0x70, 0x00, 0x00, 0x07, 0xE0, 0x00, 0x00, 0x1F, 0xC0, 0x00,
  0x00, 0x3F, 0xC0, 0x00, 0x3F, 0xFF, 0xFF, 0xFC, 0xFF, 0xFF, 0xC0, 0x00, 0x01, 0xFF, 0xC0, 0x00,
  0x01, 0xFF, 0xC0, 0x00, 0x01, 0xFF, 0x80, 0x00, 0x03, 0xFF, 0x80, 0x00, 0x03, 0xFF, 0x00, 0x00,
  0x03, 0xFF, 0x00, 0x00, 0x01, 0xFC, 0x80, 0x00, 0x00, 0xF0, 0x80, 0x00, 0x00, 0x00, 0x80, 0x00,
  0x00, 0x00, 0x80, 0x00, 0x00, 0x00, 0x80, 0x00, 0x00, 0x00, 0xC0, 0x00, 0x00, 0x00, 0x40, 0x00,
  0x00, 0x00, 0x00, 0x00, 0x00, 0x00, 0x00, 0x00, 0x00, 0x00, 0x10, 0x00, 0x00, 0x10, 0x18, 0x00,
  0x00, 0x10, 0x18, 0x00, 0x00, 0x18, 0x0C, 0x00, 0x00, 0x08, 0x0E, 0x00, 0x00, 0x08, 0x07, 0x00,
  0x00, 0x08, 0x07, 0xE0, 0x00, 0x08, 0x0E, 0xF8, 0x00, 0x0C, 0x1C, 0x00, 0x00, 0x04, 0x38, 0x00,
  0x00, 0x04, 0x70, 0x00, 0x00, 0x04, 0x70, 0x00, 0x00, 0x07, 0xE0, 0x00, 0x00, 0x1F, 0xC0, 0x00,
  0x00, 0x3F, 0xC0, 0x00, 0x00, 0x7F, 0xFF, 0xFC, 0xFF, 0xFF, 0xC0, 0x00, 0x00, 0xFF, 0xC0, 0x00,
  0x01, 0xFF, 0xC0, 0x00, 0x01, 0xFF, 0x80, 0x00, 0x03, 0xFF, 0x80, 0x00, 0x03, 0xFF, 0x00, 0x00,
  0x03, 0xFF, 0x80, 0x00, 0x01, 0xFC, 0x80, 0x00, 0x00, 0xF8, 0x80, 0x00, 0x00, 0x20, 0x80, 0x00,
  0x00, 0x00, 0xC0, 0x00, 0x00, 0x00, 0xC0, 0x00, 0x00, 0x00, 0x40, 0x00, 0x00, 0x00, 0x40, 0x00,
  0x00, 0x00, 0x00, 0x00, 0x00, 0x00, 0x00, 0x00, 0x00, 0x00, 0x10, 0x00, 0x00, 0x10, 0x18, 0x00,
  0x00, 0x10, 0x18, 0x00, 0x00, 0x10, 0x0C, 0x00, 0x00, 0x18, 0x0E, 0x00, 0x00, 0x08, 0x07, 0x00,
  0x00, 0x08, 0x0F, 0xF0, 0x00, 0x08, 0x0E, 0x78, 0x00, 0x0C, 0x1C, 0x00, 0x00, 0x04, 0x38, 0x00,
  0x00, 0x04, 0x70, 0x00, 0x00, 0x04, 0x70, 0x00, 0x00, 0x07, 0xE0, 0x00, 0x00, 0x1F, 0xC0, 0x00,
  0x00, 0x3F, 0xC0, 0x00, 0x00, 0x7F, 0xFF, 0xFC, 0xFF, 0xFF, 0xC0, 0x00, 0x00, 0xFF, 0xC0, 0x00,
  0x01, 0xFF, 0xC0, 0x00, 0x01, 0xFF, 0xC0, 0x00, 0x01, 0xFF, 0x80, 0x00, 0x03, 0xFF, 0x80, 0x00,
  0x03, 0xFF, 0x80, 0x00, 0x01, 0xFC, 0x80, 0x00, 0x00, 0xF8, 0x80, 0x00, 0x00, 0x20, 0x80, 0x00,
  0x00, 0x00, 0x40, 0x00, 0x00, 0x00, 0x40, 0x00, 0x00, 0x00, 0x40, 0x00, 0x00, 0x00, 0x40, 0x00,
  0x00, 0x00, 0x00, 0x00, 0x00, 0x00, 0x00, 0x00, 0x00, 0x00, 0x30, 0x00, 0x00, 0x10, 0x30, 0x00,
  0x00, 0x10, 0x18, 0x00, 0x00, 0x10, 0x0C, 0x00, 0x00, 0x10, 0x0E, 0x00, 0x00, 0x18, 0x07, 0x00,
  0x00, 0x08, 0x0F, 0xF0, 0x00, 0x08, 0x1C, 0x70, 0x00, 0x08, 0x1C, 0x00, 0x00, 0x0C, 0x38, 0x00,
  0x00, 0x04, 0x70, 0x00, 0x00, 0x04, 0xE0, 0x00, 0x00, 0x07, 0xE0, 0x00, 0x00, 0x1F, 0xC0, 0x00,
  0x00, 0x3F, 0xC0, 0x3C, 0x00, 0x7F, 0xFF, 0xF8, 0xFF, 0xFF, 0xC0, 0x00, 0x80, 0xFF, 0xC0, 0x00,
  0x01, 0xFF, 0xC0, 0x00, 0x01, 0xFF, 0xC0, 0x00, 0x01, 0xFF, 0x80, 0x00, 0x03, 0xFF, 0x80, 0x00,
  0x03, 0xFF, 0x80, 0x00, 0x01, 0xFE, 0x80, 0x00, 0x00, 0xF8, 0x80, 0x00, 0x00, 0x30, 0xC0, 0x00,
  0x00, 0x00, 0x40, 0x00, 0x00, 0x00, 0x40, 0x00, 0x00, 0x00, 0x40, 0x00, 0x00, 0x00, 0x60, 0x00,
  0x00, 0x00, 0x00, 0x00, 0x00, 0x00, 0x00, 0x00, 0x00, 0x00, 0x30, 0x00, 0x00, 0x20, 0x30, 0x00,
  0x00, 0x30, 0x18, 0x00, 0x00, 0x10, 0x1C, 0x00, 0x00, 0x10, 0x0E, 0x00, 0x00, 0x18, 0x07, 0x00,
  0x00, 0x08, 0x0F, 0xF0, 0x00, 0x08, 0x1C, 0x30, 0x00, 0x08, 0x18, 0x00, 0x00, 0x0C, 0x38, 0x00,
  0x00, 0x04, 0x70, 0x00, 0x00, 0x04, 0xE0, 0x00, 0x00, 0x07, 0xE0, 0x00, 0x00, 0x1F, 0xC0, 0x00,
  0x00, 0x3F, 0xC0, 0xFC, 0x00, 0x7F, 0xFF, 0xE0, 0x3F, 0xFF, 0xC0, 0x00, 0xF0, 0xFF, 0xC0, 0x00,
  0x00, 0xFF, 0xC0, 0x00, 0x01, 0xFF, 0xC0, 0x00, 0x01, 0xFF, 0x80, 0x00, 0x01, 0xFF, 0x80, 0x00,
  0x01, 0xFF, 0x80, 0x00, 0x01, 0xFE, 0x80, 0x00, 0x00, 0xF8, 0xC0, 0x00, 0x00, 0x30, 0x40, 0x00,
  0x00, 0x00, 0x40, 0x00, 0x00, 0x00, 0x40, 0x00, 0x00, 0x00, 0x60, 0x00, 0x00, 0x00, 0x20, 0x00,
  0x00, 0x00, 0x00, 0x00, 0x00, 0x00, 0x00, 0x00, 0x00, 0x00, 0x20, 0x00, 0x00, 0x20, 0x30, 0x00,
  0x00, 0x30, 0x18, 0x00, 0x00, 0x10, 0x18, 0x00, 0x00, 0x10, 0x0E, 0x00, 0x00, 0x10, 0x0F, 0x80,
  0x00, 0x18, 0x0F, 0xF0, 0x00, 0x08, 0x1C, 0x10, 0x00, 0x08, 0x38, 0x00, 0x00, 0x0C, 0x38, 0x00,
  0x00, 0x04, 0x70, 0x00, 0x00, 0x04, 0xE0, 0x00, 0x00, 0x07, 0xE0, 0x00, 0x00, 0x0F, 0xC0, 0x00,
  0x00, 0x3F, 0xC1, 0xFC, 0x00, 0x7F, 0xFF, 0x80, 0x0F, 0xFF, 0xC0, 0x00, 0xFC, 0xFF, 0xC0, 0x00,
  0x00, 0xFF, 0xC0, 0x00, 0x01, 0xFF, 0xC0, 0x00, 0x01, 0xFF, 0x80, 0x00, 0x01, 0xFF, 0x80, 0x00,
  0x01, 0xFF, 0x80, 0x00, 0x01, 0xFE, 0xC0, 0x00, 0x00, 0xFC, 0x40, 0x00, 0x00, 0x70, 0x40, 0x00,
  0x00, 0x00, 0x40, 0x00, 0x00, 0x00, 0x60, 0x00, 0x00, 0x00, 0x20, 0x00, 0x00, 0x00, 0x20, 0x00,
  0x00, 0x00, 0x00, 0x00, 0x00, 0x00, 0x00, 0x00, 0x00, 0x00, 0x20, 0x00, 0x00, 0x20, 0x30, 0x00,
  0x00, 0x20, 0x10, 0x00, 0x00, 0x30, 0x18, 0x00, 0x00, 0x10, 0x0E, 0x00, 0x00, 0x10, 0x0F, 0xC0,
  0x00, 0x18, 0x0F, 0xF0, 0x00, 0x08, 0x1C, 0x00, 0x00, 0x08, 0x38, 0x00, 0x00, 0x08, 0x38, 0x00,
  0x00, 0x0C, 0x70, 0x00, 0x00, 0x04, 0xE0, 0x00, 0x00, 0x07, 0xE0, 0x00, 0x00, 0x0F, 0xC0, 0x00,
  0x00, 0x3F, 0xC3, 0xFC, 0x00, 0x7F, 0xFF, 0x00, 0x03, 0xFF, 0xC0, 0x00, 0xFF, 0xFF, 0xC0, 0x00,
  0x00, 0xFF, 0xC0, 0x00, 0x01, 0xFF, 0xC0, 0x00, 0x01, 0xFF, 0x80, 0x00, 0x01, 0xFF, 0x80, 0x00,
  0x01, 0xFF, 0x80, 0x00, 0x01, 0xFE, 0x40, 0x00, 0x00, 0xFC, 0x40, 0x00, 0x00, 0x78, 0x40, 0x00,
  0x00, 0x00, 0x60, 0x00, 0x00, 0x00, 0x20, 0x00, 0x00, 0x00, 0x20, 0x00, 0x00, 0x00, 0x30, 0x00,
  0x00, 0x00, 0x00, 0x00, 0x00, 0x00, 0x00, 0x00, 0x00, 0x00, 0x60, 0x00, 0x00, 0x20, 0x30, 0x00,
  0x00, 0x20, 0x30, 0x00, 0x00, 0x20, 0x18, 0x00, 0x00, 0x30, 0x0E, 0x00, 0x00, 0x10, 0x0F, 0xE0,
  0x00, 0x10, 0x1F, 0xF0, 0x00, 0x18, 0x1C, 0x00, 0x00, 0x08, 0x38, 0x00, 0x00, 0x08, 0x30, 0x00,
  0x00, 0x0C, 0x70, 0x00, 0x00, 0x04, 0xE0, 0x00, 0x00, 0x07, 0xE0, 0x00, 0x00, 0x0F, 0xC0, 0x0C,
  0x00, 0x1F, 0xC7, 0xFC, 0x00, 0x3F, 0xFE, 0x00, 0x01, 0xFF, 0xC0, 0x00, 0xFF, 0xFF, 0xC0, 0x00,
  0xC0, 0xFF, 0xC0, 0x00, 0x00, 0xFF, 0xC0, 0x00, 0x01, 0xFF, 0xC0, 0x00, 0x01, 0xFF, 0x80, 0x00,
  0x01, 0xFF, 0xC0, 0x00, 0x01, 0xFE, 0x40, 0x00, 0x00, 0xFC, 0x40, 0x00, 0x00, 0x78, 0x60, 0x00,
  0x00, 0x00, 0x20, 0x00, 0x00, 0x00, 0x20, 0x00, 0x00, 0x00, 0x30, 0x00, 0x00, 0x00, 0x10, 0x00,
  0x00, 0x00, 0x00, 0x00, 0x00, 0x00, 0x00, 0x00, 0x00, 0x00, 0x60, 0x00, 0x00, 0x00, 0x60, 0x00,
  0x00, 0x60, 0x30, 0x00, 0x00, 0x20, 0x18, 0x00, 0x00, 0x30, 0x0E, 0x00, 0x00, 0x10, 0x0F, 0xF0,
  0x00, 0x10, 0x1D, 0xF0, 0x00, 0x18, 0x18, 0x00, 0x00, 0x08, 0x38, 0x00, 0x00, 0x08, 0x30, 0x00,
  0x00, 0x0C, 0x70, 0x00, 0x00, 0x04, 0xE0, 0x00, 0x00, 0x07, 0xC0, 0x00, 0x00, 0x0F, 0xC0, 0x1C,
  0x00, 0x1F, 0xC7, 0xF0, 0x00, 0x3F, 0xFC, 0x00, 0x00, 0xFF, 0xE0, 0x00, 0x3F, 0xFF, 0xC0, 0x00,
  0xE0, 0xFF, 0xC0, 0x00, 0x00, 0xFF, 0xC0, 0x00, 0x00, 0xFF, 0xC0, 0x00, 0x01, 0xFF, 0x80, 0x00,
  0x01, 0xFF, 0xC0, 0x00, 0x01, 0xFF, 0x40, 0x00, 0x00, 0xFC, 0x40, 0x00, 0x00, 0x78, 0x20, 0x00,
  0x00, 0x00, 0x20, 0x00, 0x00, 0x00, 0x20, 0x00, 0x00, 0x00, 0x10, 0x00, 0x00, 0x00, 0x10, 0x00,
  0x00, 0x00, 0x00, 0x00, 0x00, 0x00, 0x00, 0x00, 0x00, 0x00, 0x60, 0x00, 0x00, 0x00, 0x60, 0x00,
  0x00, 0x60, 0x30, 0x00, 0x00, 0x20, 0x18, 0x00, 0x00, 0x20, 0x0E, 0x00, 0x00, 0x30, 0x0F, 0xF0,
  0x00, 0x10, 0x1C, 0xE0, 0x00, 0x10, 0x18, 0x00, 0x00, 0x18, 0x38, 0x00, 0x00, 0x08, 0x70, 0x00,
  0x00, 0x0C, 0x70, 0x00, 0x00, 0x04, 0xE0, 0x00, 0x00, 0x07, 0xC0, 0x00, 0x00, 0x0F, 0xC0, 0x3C,
  0x00, 0x1F, 0xEF, 0xE0, 0x00, 0x3F, 0xF8, 0x00, 0x00, 0x7F, 0xE0, 0x00, 0x1F, 0xFF, 0xE0, 0x00,
  0xF8, 0xFF, 0xC0, 0x00, 0x00, 0xFF, 0xC0, 0x00, 0x00, 0xFF, 0xC0, 0x00, 0x00, 0xFF, 0x80, 0x00,
  0x01, 0xFF, 0xC0, 0x00, 0x01, 0xFF, 0x40, 0x00, 0x00, 0xFE, 0x60, 0x00, 0x00, 0x78, 0x20, 0x00,
  0x00, 0x00, 0x20, 0x00, 0x00, 0x00, 0x30, 0x00, 0x00, 0x00, 0x10, 0x00, 0x00, 0x00, 0x10, 0x00,
  0x00, 0x00, 0x00, 0x00, 0x00, 0x00, 0x00, 0x00, 0x00, 0x00, 0x40, 0x00, 0x00, 0x00, 0x60, 0x00,
  0x00, 0x40, 0x30, 0x00, 0x00, 0x60, 0x18, 0x00, 0x00, 0x20, 0x1E, 0x00, 0x00, 0x20, 0x0F, 0xF0,
  0x00, 0x10, 0x1C, 0x60, 0x00, 0x10, 0x38, 0x00, 0x00, 0x18, 0x38, 0x00, 0x00, 0x08, 0x70, 0x00,
  0x00, 0x08, 0x60, 0x00, 0x00, 0x04, 0xE0, 0x00, 0x00, 0x07, 0xC0, 0x00, 0x00, 0x0F, 0xC0, 0x7C,
  0x00, 0x1F, 0xEF, 0xC0, 0x00, 0x3F, 0xF8, 0x00, 0x00, 0x7F, 0xE0, 0x00, 0x07, 0xFF, 0xE0, 0x00,
  0xFC, 0xFF, 0xC0, 0x00, 0x00, 0xFF, 0xC0, 0x00, 0x00, 0xFF, 0xC0, 0x00, 0x00, 0xFF, 0xC0, 0x00,
  0x01, 0xFF, 0xC0, 0x00, 0x00, 0xFF, 0x40, 0x00, 0x00, 0xFE, 0x20, 0x00, 0x00, 0x7C, 0x20, 0x00,
  0x00, 0x00, 0x30, 0x00, 0x00, 0x00, 0x10, 0x00, 0x00, 0x00, 0x10, 0x00, 0x00, 0x00, 0x18, 0x00,
  0x00, 0x00, 0x00, 0x00, 0x00, 0x00, 0x00, 0x00, 0x00, 0x00, 0x40, 0x00, 0x00, 0x00, 0x60, 0x00,
  0x00, 0x40, 0x30, 0x00, 0x00, 0x60, 0x38, 0x00, 0x00, 0x20, 0x1E, 0x00, 0x00, 0x20, 0x1F, 0xE0,
  0x00, 0x30, 0x1C, 0x00, 0x00, 0x10, 0x38, 0x00, 0x00, 0x18, 0x30, 0x00, 0x00, 0x08, 0x70, 0x00,
  0x00, 0x08, 0x60, 0x00, 0x00, 0x0C, 0xE0, 0x00, 0x00, 0x07, 0xC0, 0x04, 0x00, 0x0F, 0xC0, 0xFC,
  0x00, 0x1F, 0xEF, 0x80, 0x00, 0x3F, 0xF8, 0x00, 0x00, 0x7F, 0xE0, 0x00, 0x03, 0xFF, 0xE0, 0x00,
  0x7E, 0xFF, 0xE0, 0x00, 0xC0, 0xFF, 0xC0, 0x00, 0x00, 0xFF, 0xC0, 0x00, 0x00, 0xFF, 0xC0, 0x00,
  0x00, 0xFF, 0xC0, 0x00, 0x00, 0xFF, 0x60, 0x00, 0x00, 0xFE, 0x20, 0x00, 0x00, 0x7C, 0x20, 0x00,
  0x00, 0x00, 0x10, 0x00, 0x00, 0x00, 0x10, 0x00, 0x00, 0x00, 0x18, 0x00, 0x00, 0x00, 0x08, 0x00,
  0x00, 0x00, 0x00, 0x00, 0x00, 0x00, 0x00, 0x00, 0x00, 0x00, 0xC0, 0x00, 0x00, 0x00, 0x60, 0x00,
  0x00, 0x40, 0x70, 0x00, 0x00, 0x40, 0x38, 0x00, 0x00, 0x60, 0x1F, 0x80, 0x00, 0x20, 0x1F, 0xE0,
  0x00, 0x30, 0x18, 0x00, 0x00, 0x10, 0x38, 0x00, 0x00, 0x10, 0x30, 0x00, 0x00, 0x08, 0x70, 0x00,
  0x00, 0x08, 0x60, 0x00, 0x00, 0x0C, 0xE0, 0x00, 0x00, 0x07, 0xC0, 0x0C, 0x00, 0x0F, 0xC0, 0xF8,
  0x00, 0x1F, 0xFF, 0x80, 0x00, 0x3F, 0xF0, 0x00, 0x00, 0x7F, 0xE0, 0x00, 0x03, 0xFF, 0xE0, 0x00,
  0x3E, 0xFF, 0xE0, 0x00, 0xE0, 0xFF, 0xC0, 0x00, 0x00, 0xFF, 0xC0, 0x00, 0x00, 0xFF, 0xC0, 0x00,
  0x00, 0xFF, 0xC0, 0x00, 0x00, 0xFF, 0x20, 0x00, 0x00, 0xFE, 0x20, 0x00, 0x00, 0x7C, 0x30, 0x00,
  0x00, 0x00, 0x10, 0x00, 0x00, 0x00, 0x18, 0x00, 0x00, 0x00, 0x08, 0x00, 0x00, 0x00, 0x08, 0x00,
  0x00, 0x00, 0x00, 0x00, 0x00, 0x00, 0x00, 0x00, 0x00, 0x00, 0xC0, 0x00, 0x00, 0x00, 0xE0, 0x00,
  0x00, 0xC0, 0x60, 0x00, 0x00, 0x40, 0x38, 0x00, 0x00, 0x60, 0x1F, 0xE0, 0x00, 0x20, 0x1F, 0xE0,
  0x00, 0x20, 0x18, 0x00, 0x00, 0x10, 0x38, 0x00, 0x00, 0x10, 0x30, 0x00, 0x00, 0x18, 0x70, 0x00,
  0x00, 0x08, 0x60, 0x00, 0x00, 0x0C, 0xE0, 0x00, 0x00, 0x07, 0xC0, 0x1C, 0x00, 0x0F, 0xC1, 0xF0,
  0x00, 0x1F, 0xFF, 0x00, 0x00, 0x3F, 0xF0, 0x00, 0x00, 0x3F, 0xE0, 0x00, 0x01, 0xFF, 0xE0, 0x00,
  0x1F, 0xFF, 0xE0, 0x00, 0xF0, 0xFF, 0xC0, 0x00, 0x00, 0xFF, 0xC0, 0x00, 0x00, 0xFF, 0xC0, 0x00,
  0x00, 0xFF, 0xE0, 0x00, 0x00, 0xFF, 0x20, 0x00, 0x00, 0xFE, 0x20, 0x00, 0x00, 0x7C, 0x10, 0x00,
  0x00, 0x08, 0x10, 0x00, 0x00, 0x00, 0x18, 0x00, 0x00, 0x00, 0x08, 0x00, 0x00, 0x00, 0x0C, 0x00,
  0x00, 0x00, 0x00, 0x00, 0x00, 0x00, 0x00, 0x00, 0x00, 0x00, 0xC0, 0x00, 0x00, 0x00, 0xC0, 0x00,
  0x00, 0x80, 0x60, 0x00, 0x00, 0xC0, 0x38, 0x00, 0x00, 0x40, 0x1F, 0xE0, 0x00, 0x60, 0x1F, 0xE0,
  0x00, 0x20, 0x38, 0x00, 0x00, 0x30, 0x38, 0x00, 0x00, 0x10, 0x70, 0x00, 0x00, 0x18, 0x70, 0x00,
  0x00, 0x08, 0xE0, 0x00, 0x00, 0x0C, 0xE0, 0x00, 0x00, 0x07, 0xC0, 0x3C, 0x00, 0x0F, 0xC1, 0xE0,
  0x00, 0x1F, 0xFE, 0x00, 0x00, 0x3F, 0xF0, 0x00, 0x00, 0x3F, 0xE0, 0x00, 0x00, 0xFF, 0xE0, 0x00,
  0x0F, 0xFF, 0xE0, 0x00, 0xF8, 0x7F, 0xE0, 0x00, 0x80, 0xFF, 0xC0, 0x00, 0x00, 0xFF, 0xC0, 0x00,
  0x00, 0xFF, 0xE0, 0x00, 0x00, 0xFF, 0xA0, 0x00, 0x00, 0x7F, 0x30, 0x00, 0x00, 0x3E, 0x10, 0x00,
  0x00, 0x08, 0x18, 0x00, 0x00, 0x00, 0x08, 0x00, 0x00, 0x00, 0x0C, 0x00, 0x00, 0x00, 0x04, 0x00,
  0x00, 0x00, 0x00, 0x00, 0x00, 0x00, 0x00, 0x00, 0x00, 0x00, 0x80, 0x00, 0x00, 0x00, 0xC0, 0x00,
  0x00, 0x80, 0x60, 0x00, 0x00, 0xC0, 0x38, 0x00, 0x00, 0x40, 0x1F, 0xE0, 0x00, 0x60, 0x1F, 0xC0,
  0x00, 0x20, 0x38, 0x00, 0x00, 0x30, 0x30, 0x00, 0x00, 0x10, 0x70, 0x00, 0x00, 0x18, 0x60, 0x00,
  0x00, 0x08, 0xE0, 0x00, 0x00, 0x08, 0xE0, 0x04, 0x00, 0x07, 0xC0, 0x3C, 0x00, 0x07, 0xC3, 0xE0,
  0x00, 0x1F, 0xFE, 0x00, 0x00, 0x3F, 0xF0, 0x00, 0x00, 0x3F, 0xE0, 0x00, 0x00, 0xFF, 0xE0, 0x00,
  0x07, 0xFF, 0xE0, 0x00, 0x7C, 0x7F, 0xE0, 0x00, 0xC0, 0xFF, 0xC0, 0x00, 0x00, 0xFF, 0xC0, 0x00,
  0x00, 0xFF, 0xE0, 0x00, 0x00, 0xFF, 0xA0, 0x00, 0x00, 0x7F, 0x10, 0x00, 0x00, 0x3E, 0x10, 0x00,
  0x00, 0x0C, 0x08, 0x00, 0x00, 0x00, 0x08, 0x00, 0x00, 0x00, 0x04, 0x00, 0x00, 0x00, 0x04, 0x00,
  0x00, 0x00, 0x00, 0x00, 0x00, 0x00, 0x00, 0x00, 0x00, 0x01, 0x80, 0x00, 0x00, 0x00, 0xC0, 0x00,
  0x00, 0x80, 0x60, 0x00, 0x00, 0x80, 0x38, 0x00, 0x00, 0x40, 0x1F, 0xE0, 0x00, 0x40, 0x1F, 0xC0,
  0x00, 0x20, 0x38, 0x00, 0x00, 0x20, 0x30, 0x00, 0x00, 0x10, 0x70, 0x00, 0x00, 0x10, 0x60, 0x00,
  0x00, 0x08, 0xE0, 0x00, 0x00, 0x08, 0xE0, 0x0C, 0x00, 0x07, 0xC0, 0x78, 0x00, 0x07, 0xC3, 0xC0,
  0x00, 0x1F, 0xFE, 0x00, 0x00, 0x1F, 0xE0, 0x00, 0x00, 0x3F, 0xE0, 0x00, 0x00, 0x7F, 0xE0, 0x00,
  0x03, 0xFF, 0xE0, 0x00, 0x3C, 0x7F, 0xE0, 0x00, 0xE0, 0x7F, 0xC0, 0x00, 0x00, 0x7F, 0xC0, 0x00,
  0x00, 0x7F, 0xE0, 0x00, 0x00, 0xFF, 0xB0, 0x00, 0x00, 0x7F, 0x10, 0x00, 0x00, 0x3E, 0x18, 0x00,
  0x00, 0x0C, 0x08, 0x00, 0x00, 0x00, 0x0C, 0x00, 0x00, 0x00, 0x04, 0x00, 0x00, 0x00, 0x04, 0x00,
  0x00, 0x00, 0x00, 0x00, 0x00, 0x00, 0x00, 0x00, 0x00, 0x01, 0x80, 0x00, 0x00, 0x00, 0xC0, 0x00,
  0x00, 0x00, 0x60, 0x00, 0x00, 0x80, 0x38, 0x00, 0x00, 0xC0, 0x3F, 0xC0, 0x00, 0x40, 0x38, 0x00,
  0x00, 0x60, 0x30, 0x00, 0x00, 0x20, 0x30, 0x00, 0x00, 0x30, 0x70, 0x00, 0x00, 0x10, 0x60, 0x00,
  0x00, 0x08, 0xE0, 0x00, 0x00, 0x08, 0xC0, 0x0C, 0x00, 0x07, 0xC0, 0x70, 0x00, 0x07, 0xC7, 0x80,
  0x00, 0x0F, 0xFC, 0x00, 0x00, 0x1F, 0xE0, 0x00, 0x00, 0x3F, 0xE0, 0x00, 0x00, 0x7F, 0xE0, 0x00,
  0x03, 0xFF, 0xE0, 0x00, 0x1E, 0x7F, 0xE0, 0x00, 0x70, 0x7F, 0xC0, 0x00, 0x00, 0x7F, 0xE0, 0x00,
  0x00, 0x7F, 0xE0, 0x00, 0x00, 0x7F, 0xB0, 0x00, 0x00, 0x7F, 0x10, 0x00, 0x00, 0x3E, 0x08, 0x00,
  0x00, 0x0C, 0x08, 0x00, 0x00, 0x00, 0x04, 0x00, 0x00, 0x00, 0x04, 0x00, 0x00, 0x00, 0x02, 0x00,
  0x00, 0x00, 0x00, 0x00, 0x00, 0x00, 0x00, 0x00, 0x00, 0x01, 0x80, 0x00, 0x00, 0x01, 0xC0, 0x00,
  0x00, 0x00, 0xE0, 0x00, 0x01, 0x80, 0x78, 0x40, 0x00, 0x80, 0x3F, 0xC0, 0x00, 0x40, 0x38, 0x00,
  0x00, 0x60, 0x30, 0x00, 0x00, 0x20, 0x70, 0x00, 0x00, 0x30, 0x70, 0x00, 0x00, 0x10, 0x60, 0x00,
  0x00, 0x18, 0xE0, 0x00, 0x00, 0x08, 0xC0, 0x1C, 0x00, 0x07, 0xC0, 0xF0, 0x00, 0x07, 0xC7, 0x80,
  0x00, 0x0F, 0xFC, 0x00, 0x00, 0x1F, 0xE0, 0x00, 0x00, 0x3F, 0xE0, 0x00, 0x00, 0x7F, 0xE0, 0x00,
  0x01, 0xFF, 0xE0, 0x00, 0x0E, 0x7F, 0xE0, 0x00, 0x78, 0x7F, 0xE0, 0x00, 0x40, 0x7F, 0xE0, 0x00,
  0x00, 0x7F, 0xE0, 0x00, 0x00, 0x7F, 0x90, 0x00, 0x00, 0x7F, 0x18, 0x00, 0x00, 0x3E, 0x08, 0x00,
  0x00, 0x0C, 0x0C, 0x00, 0x00, 0x00, 0x04, 0x00, 0x00, 0x00, 0x06, 0x00, 0x00, 0x00, 0x02, 0x00,
  0x00, 0x00, 0x00, 0x00, 0x00, 0x00, 0x00, 0x00, 0x00, 0x01, 0x00, 0x00, 0x00, 0x01, 0x80, 0x00,
  0x00, 0x00, 0xE0, 0x00, 0x01, 0x80, 0x7D, 0xC0, 0x00, 0x80, 0x3F, 0xC0, 0x00, 0xC0, 0x38, 0x00,
  0x00, 0x40, 0x30, 0x00, 0x00, 0x20, 0x70, 0x00, 0x00, 0x20, 0x60, 0x00, 0x00, 0x10, 0x60, 0x00,
  0x00, 0x18, 0xE0, 0x00, 0x00, 0x08, 0xC0, 0x3C, 0x00, 0x0F, 0xC0, 0xE0, 0x00, 0x07, 0xC7, 0x00,
  0x00, 0x0F, 0xFC, 0x00, 0x00, 0x1F, 0xE0, 0x00, 0x00, 0x3F, 0xE0, 0x00, 0x00, 0x3F, 0xE0, 0x00,
  0x01, 0xFF, 0xE0, 0x00, 0x07, 0x7F, 0xE0, 0x00, 0x38, 0x7F, 0xE0, 0x00, 0x60, 0x7F, 0xE0, 0x00,
  0x00, 0x7F, 0xF0, 0x00, 0x00, 0x7F, 0x90, 0x00, 0x00, 0x7F, 0x98, 0x00, 0x00, 0x3F, 0x08, 0x00,
  0x00, 0x1E, 0x04, 0x00, 0x00, 0x00, 0x04, 0x00, 0x00, 0x00, 0x02, 0x00, 0x00, 0x00, 0x02, 0x00,
  0x00, 0x00, 0x00, 0x00, 0x00, 0x00, 0x00, 0x00, 0x00, 0x03, 0x00, 0x00, 0x00, 0x01, 0x80, 0x00,
  0x00, 0x00, 0xE0, 0x00, 0x01, 0x00, 0x7F, 0xC0, 0x00, 0x80, 0x3F, 0xC0, 0x00, 0xC0, 0x30, 0x00,
  0x00, 0x40, 0x70, 0x00, 0x00, 0x60, 0x70, 0x00, 0x00, 0x20, 0x60, 0x00, 0x00, 0x10, 0xE0, 0x00,
  0x00, 0x18, 0xE0, 0x0C, 0x00, 0x08, 0xC0, 0x38, 0x00, 0x0D, 0xC1, 0xE0, 0x00, 0x07, 0xC7, 0x00,
  0x00, 0x0F, 0xF8, 0x00, 0x00, 0x1F, 0xE0, 0x00, 0x00, 0x3F, 0xE0, 0x00, 0x00, 0x3F, 0xE0, 0x00,
  0x00, 0xFF, 0xE0, 0x00, 0x07, 0x7F, 0xE0, 0x00, 0x1C, 0x7F, 0xE0, 0x00, 0x60, 0x7F, 0xE0, 0x00,
  0x00, 0x7F, 0xF0, 0x00, 0x00, 0x7F, 0x90, 0x00, 0x00, 0x7F, 0x88, 0x00, 0x00, 0x3F, 0x0C, 0x00,
  0x00, 0x0E, 0x04, 0x00, 0x00, 0x00, 0x06, 0x00, 0x00, 0x00, 0x02, 0x00, 0x00, 0x00, 0x00, 0x00,
  0x00, 0x00, 0x00, 0x00, 0x00, 0x00, 0x00, 0x00, 0x00, 0x03, 0x00, 0x00, 0x00, 0x01, 0x80, 0x00,
  0x00, 0x00, 0xE0, 0x00, 0x01, 0x00, 0x7F, 0xC0, 0x01, 0x80, 0x3F, 0x80, 0x00, 0x80, 0x30, 0x00,
  0x00, 0x40, 0x70, 0x00, 0x00, 0x60, 0x70, 0x00, 0x00, 0x20, 0x60, 0x00, 0x00, 0x30, 0xE0, 0x00,
  0x00, 0x10, 0xE0, 0x0C, 0x00, 0x08, 0xC0, 0x78, 0x00, 0x0D, 0xC1, 0xC0, 0x00, 0x07, 0xCF, 0x00,
  0x00, 0x0F, 0xF8, 0x00, 0x00, 0x1F, 0xE0, 0x00, 0x00, 0x3F, 0xE0, 0x00, 0x00, 0x3F, 0xE0, 0x00,
  0x00, 0xFF, 0xE0, 0x00, 0x03, 0xFF, 0xE0, 0x00, 0x1C, 0x7F, 0xE0, 0x00, 0x70, 0x7F, 0xE0, 0x00,
  0x00, 0x7F, 0xF0, 0x00, 0x00, 0x7F, 0xD8, 0x00, 0x00, 0x7F, 0x88, 0x00, 0x00, 0x3F, 0x0C, 0x00,
  0x00, 0x0E, 0x04, 0x00, 0x00, 0x00, 0x02, 0x00, 0x00, 0x00, 0x03, 0x00, 0x00, 0x00, 0x00, 0x00,
  0x00, 0x00, 0x00, 0x00, 0x00, 0x00, 0x00, 0x00, 0x00, 0x03, 0x00, 0x00, 0x00, 0x03, 0x80, 0x00,
  0x00, 0x00, 0xE0, 0x00, 0x01, 0x00, 0x7F, 0xC0, 0x01, 0x00, 0x3F, 0x80, 0x00, 0x80, 0x30, 0x00,
  0x00, 0xC0, 0x70, 0x00, 0x00, 0x40, 0x60, 0x00, 0x00, 0x20, 0x60, 0x00, 0x00, 0x30, 0xE0, 0x00,
  0x00, 0x10, 0xC0, 0x1C, 0x00, 0x08, 0xC0, 0x70, 0x00, 0x0D, 0xC1, 0xC0, 0x00, 0x07, 0xCE, 0x00,
  0x00, 0x0F, 0xF8, 0x00, 0x00, 0x1F, 0xE0, 0x00, 0x00, 0x1F, 0xE0, 0x00, 0x00, 0x3F, 0xE0, 0x00,
  0x00, 0x7F, 0xE0, 0x00, 0x03, 0xFF, 0xE0, 0x00, 0x0E, 0x7F, 0xE0, 0x00, 0x38, 0x7F, 0xE0, 0x00,
  0x40, 0x7F, 0xF0, 0x00, 0x00, 0x7F, 0xD8, 0x00, 0x00, 0x7F, 0x88, 0x00, 0x00, 0x3F, 0x04, 0x00,
  0x00, 0x0E, 0x06, 0x00, 0x00, 0x00, 0x02, 0x00, 0x00, 0x00, 0x01, 0x00, 0x00, 0x00, 0x00, 0x00,
  0x00, 0x00, 0x00, 0x00, 0x00, 0x00, 0x00, 0x00, 0x00, 0x03, 0x00, 0x00, 0x00, 0x03, 0x80, 0x00,
  0x00, 0x01, 0xE0, 0x00, 0x00, 0x00, 0x7F, 0x80, 0x01, 0x00, 0x3F, 0x00, 0x01, 0x80, 0x70, 0x00,
  0x00, 0xC0, 0x70, 0x00, 0x00, 0x40, 0x60, 0x00, 0x00, 0x60, 0x60, 0x00, 0x00, 0x30, 0xE0, 0x00,
  0x00, 0x10, 0xC0, 0x18, 0x00, 0x08, 0xC0, 0x70, 0x00, 0x0D, 0xC3, 0x80, 0x00, 0x07, 0xCE, 0x00,
  0x00, 0x0F, 0xF8, 0x00, 0x00, 0x1F, 0xE0, 0x00, 0x00, 0x1F, 0xE0, 0x00, 0x00, 0x3F, 0xE0, 0x00,
  0x00, 0x7F, 0xE0, 0x00, 0x01, 0xFF, 0xE0, 0x00, 0x0E, 0x7F, 0xE0, 0x00, 0x38, 0x7F, 0xF0, 0x00,
  0x60, 0x3F, 0xF0, 0x00, 0x00, 0x3F, 0xC8, 0x00, 0x00, 0x3F, 0x8C, 0x00, 0x00, 0x3F, 0x04, 0x00,
  0x00, 0x0F, 0x02, 0x00, 0x00, 0x00, 0x03, 0x00, 0x00, 0x00, 0x01, 0x00, 0x00, 0x00, 0x00, 0x00,
  0x00, 0x00, 0x00, 0x00, 0x00, 0x00, 0x00, 0x00, 0x00, 0x06, 0x00, 0x00, 0x00, 0x03, 0x00, 0x00,
  0x00, 0x01, 0xE0, 0x00, 0x00, 0x00, 0xFF, 0x80, 0x03, 0x00, 0x7E, 0x00, 0x01, 0x80, 0x70, 0x00,
  0x00, 0x80, 0x60, 0x00, 0x00, 0x40, 0x60, 0x00, 0x00, 0x60, 0xE0, 0x00, 0x00, 0x20, 0xE0, 0x08,
  0x00, 0x10, 0xC0, 0x38, 0x00, 0x18, 0xC0, 0xE0, 0x00, 0x0D, 0xC3, 0x80, 0x00, 0x07, 0xCE, 0x00,
  0x00, 0x0F, 0xF8, 0x00, 0x00, 0x1F, 0xE0, 0x00, 0x00, 0x1F, 0xE0, 0x00, 0x00, 0x3F, 0xE0, 0x00,
  0x00, 0x7F, 0xE0, 0x00, 0x01, 0xFF, 0xE0, 0x00, 0x07, 0x3F, 0xE0, 0x00, 0x1C, 0x3F, 0xF0, 0x00,
  0x30, 0x3F, 0xF8, 0x00, 0x00, 0x3F, 0xC8, 0x00, 0x00, 0x3F, 0x84, 0x00, 0x00, 0x3F, 0x86, 0x00,
  0x00, 0x0F, 0x02, 0x00, 0x00, 0x00, 0x01, 0x00, 0x00, 0x00, 0x01, 0x80, 0x00, 0x00, 0x00, 0x00,
  0x00, 0x00, 0x00, 0x00, 0x00, 0x00, 0x00, 0x00, 0x00, 0x06, 0x00, 0x00, 0x00, 0x03, 0x00, 0x00,
  0x00, 0x01, 0xC0, 0x80, 0x00, 0x00, 0xFF, 0x80, 0x03, 0x00, 0x7C, 0x00, 0x01, 0x00, 0x70, 0x00,
  0x00, 0x80, 0x60, 0x00, 0x00, 0xC0, 0x60, 0x00, 0x00, 0x60, 0xE0, 0x00, 0x00, 0x20, 0xC0, 0x08,
  0x00, 0x10, 0xC0, 0x38, 0x00, 0x18, 0xC0, 0xE0, 0x00, 0x09, 0xC3, 0x80, 0x00, 0x07, 0xCC, 0x00,
  0x00, 0x0F, 0xF0, 0x00, 0x00, 0x1F, 0xE0, 0x00, 0x00, 0x1F, 0xE0, 0x00, 0x00, 0x3F, 0xE0, 0x00,
  0x00, 0x3F, 0xF0, 0x00, 0x00, 0xFF, 0xE0, 0x00, 0x03, 0x3F, 0xE0, 0x00, 0x0C, 0x3F, 0xF0, 0x00,
  0x30, 0x3F, 0xF8, 0x00, 0x00, 0x3F, 0xC8, 0x00, 0x00, 0x3F, 0xC4, 0x00, 0x00, 0x3F, 0x82, 0x00,
  0x00, 0x0F, 0x03, 0x00, 0x00, 0x00, 0x01, 0x00, 0x00, 0x00, 0x00, 0x80, 0x00, 0x00, 0x00, 0x00,
  0x00, 0x00, 0x00, 0x00, 0x00, 0x00, 0x00, 0x00, 0x00, 0x06, 0x00, 0x00, 0x00, 0x07, 0x00, 0x00,
  0x00, 0x01, 0xC1, 0x80, 0x00, 0x00, 0xFF, 0x80, 0x02, 0x00, 0x7C, 0x00, 0x01, 0x00, 0x60, 0x00,
  0x01, 0x80, 0x60, 0x00, 0x00, 0xC0, 0xE0, 0x00, 0x00, 0x40, 0xE0, 0x00, 0x00, 0x20, 0xC0, 0x08,
  0x00, 0x30, 0xC0, 0x30, 0x00, 0x19, 0xC0, 0xC0, 0x00, 0x09, 0xC3, 0x00, 0x00, 0x07, 0xCC, 0x00,
  0x00, 0x0F, 0xF0, 0x00, 0x00, 0x1F, 0xE0, 0x00, 0x00, 0x1F, 0xE0, 0x00, 0x00, 0x3F, 0xF0, 0x00,
  0x00, 0x3F, 0xF0, 0x00, 0x00, 0xFF, 0xF0, 0x00, 0x03, 0xBF, 0xF0, 0x00, 0x0E, 0x3F, 0xF0, 0x00,
  0x38, 0x3F, 0xE8, 0x00, 0x20, 0x3F, 0xCC, 0x00, 0x00, 0x3F, 0xC4, 0x00, 0x00, 0x1F, 0x82, 0x00,
  0x00, 0x0F, 0x01, 0x00, 0x00, 0x00, 0x01, 0x80, 0x00, 0x00, 0x00, 0x80, 0x00, 0x00, 0x00, 0x00,
  0x00, 0x00, 0x00, 0x00, 0x00, 0x00, 0x00, 0x00, 0x00, 0x06, 0x00, 0x00, 0x00, 0x07, 0x00, 0x00,
  0x00, 0x03, 0xC3, 0x80, 0x00, 0x00, 0xFF, 0x00, 0x02, 0x00, 0x78, 0x00, 0x03, 0x00, 0x60, 0x00,
  0x01, 0x80, 0x60, 0x00, 0x00, 0x80, 0xE0, 0x00, 0x00, 0x40, 0xE0, 0x00, 0x00, 0x20, 0xC0, 0x18,
  0x00, 0x30, 0xC0, 0x70, 0x00, 0x19, 0xC1, 0xC0, 0x00, 0x09, 0xC7, 0x00, 0x00, 0x07, 0xCC, 0x00,
  0x00, 0x0F, 0xF0, 0x00, 0x00, 0x0F, 0xE0, 0x00, 0x00, 0x1F, 0xE0, 0x00, 0x00, 0x1F, 0xF0, 0x00,
  0x00, 0x3F, 0xF0, 0x00, 0x00, 0xFF, 0xF0, 0x00, 0x03, 0xBF, 0xF0, 0x00, 0x06, 0x3F, 0xF0, 0x00,
  0x18, 0x3F, 0xE8, 0x00, 0x20, 0x3F, 0xE4, 0x00, 0x00, 0x3F, 0xC6, 0x00, 0x00, 0x1F, 0x83, 0x00,
  0x00, 0x0F, 0x81, 0x00, 0x00, 0x00, 0x00, 0x80, 0x00, 0x00, 0x00, 0x00, 0x00, 0x00, 0x00, 0x00,
  0x00, 0x00, 0x00, 0x00, 0x00, 0x00, 0x00, 0x00, 0x00, 0x04, 0x00, 0x00, 0x00, 0x07, 0x00, 0x00,
  0x00, 0x03, 0xC3, 0x00, 0x00, 0x00, 0xFF, 0x00, 0x02, 0x00, 0x70, 0x00, 0x03, 0x00, 0x60, 0x00,
  0x01, 0x00, 0xE0, 0x00, 0x00, 0x80, 0xE0, 0x00, 0x00, 0x40, 0xC0, 0x00, 0x00, 0x60, 0xC0, 0x18,
  0x00, 0x30, 0xC0, 0x60, 0x00, 0x11, 0xC1, 0x80, 0x00, 0x09, 0xC7, 0x00, 0x00, 0x07, 0xCC, 0x00,
  0x00, 0x0F, 0xF0, 0x00, 0x00, 0x0F, 0xE0, 0x00, 0x00, 0x1F, 0xF0, 0x00, 0x00, 0x1F, 0xF0, 0x00,
  0x00, 0x3F, 0xF0, 0x00, 0x00, 0x7F, 0xF0, 0x00, 0x01, 0xBF, 0xF0, 0x00, 0x06, 0x3F, 0xF8, 0x00,
  0x1C, 0x3F, 0xE8, 0x00, 0x30, 0x3F, 0xE4, 0x00, 0x00, 0x3F, 0xC2, 0x00, 0x00, 0x1F, 0x83, 0x00,
  0x00, 0x0F, 0x81, 0x80, 0x00, 0x00, 0x00, 0x80, 0x00, 0x00, 0x00, 0x00, 0x00, 0x00, 0x00, 0x00,
  0x00, 0x00, 0x00, 0x00, 0x00, 0x00, 0x00, 0x00, 0x00, 0x0C, 0x00, 0x00, 0x00, 0x06, 0x00, 0x00,
  0x00, 0x03, 0xE7, 0x00, 0x00, 0x01, 0xFF, 0x00, 0x00, 0x00, 0x70, 0x00, 0x02, 0x00, 0xE0, 0x00,
  0x01, 0x00, 0xE0, 0x00, 0x00, 0x80, 0xC0, 0x00, 0x00, 0xC0, 0xC0, 0x08, 0x00, 0x60, 0xC0, 0x38,
  0x00, 0x30, 0xC0, 0x60, 0x00, 0x11, 0xC1, 0x80, 0x00, 0x09, 0xC6, 0x00, 0x00, 0x07, 0xDC, 0x00,
  0x00, 0x0F, 0xF0, 0x00, 0x00, 0x0F, 0xE0, 0x00, 0x00, 0x1F, 0xF0, 0x00, 0x00, 0x1F, 0xF0, 0x00,
  0x00, 0x3F, 0xF0, 0x00, 0x00, 0x7F, 0xF0, 0x00, 0x01, 0xFF, 0xF0, 0x00, 0x03, 0x3F, 0xF8, 0x00,
  0x0C, 0x3F, 0xEC, 0x00, 0x30, 0x1F, 0xE4, 0x00, 0x00, 0x1F, 0xC2, 0x00, 0x00, 0x1F, 0xC1, 0x00,
  0x00, 0x0F, 0x80, 0x80, 0x00, 0x00, 0x00, 0xC0, 0x00, 0x00, 0x00, 0x00, 0x00, 0x00, 0x00, 0x00,
  0x00, 0x00, 0x00, 0x00, 0x00, 0x00, 0x00, 0x00, 0x00, 0x0C, 0x00, 0x00, 0x00, 0x0E, 0x00, 0x00,
  0x00, 0x03, 0xE7, 0x00, 0x00, 0x01, 0xFE, 0x00, 0x00, 0x00, 0xE0, 0x00, 0x02, 0x00, 0xE0, 0x00,
  0x03, 0x00, 0xE0, 0x00, 0x01, 0x80, 0xC0, 0x00, 0x00, 0xC0, 0xC0, 0x18, 0x00, 0x60, 0xC0, 0x30,
  0x00, 0x20, 0xC0, 0xC0, 0x00, 0x11, 0xC1, 0x80, 0x00, 0x09, 0xC6, 0x00, 0x00, 0x07, 0xD8, 0x00,
  0x00, 0x07, 0xF0, 0x00, 0x00, 0x0F, 0xE0, 0x00, 0x00, 0x1F, 0xF0, 0x00, 0x00, 0x1F, 0xF0, 0x00,
  0x00, 0x1F, 0xF0, 0x00, 0x00, 0x7F, 0xF0, 0x00, 0x00, 0xFF, 0xF0, 0x00, 0x03, 0x3F, 0xF8, 0x00,
  0x0E, 0x3F, 0xEC, 0x00, 0x18, 0x1F, 0xE6, 0x00, 0x00, 0x1F, 0xC3, 0x00, 0x00, 0x1F, 0xC1, 0x00,
  0x00, 0x0F, 0x80, 0x80, 0x00, 0x00, 0x00, 0x40, 0x00, 0x00, 0x00, 0x00, 0x00, 0x00, 0x00, 0x00,
  0x00, 0x00, 0x00, 0x00, 0x00, 0x00, 0x00, 0x00, 0x00, 0x08, 0x00, 0x00, 0x00, 0x0E, 0x00, 0x00,
  0x00, 0x07, 0xEF, 0x00, 0x00, 0x01, 0xFE, 0x00, 0x00, 0x00, 0xE0, 0x00, 0x06, 0x00, 0xE0, 0x00,
  0x03, 0x00, 0xC0, 0x00, 0x01, 0x80, 0xC0, 0x00, 0x00, 0x80, 0xC0, 0x18, 0x00, 0x40, 0xC0, 0x30,
  0x00, 0x21, 0xC0, 0xC0, 0x00, 0x11, 0xC3, 0x80, 0x00, 0x09, 0xC6, 0x00, 0x00, 0x0F, 0xD8, 0x00,
  0x00, 0x07, 0xF0, 0x00, 0x00, 0x0F, 0xE0, 0x00, 0x00, 0x1F, 0xF0, 0x00, 0x00, 0x1F, 0xF0, 0x00,
  0x00, 0x1F, 0xF0, 0x00, 0x00, 0x3F, 0xF0, 0x00, 0x00, 0xFF, 0xF0, 0x00, 0x03, 0xBF, 0xF8, 0x00,
  0x06, 0x1F, 0xE4, 0x00, 0x18, 0x1F, 0xE6, 0x00, 0x10, 0x1F, 0xE3, 0x00, 0x00, 0x1F, 0xC1, 0x80,
  0x00, 0x0F, 0x80, 0xC0, 0x00, 0x00, 0x00, 0x40, 0x00, 0x00, 0x00, 0x00, 0x00, 0x00, 0x00, 0x00,
  0x00, 0x00, 0x00, 0x00, 0x00, 0x00, 0x00, 0x00, 0x00, 0x08, 0x00, 0x00, 0x00, 0x0E, 0x00, 0x00,
  0x00, 0x07, 0xEF, 0x00, 0x00, 0x01, 0xFC, 0x00, 0x00, 0x00, 0xE0, 0x00, 0x04, 0x00, 0xC0, 0x00,
  0x02, 0x00, 0xC0, 0x00, 0x01, 0x00, 0xC0, 0x00, 0x00, 0x80, 0xC0, 0x18, 0x00, 0x40, 0xC0, 0x60,
  0x00, 0x21, 0xC0, 0xC0, 0x00, 0x11, 0xC3, 0x00, 0x00, 0x19, 0xC6, 0x00, 0x00, 0x0F, 0xD8, 0x00,
  0x00, 0x07, 0xF0, 0x00, 0x00, 0x0F, 0xE0, 0x00, 0x00, 0x1F, 0xF0, 0x00, 0x00, 0x1F, 0xF0, 0x00,
  0x00, 0x1F, 0xF0, 0x00, 0x00, 0x3F, 0xF0, 0x00, 0x00, 0xFF, 0xF0, 0x00, 0x01, 0x9F, 0xF8, 0x00,
  0x06, 0x1F, 0xF4, 0x00, 0x0C, 0x1F, 0xE2, 0x00, 0x10, 0x1F, 0xE1, 0x00, 0x00, 0x1F, 0xC0, 0x80,
  0x00, 0x0F, 0xC0, 0x40, 0x00, 0x00, 0x00, 0x40, 0x00, 0x00, 0x00, 0x00, 0x00, 0x00, 0x00, 0x00,
  0x00, 0x00, 0x00, 0x00, 0x00, 0x00, 0x00, 0x00, 0x00, 0x08, 0x00, 0x00, 0x00, 0x0C, 0x02, 0x00,
  0x00, 0x07, 0xFE, 0x00, 0x00, 0x01, 0xFC, 0x00, 0x00, 0x00, 0xE0, 0x00, 0x04, 0x00, 0xC0, 0x00,
  0x06, 0x00, 0xC0, 0x00, 0x03, 0x00, 0xC0, 0x00, 0x01, 0x80, 0xC0, 0x30, 0x00, 0xC1, 0xC0, 0x60,
  0x00, 0x61, 0xC1, 0x80, 0x00, 0x31, 0xC3, 0x00, 0x00, 0x19, 0xCC, 0x00, 0x00, 0x0F, 0xD8, 0x00,
  0x00, 0x07, 0xF0, 0x00, 0x00, 0x0F, 0xE0, 0x00, 0x00, 0x1F, 0xF0, 0x00, 0x00, 0x1F, 0xF0, 0x00,
  0x00, 0x1F, 0xF0, 0x00, 0x00, 0x3F, 0xF0, 0x00, 0x00, 0x7F, 0xF8, 0x00, 0x01, 0x9F, 0xFC, 0x00,
  0x03, 0x1F, 0xF6, 0x00, 0x0C, 0x1F, 0xE3, 0x00, 0x18, 0x1F, 0xE1, 0x80, 0x00, 0x0F, 0xC0, 0xC0,
  0x00, 0x07, 0xC0, 0x40, 0x00, 0x00, 0x00, 0x00, 0x00, 0x00, 0x00, 0x00, 0x00, 0x00, 0x00, 0x00,
  0x00, 0x00, 0x00, 0x00, 0x00, 0x00, 0x00, 0x00, 0x00, 0x18, 0x00, 0x00, 0x00, 0x1C, 0x02, 0x00,
  0x00, 0x07, 0xFE, 0x00, 0x00, 0x03, 0xF8, 0x00, 0x00, 0x00, 0xC0, 0x00, 0x04, 0x00, 0xC0, 0x00,
  0x06, 0x00, 0xC0, 0x00, 0x03, 0x00, 0xC0, 0x10, 0x01, 0x81, 0xC0, 0x30, 0x00, 0xC1, 0xC0, 0x60,
  0x00, 0x61, 0xC1, 0x80, 0x00, 0x31, 0xC3, 0x00, 0x00, 0x19, 0xCC, 0x00, 0x00, 0x0F, 0xF8, 0x00,
  0x00, 0x07, 0xF0, 0x00, 0x00, 0x0F, 0xE0, 0x00, 0x00, 0x0F, 0xF0, 0x00, 0x00, 0x1F, 0xF0, 0x00,
  0x00, 0x1F, 0xF0, 0x00, 0x00, 0x3F, 0xF0, 0x00, 0x00, 0x7F, 0xF8, 0x00, 0x00, 0x9F, 0xFC, 0x00,
  0x03, 0x1F, 0xF6, 0x00, 0x06, 0x1F, 0xF3, 0x00, 0x18, 0x0F, 0xE1, 0x80, 0x00, 0x0F, 0xE0, 0xC0,
  0x00, 0x07, 0xC0, 0x60, 0x00, 0x00, 0x00, 0x00, 0x00, 0x00, 0x00, 0x00, 0x00, 0x00, 0x00, 0x00,
  0x00, 0x00, 0x00, 0x00, 0x00, 0x00, 0x00, 0x00, 0x00, 0x10, 0x00, 0x00, 0x00, 0x1C, 0x06, 0x00,
  0x00, 0x0F, 0xFE, 0x00, 0x00, 0x03, 0xF8, 0x00, 0x00, 0x00, 0xC0, 0x00, 0x00, 0x00, 0xC0, 0x00,
  0x06, 0x00, 0xC0, 0x00, 0x03, 0x01, 0xC0, 0x10, 0x01, 0x81, 0xC0, 0x30, 0x00, 0xC1, 0xC0, 0xC0,
  0x00, 0x61, 0xC1, 0x80, 0x00, 0x31, 0x82, 0x00, 0x00, 0x19, 0xCC, 0x00, 0x00, 0x0F, 0xF8, 0x00,
  0x00, 0x07, 0xE0, 0x00, 0x00, 0x0F, 0xF0, 0x00, 0x00, 0x0F, 0xF0, 0x00, 0x00, 0x1F, 0xF0, 0x00,
  0x00, 0x1F, 0xF0, 0x00, 0x00, 0x1F, 0xF0, 0x00, 0x00, 0x7F, 0xF8, 0x00, 0x00, 0xDF, 0xFC, 0x00,
  0x03, 0x1F, 0xF2, 0x00, 0x06, 0x1F, 0xF1, 0x00, 0x0C, 0x0F, 0xE0, 0x80, 0x00, 0x0F, 0xE0, 0x40,
  0x00, 0x07, 0xC0, 0x20, 0x00, 0x00, 0x00, 0x00, 0x00, 0x00, 0x00, 0x00, 0x00, 0x00, 0x00, 0x00,
  0x00, 0x00, 0x00, 0x00, 0x00, 0x00, 0x00, 0x00, 0x00, 0x10, 0x00, 0x00, 0x00, 0x1C, 0x06, 0x00,
  0x00, 0x0F, 0xFE, 0x00, 0x00, 0x03, 0xF0, 0x00, 0x00, 0x01, 0xC0, 0x00, 0x00, 0x01, 0xC0, 0x00,
  0x04, 0x01, 0xC0, 0x00, 0x02, 0x01, 0xC0, 0x10, 0x01, 0x01, 0xC0, 0x60, 0x00, 0x81, 0xC0, 0xC0,
  0x00, 0x61, 0xC1, 0x80, 0x00, 0x31, 0x86, 0x00, 0x00, 0x19, 0xCC, 0x00, 0x00, 0x0F, 0xF8, 0x00,
  0x00, 0x07, 0xE0, 0x00, 0x00, 0x0F, 0xF0, 0x00, 0x00, 0x0F, 0xF0, 0x00, 0x00, 0x1F, 0xF0, 0x00,
  0x00, 0x1F, 0xF0, 0x00, 0x00, 0x1F, 0xF8, 0x00, 0x00, 0x7F, 0xF8, 0x00, 0x00, 0xDF, 0xFC, 0x00,
  0x01, 0x9F, 0xF2, 0x00, 0x02, 0x0F, 0xF1, 0x00, 0x0C, 0x0F, 0xE0, 0xC0, 0x08, 0x0F, 0xE0, 0x60,
  0x00, 0x07, 0xC0, 0x20, 0x00, 0x00, 0x00, 0x00, 0x00, 0x00, 0x00, 0x00, 0x00, 0x00, 0x00, 0x00,
  0x00, 0x00, 0x00, 0x00, 0x00, 0x00, 0x00, 0x00, 0x00, 0x00, 0x00, 0x00, 0x00, 0x18, 0x0E, 0x00,
  0x00, 0x1F, 0xFC, 0x00, 0x00, 0x03, 0xF0, 0x00, 0x00, 0x01, 0xC0, 0x00, 0x00, 0x01, 0xC0, 0x00,
  0x0C, 0x01, 0xC0, 0x00, 0x06, 0x01, 0xC0, 0x30, 0x03, 0x01, 0xC0, 0x60, 0x00, 0x81, 0x80, 0xC0,
  0x00, 0x41, 0x81, 0x00, 0x00, 0x21, 0x86, 0x00, 0x00, 0x19, 0xCC, 0x00, 0x00, 0x0F, 0xF8, 0x00,
  0x00, 0x07, 0xE0, 0x00, 0x00, 0x0F, 0xF0, 0x00, 0x00, 0x0F, 0xF0, 0x00, 0x00, 0x1F, 0xF0, 0x00,
  0x00, 0x1F, 0xF8, 0x00, 0x00, 0x1F, 0xF8, 0x00, 0x00, 0x3F, 0xF8, 0x00, 0x00, 0xDF, 0xFE, 0x00,
  0x01, 0x9F, 0xF3, 0x00, 0x03, 0x0F, 0xF1, 0x80, 0x04, 0x0F, 0xE0, 0xC0, 0x08, 0x0F, 0xE0, 0x60,
  0x00, 0x07, 0xC0, 0x30, 0x00, 0x00, 0x00, 0x00, 0x00, 0x00, 0x00, 0x00, 0x00, 0x00, 0x00, 0x00,
  0x00, 0x00, 0x00, 0x00, 0x00, 0x00, 0x00, 0x00, 0x00, 0x00, 0x00, 0x00, 0x00, 0x38, 0x0C, 0x00,
  0x00, 0x1F, 0xFC, 0x00, 0x00, 0x07, 0xF0, 0x00, 0x00, 0x01, 0xC0, 0x00, 0x00, 0x01, 0x80, 0x00,
  0x0C, 0x01, 0x80, 0x10, 0x06, 0x01, 0x80, 0x30, 0x03, 0x01, 0x80, 0x60, 0x01, 0x81, 0x80, 0x80,
  0x00, 0xC1, 0x83, 0x00, 0x00, 0x21, 0x86, 0x00, 0x00, 0x11, 0xCC, 0x00, 0x00, 0x0F, 0xF0, 0x00,
  0x00, 0x07, 0xE0, 0x00, 0x00, 0x0F, 0xF0, 0x00, 0x00, 0x0F, 0xF0, 0x00, 0x00, 0x0F, 0xF0, 0x00,
  0x00, 0x1F, 0xF8, 0x00, 0x00, 0x1F, 0xF8, 0x00, 0x00, 0x3F, 0xFC, 0x00, 0x00, 0x7F, 0xFE, 0x00,
  0x00, 0x9F, 0xF3, 0x00, 0x03, 0x0F, 0xF1, 0x80, 0x06, 0x0F, 0xF0, 0x40, 0x0C, 0x0F, 0xE0, 0x20,
  0x00, 0x07, 0xE0, 0x10, 0x00, 0x00, 0x00, 0x00, 0x00, 0x00, 0x00, 0x00, 0x00, 0x00, 0x00, 0x00,
  0x00, 0x00, 0x00, 0x00, 0x00, 0x00, 0x00, 0x00, 0x00, 0x00, 0x00, 0x00, 0x00, 0x38, 0x0C, 0x00,
  0x00, 0x1F, 0xF8, 0x00, 0x00, 0x07, 0xE0, 0x00, 0x00, 0x01, 0x80, 0x00, 0x00, 0x01, 0x80, 0x00,
  0x08, 0x01, 0x80, 0x10, 0x04, 0x01, 0x80, 0x20, 0x03, 0x01, 0x80, 0xC0, 0x01, 0x81, 0x81, 0x80,
  0x00, 0xC1, 0x83, 0x00, 0x00, 0x61, 0x86, 0x00, 0x00, 0x11, 0xC8, 0x00, 0x00, 0x0F, 0xF0, 0x00,
  0x00, 0x07, 0xE0, 0x00, 0x00, 0x0F, 0xF0, 0x00, 0x00, 0x0F, 0xF0, 0x00, 0x00, 0x0F, 0xF8, 0x00,
  0x00, 0x1F, 0xF8, 0x00, 0x00, 0x1F, 0xF8, 0x00, 0x00, 0x3F, 0xFC, 0x00, 0x00, 0x7F, 0xFE, 0x00,
  0x00, 0xCF, 0xF9, 0x00, 0x01, 0x0F, 0xF0, 0xC0, 0x06, 0x0F, 0xF0, 0x60, 0x0C, 0x07, 0xE0, 0x30,
  0x00, 0x07, 0xE0, 0x00, 0x00, 0x00, 0x00, 0x00, 0x00, 0x00, 0x00, 0x00, 0x00, 0x00, 0x00, 0x00,
  0x00, 0x00, 0x00, 0x00, 0x00, 0x00, 0x00, 0x00, 0x00, 0x00, 0x00, 0x00, 0x00, 0x30, 0x1C, 0x00,
  0x00, 0x3F, 0xF8, 0x00, 0x00, 0x07, 0xE0, 0x00, 0x00, 0x01, 0x80, 0x00, 0x00, 0x01, 0x80, 0x00,
  0x08, 0x01, 0x80, 0x30, 0x0C, 0x01, 0x80, 0x60, 0x02, 0x01, 0x80, 0xC0, 0x01, 0x81, 0x81, 0x80,
  0x00, 0xC1, 0x83, 0x00, 0x00, 0x61, 0x86, 0x00, 0x00, 0x31, 0xC8, 0x00, 0x00, 0x0F, 0xF0, 0x00,
  0x00, 0x07, 0xE0, 0x00, 0x00, 0x0F, 0xF0, 0x00, 0x00, 0x0F, 0xF0, 0x00, 0x00, 0x0F, 0xF8, 0x00,
  0x00, 0x1F, 0xF8, 0x00, 0x00, 0x1F, 0xF8, 0x00, 0x00, 0x3F, 0xFC, 0x00, 0x00, 0x7F, 0xFA, 0x00,
  0x00, 0xCF, 0xF9, 0x80, 0x01, 0x8F, 0xF0, 0xC0, 0x03, 0x0F, 0xF0, 0x60, 0x04, 0x07, 0xF0, 0x10,
  0x00, 0x03, 0xE0, 0x00, 0x00, 0x00, 0x00, 0x00, 0x00, 0x00, 0x00, 0x00, 0x00, 0x00, 0x00, 0x00,
  0x00, 0x00, 0x00, 0x00, 0x00, 0x00, 0x00, 0x00, 0x00, 0x00, 0x00, 0x00, 0x00, 0x30, 0x1C, 0x00,
  0x00, 0x3F, 0xF8, 0x00, 0x00, 0x0F, 0xE0, 0x00, 0x00, 0x03, 0x80, 0x00, 0x00, 0x01, 0x80, 0x00,
  0x00, 0x01, 0x80, 0x30, 0x0C, 0x01, 0x80, 0x60, 0x06, 0x01, 0x80, 0xC0, 0x03, 0x01, 0x81, 0x80,
  0x00, 0xC1, 0x82, 0x00, 0x00, 0x61, 0x84, 0x00, 0x00, 0x31, 0xC8, 0x00, 0x00, 0x0F, 0xF0, 0x00,
  0x00, 0x07, 0xE0, 0x00, 0x00, 0x0F, 0xF0, 0x00, 0x00, 0x0F, 0xF0, 0x00, 0x00, 0x0F, 0xF8, 0x00,
  0x00, 0x0F, 0xF8, 0x00, 0x00, 0x1F, 0xF8, 0x00, 0x00, 0x1F, 0xFC, 0x00, 0x00, 0x3F, 0xFB, 0x00,
  0x00, 0xCF, 0xF9, 0x80, 0x01, 0x8F, 0xF0, 0xC0, 0x03, 0x07, 0xF0, 0x30, 0x06, 0x07, 0xF0, 0x10,
  0x04, 0x03, 0xE0, 0x00, 0x00, 0x00, 0x00, 0x00, 0x00, 0x00, 0x00, 0x00, 0x00, 0x00, 0x00, 0x00,
  0x00, 0x00, 0x00, 0x00, 0x00, 0x00, 0x00, 0x00, 0x00, 0x00, 0x08, 0x00, 0x00, 0x60, 0x18, 0x00,
  0x00, 0x3F, 0xF0, 0x00, 0x00, 0x0F, 0xC0, 0x00, 0x00, 0x03, 0x80, 0x00, 0x00, 0x01, 0x80, 0x00,
  0x00, 0x01, 0x80, 0x20, 0x08, 0x01, 0x80, 0x40, 0x06, 0x01, 0x80, 0x80, 0x03, 0x01, 0x81, 0x00,
  0x01, 0x81, 0x82, 0x00, 0x00, 0x61, 0x84, 0x00, 0x00, 0x31, 0xD8, 0x00, 0x00, 0x1F, 0xF0, 0x00,
  0x00, 0x07, 0xE0, 0x00, 0x00, 0x07, 0xF0, 0x00, 0x00, 0x0F, 0xF0, 0x00, 0x00, 0x0F, 0xF8, 0x00,
  0x00, 0x0F, 0xF8, 0x00, 0x00, 0x0F, 0xF8, 0x00, 0x00, 0x1F, 0xFE, 0x00, 0x00, 0x3F, 0xFB, 0x00,
  0x00, 0x4F, 0xF9, 0x80, 0x00, 0x8F, 0xF8, 0x60, 0x01, 0x07, 0xF0, 0x30, 0x02, 0x07, 0xF0, 0x18,
  0x04, 0x03, 0xE0, 0x00, 0x00, 0x00, 0x00, 0x00, 0x00, 0x00, 0x00, 0x00, 0x00, 0x00, 0x00, 0x00,
  0x00, 0x00, 0x00, 0x00, 0x00, 0x00, 0x00, 0x00, 0x00, 0x00, 0x08, 0x00, 0x00, 0x60, 0x38, 0x00,
  0x00, 0x7F, 0xF0, 0x00, 0x00, 0x0F, 0xC0, 0x00, 0x00, 0x03, 0x80, 0x00, 0x00, 0x03, 0x80, 0x00,
  0x00, 0x03, 0x80, 0x20, 0x08, 0x01, 0x80, 0x40, 0x0C, 0x01, 0x81, 0x80, 0x03, 0x01, 0x83, 0x00,
  0x01, 0x81, 0x86, 0x00, 0x00, 0x61, 0x8C, 0x00, 0x00, 0x31, 0xD8, 0x00, 0x00, 0x1F, 0xF0, 0x00,
  0x00, 0x07, 0xE0, 0x00, 0x00, 0x07, 0xF0, 0x00, 0x00, 0x0F, 0xF8, 0x00, 0x00, 0x0F, 0xF8, 0x00,
  0x00, 0x0F, 0xF8, 0x00, 0x00, 0x0F, 0xFC, 0x00, 0x00, 0x1F, 0xFE, 0x00, 0x00, 0x3F, 0xFB, 0x00,
  0x00, 0x6F, 0xF8, 0xC0, 0x00, 0xCF, 0xF8, 0x60, 0x01, 0x87, 0xF0, 0x18, 0x03, 0x07, 0xF0, 0x08,
  0x06, 0x03, 0xE0, 0x00, 0x00, 0x00, 0x00, 0x00, 0x00, 0x00, 0x00, 0x00, 0x00, 0x00, 0x00, 0x00,
  0x00, 0x00, 0x00, 0x00, 0x00, 0x00, 0x00, 0x00, 0x00, 0x00, 0x08, 0x00, 0x00, 0x60, 0x38, 0x00,
  0x00, 0x7F, 0xF0, 0x00, 0x00, 0x1F, 0xC0, 0x00, 0x00, 0x03, 0x80, 0x00, 0x00, 0x03, 0x80, 0x20,
  0x00, 0x03, 0x80, 0x60, 0x08, 0x03, 0x80, 0xC0, 0x0C, 0x03, 0x81, 0x80, 0x03, 0x01, 0x83, 0x00,
  0x01, 0x81, 0x86, 0x00, 0x00, 0xC1, 0x8C, 0x00, 0x00, 0x31, 0xD8, 0x00, 0x00, 0x1B, 0xF0, 0x00,
  0x00, 0x07, 0xE0, 0x00, 0x00, 0x07, 0xF0, 0x00, 0x00, 0x0F, 0xF8, 0x00, 0x00, 0x0F, 0xF8, 0x00,
  0x00, 0x0F, 0xF8, 0x00, 0x00, 0x0F, 0xFC, 0x00, 0x00, 0x1F, 0xFE, 0x00, 0x00, 0x3F, 0xF9, 0x80,
  0x00, 0x6F, 0xF8, 0xC0, 0x00, 0xC7, 0xF8, 0x30, 0x01, 0x87, 0xF8, 0x18, 0x03, 0x03, 0xF0, 0x00,
  0x06, 0x03, 0xE0, 0x00, 0x00, 0x00, 0x00, 0x00, 0x00, 0x00, 0x00, 0x00, 0x00, 0x00, 0x00, 0x00,
  0x00, 0x00, 0x00, 0x00, 0x00, 0x00, 0x00, 0x00, 0x00, 0x00, 0x18, 0x00, 0x00, 0x40, 0x38, 0x00,
  0x00, 0x7F, 0xE0, 0x00, 0x00, 0x1F, 0xC0, 0x00, 0x00, 0x03, 0x00, 0x00, 0x00, 0x03, 0x00, 0x20,
  0x00, 0x03, 0x80, 0x60, 0x00, 0x03, 0x80, 0xC0, 0x0C, 0x03, 0x81, 0x80, 0x06, 0x03, 0x83, 0x00,
  0x01, 0x81, 0x86, 0x00, 0x00, 0xC1, 0x8C, 0x00, 0x00, 0x31, 0xD8, 0x00, 0x00, 0x1B, 0xF0, 0x00,
  0x00, 0x07, 0xE0, 0x00, 0x00, 0x07, 0xF0, 0x00, 0x00, 0x0F, 0xF8, 0x00, 0x00, 0x0F, 0xF8, 0x00,
  0x00, 0x0F, 0xF8, 0x00, 0x00, 0x0F, 0xFC, 0x00, 0x00, 0x1F, 0xFF, 0x00, 0x00, 0x1F, 0xF9, 0x80,
  0x00, 0x2F, 0xF8, 0x60, 0x00, 0x47, 0xF8, 0x30, 0x00, 0x87, 0xF8, 0x18, 0x01, 0x03, 0xF0, 0x00,
  0x02, 0x03, 0xF0, 0x00, 0x00, 0x00, 0x00, 0x00, 0x00, 0x00, 0x00, 0x00, 0x00, 0x00, 0x00, 0x00,
  0x00, 0x00, 0x00, 0x00, 0x00, 0x00, 0x00, 0x00, 0x00, 0x00, 0x18, 0x00, 0x00, 0x40, 0x30, 0x00,
  0x00, 0x7F, 0xE0, 0x00, 0x00, 0x3F, 0x80, 0x00, 0x00, 0x07, 0x00, 0x00, 0x00, 0x03, 0x00, 0x20,
  0x00, 0x03, 0x00, 0x40, 0x00, 0x03, 0x80, 0x80, 0x18, 0x03, 0x81, 0x00, 0x06, 0x03, 0x82, 0x00,
  0x03, 0x01, 0x86, 0x00, 0x00, 0xC1, 0x8C, 0x00, 0x00, 0x73, 0xD8, 0x00, 0x00, 0x1B, 0xF0, 0x00,
  0x00, 0x07, 0xF0, 0x00, 0x00, 0x07, 0xF0, 0x00, 0x00, 0x0F, 0xF8, 0x00, 0x00, 0x0F, 0xF8, 0x00,
  0x00, 0x0F, 0xF8, 0x00, 0x00, 0x0F, 0xFC, 0x00, 0x00, 0x0F, 0xFF, 0x00, 0x00, 0x1F, 0xFD, 0x80,
  0x00, 0x27, 0xF8, 0x60, 0x00, 0x47, 0xF8, 0x38, 0x00, 0x87, 0xF8, 0x08, 0x01, 0x83, 0xF8, 0x00,
  0x03, 0x01, 0xF0, 0x00, 0x02, 0x00, 0x00, 0x00, 0x00, 0x00, 0x00, 0x00, 0x00, 0x00, 0x00, 0x00,
  0x00, 0x00, 0x00, 0x00, 0x00, 0x00, 0x00, 0x00, 0x00, 0x00, 0x10, 0x00, 0x00, 0x00, 0x70, 0x00,
  0x00, 0xF7, 0xE0, 0x00, 0x00, 0x3F, 0x80, 0x00, 0x00, 0x07, 0x00, 0x00, 0x00, 0x03, 0x00, 0x60,
  0x00, 0x03, 0x00, 0xC0, 0x00, 0x03, 0x00, 0x80, 0x18, 0x03, 0x81, 0x00, 0x0E, 0x03, 0x82, 0x00,
  0x03, 0x03, 0x84, 0x00, 0x00, 0xC1, 0x88, 0x00, 0x00, 0x63, 0xD8, 0x00, 0x00, 0x1B, 0xF0, 0x00,
  0x00, 0x0F, 0xF0, 0x00, 0x00, 0x07, 0xF0, 0x00, 0x00, 0x0F, 0xF8, 0x00, 0x00, 0x0F, 0xF8, 0x00,
  0x00, 0x0F, 0xF8, 0x00, 0x00, 0x0F, 0xFE, 0x00, 0x00, 0x0F, 0xFF, 0x00, 0x00, 0x1F, 0xFC, 0xC0,
  0x00, 0x37, 0xFC, 0x60, 0x00, 0x67, 0xF8, 0x18, 0x00, 0xC3, 0xF8, 0x08, 0x01, 0x83, 0xF8, 0x00,
  0x03, 0x01, 0xF0, 0x00, 0x02, 0x00, 0x00, 0x00, 0x00, 0x00, 0x00, 0x00, 0x00, 0x00, 0x00, 0x00,
  0x00, 0x00, 0x00, 0x00, 0x00, 0x00, 0x00, 0x00, 0x00, 0x00, 0x30, 0x00, 0x00, 0x00, 0x70, 0x00,
  0x00, 0xF7, 0xE0, 0x00, 0x00, 0x7F, 0x80, 0x00, 0x00, 0x07, 0x00, 0x00, 0x00, 0x03, 0x00, 0x60,
  0x00, 0x03, 0x00, 0xC0, 0x00, 0x03, 0x01, 0x80, 0x18, 0x03, 0x03, 0x00, 0x0C, 0x03, 0x82, 0x00,
  0x03, 0x03, 0x84, 0x00, 0x01, 0xC1, 0x88, 0x00, 0x00, 0x63, 0xD0, 0x00, 0x00, 0x1B, 0xF0, 0x00,
  0x00, 0x0F, 0xF0, 0x00, 0x00, 0x07, 0xF0, 0x00, 0x00, 0x0F, 0xF8, 0x00, 0x00, 0x0F, 0xF8, 0x00,
  0x00, 0x0F, 0xFC, 0x00, 0x00, 0x0F, 0xFE, 0x00, 0x00, 0x0F, 0xFF, 0x80, 0x00, 0x1F, 0xFC, 0xC0,
  0x00, 0x37, 0xFC, 0x30, 0x00, 0x67, 0xF8, 0x18, 0x00, 0x43, 0xF8, 0x00, 0x00, 0x83, 0xF8, 0x00,
  0x01, 0x01, 0xF0, 0x00, 0x02, 0x00, 0x00, 0x00, 0x00, 0x00, 0x00, 0x00, 0x00, 0x00, 0x00, 0x00,
  0x00, 0x00, 0x00, 0x00, 0x00, 0x00, 0x00, 0x00, 0x00, 0x00, 0x30, 0x00, 0x00, 0x00, 0x70, 0x00,
  0x00, 0xE3, 0xC0, 0x00, 0x00, 0x7F, 0x80, 0x00, 0x00, 0x07, 0x00, 0x00, 0x00, 0x07, 0x00, 0x40,
  0x00, 0x03, 0x00, 0x80, 0x00, 0x03, 0x01, 0x80, 0x10, 0x03, 0x03, 0x00, 0x0C, 0x03, 0x86, 0x00,
  0x07, 0x03, 0x84, 0x00, 0x01, 0x81, 0x88, 0x00, 0x00, 0x63, 0xD0, 0x00, 0x00, 0x3B, 0xE0, 0x00,
  0x00, 0x0F, 0xF0, 0x00, 0x00, 0x07, 0xF0, 0x00, 0x00, 0x07, 0xF8, 0x00, 0x00, 0x0F, 0xF8, 0x00,
  0x00, 0x0F, 0xFC, 0x00, 0x00, 0x0F, 0xFE, 0x00, 0x00, 0x0F, 0xFD, 0x80, 0x00, 0x1F, 0xFC, 0xE0,
  0x00, 0x17, 0xFC, 0x30, 0x00, 0x27, 0xFC, 0x0C, 0x00, 0x43, 0xF8, 0x00, 0x00, 0x83, 0xF8, 0x00,
  0x01, 0x81, 0xF0, 0x00, 0x03, 0x00, 0x00, 0x00, 0x00, 0x00, 0x00, 0x00, 0x00, 0x00, 0x00, 0x00,
  0x00, 0x00, 0x00, 0x00, 0x00, 0x00, 0x00, 0x00, 0x00, 0x00, 0x30, 0x00, 0x00, 0x00, 0x60, 0x00,
  0x00, 0xE3, 0xC0, 0x00, 0x00, 0xFF, 0x80, 0x00, 0x00, 0x0F, 0x00, 0x40, 0x00, 0x07, 0x00, 0xC0,
  0x00, 0x03, 0x00, 0x80, 0x00, 0x03, 0x01, 0x00, 0x00, 0x03, 0x03, 0x00, 0x18, 0x03, 0x06, 0x00,
  0x06, 0x03, 0x8C, 0x00, 0x01, 0x83, 0x88, 0x00, 0x00, 0xE3, 0xD0, 0x00, 0x00, 0x3B, 0xE0, 0x00,
  0x00, 0x0F, 0xF0, 0x00, 0x00, 0x07, 0xF8, 0x00, 0x00, 0x07, 0xF8, 0x00, 0x00, 0x0F, 0xF8, 0x00,
  0x00, 0x0F, 0xFC, 0x00, 0x00, 0x0F, 0xFF, 0x00, 0x00, 0x0F, 0xFD, 0x80, 0x00, 0x0F, 0xFC, 0x60,
  0x00, 0x17, 0xFC, 0x18, 0x00, 0x27, 0xFC, 0x0C, 0x00, 0x63, 0xFC, 0x00, 0x00, 0xC1, 0xF8, 0x00,
  0x00, 0x81, 0xF0, 0x00, 0x01, 0x00, 0x00, 0x00, 0x00, 0x00, 0x00, 0x00, 0x00, 0x00, 0x00, 0x00,
  0x00, 0x00, 0x00, 0x00, 0x00, 0x00, 0x00, 0x00, 0x00, 0x00, 0x20, 0x00, 0x00, 0x00, 0xE0, 0x00,
  0x00, 0xC3, 0xC0, 0x00, 0x00, 0xFF, 0x00, 0x00, 0x00, 0x0E, 0x00, 0x40, 0x00, 0x07, 0x00, 0xC0,
  0x00, 0x07, 0x01, 0x80, 0x00, 0x03, 0x01, 0x00, 0x00, 0x03, 0x02, 0x00, 0x18, 0x03, 0x06, 0x00,
  0x0E, 0x03, 0x8C, 0x00, 0x03, 0x83, 0x88, 0x00, 0x00, 0xE3, 0xD0, 0x00, 0x00, 0x3B, 0xE0, 0x00,
  0x00, 0x0F, 0xF0, 0x00, 0x00, 0x07, 0xF8, 0x00, 0x00, 0x07, 0xF8, 0x00, 0x00, 0x0F, 0xFC, 0x00,
  0x00, 0x0F, 0xFC, 0x00, 0x00, 0x0F, 0xFF, 0x00, 0x00, 0x0F, 0xFD, 0xC0, 0x00, 0x0F, 0xFC, 0x70,
  0x00, 0x17, 0xFC, 0x1C, 0x00, 0x33, 0xFC, 0x04, 0x00, 0x63, 0xFC, 0x00, 0x00, 0x41, 0xF8, 0x00,
  0x00, 0x80, 0xF0, 0x00, 0x01, 0x80, 0x00, 0x00, 0x00, 0x00, 0x00, 0x00, 0x00, 0x00, 0x00, 0x00,
  0x00, 0x00, 0x00, 0x00, 0x00, 0x00, 0x00, 0x00, 0x00, 0x00, 0x60, 0x00, 0x00, 0x00, 0xE0, 0x00,
  0x01, 0x83, 0xC0, 0x00, 0x00, 0xFF, 0x00, 0x00, 0x00, 0x1E, 0x00, 0x40, 0x00, 0x06, 0x00, 0x80,
  0x00, 0x07, 0x01, 0x80, 0x00, 0x07, 0x03, 0x00, 0x00, 0x03, 0x02, 0x00, 0x18, 0x03, 0x04, 0x00,
  0x0E, 0x03, 0x8C, 0x00, 0x03, 0x83, 0x98, 0x00, 0x00, 0xC3, 0xD0, 0x00, 0x00, 0x33, 0xE0, 0x00,
  0x00, 0x0F, 0xF0, 0x00, 0x00, 0x07, 0xF8, 0x00, 0x00, 0x07, 0xF8, 0x00, 0x00, 0x07, 0xFC, 0x00,
  0x00, 0x0F, 0xFC, 0x00, 0x00, 0x07, 0xFF, 0x00, 0x00, 0x07, 0xFC, 0xC0, 0x00, 0x0F, 0xFC, 0x30,
  0x00, 0x1F, 0xFC, 0x0C, 0x00, 0x33, 0xFC, 0x00, 0x00, 0x23, 0xFC, 0x00, 0x00, 0x41, 0xFC, 0x00,
  0x00, 0xC0, 0xF0, 0x00, 0x01, 0x80, 0x00, 0x00, 0x01, 0x00, 0x00, 0x00, 0x00, 0x00, 0x00, 0x00,
  0x00, 0x00, 0x00, 0x00, 0x00, 0x00, 0x00, 0x00, 0x00, 0x00, 0x60, 0x00, 0x00, 0x00, 0xE0, 0x00,
  0x01, 0x83, 0x80, 0x00, 0x01, 0xFF, 0x00, 0x00, 0x00, 0x3E, 0x00, 0xC0, 0x00, 0x06, 0x00, 0x80,
  0x00, 0x07, 0x01, 0x00, 0x00, 0x07, 0x03, 0x00, 0x00, 0x03, 0x02, 0x00, 0x10, 0x03, 0x04, 0x00,
  0x1C, 0x03, 0x08, 0x00, 0x03, 0x03, 0x98, 0x00, 0x00, 0xC3, 0xD0, 0x00, 0x00, 0x33, 0xE0, 0x00,
  0x00, 0x0F, 0xF0, 0x00, 0x00, 0x07, 0xF8, 0x00, 0x00, 0x07, 0xF8, 0x00, 0x00, 0x07, 0xFC, 0x00,
  0x00, 0x07, 0xFE, 0x00, 0x00, 0x07, 0xFF, 0x80, 0x00, 0x07, 0xFC, 0xE0, 0x00, 0x0F, 0xFC, 0x38,
  0x00, 0x1F, 0xFC, 0x0C, 0x00, 0x13, 0xFC, 0x00, 0x00, 0x21, 0xFC, 0x00, 0x00, 0x61, 0xFC, 0x00,
  0x00, 0xC0, 0xF0, 0x00, 0x00, 0x80, 0x00, 0x00, 0x01, 0x00, 0x00, 0x00, 0x00, 0x00, 0x00, 0x00,
  0x00, 0x00, 0x00, 0x00, 0x00, 0x00, 0x00, 0x00, 0x00, 0x00, 0x60, 0x00, 0x00, 0x00, 0xC0, 0x00,
  0x01, 0x07, 0x80, 0x00, 0x01, 0xFF, 0x00, 0x00, 0x00, 0x3E, 0x00, 0xC0, 0x00, 0x06, 0x01, 0x80,
  0x00, 0x06, 0x01, 0x00, 0x00, 0x07, 0x02, 0x00, 0x00, 0x07, 0x06, 0x00, 0x10, 0x03, 0x04, 0x00,
  0x1C, 0x03, 0x08, 0x00, 0x07, 0x03, 0x98, 0x00, 0x01, 0xC3, 0xD0, 0x00, 0x00, 0x73, 0xE0, 0x00,
  0x00, 0x0F, 0xF0, 0x00, 0x00, 0x07, 0xF8, 0x00, 0x00, 0x07, 0xF8, 0x00, 0x00, 0x07, 0xFC, 0x00,
  0x00, 0x07, 0xFE, 0x00, 0x00, 0x07, 0xFF, 0x80, 0x00, 0x07, 0xFC, 0xE0, 0x00, 0x0F, 0xFE, 0x18,
  0x00, 0x0F, 0xFC, 0x06, 0x00, 0x13, 0xFC, 0x00, 0x00, 0x31, 0xFC, 0x00, 0x00, 0x21, 0xFC, 0x00,
  0x00, 0x40, 0xF0, 0x00, 0x00, 0x80, 0x00, 0x00, 0x00, 0x80, 0x00, 0x00, 0x00, 0x00, 0x00, 0x00,
  0x00, 0x00, 0x00, 0x00, 0x00, 0x00, 0x00, 0x00, 0x00, 0x00, 0x60, 0x00, 0x00, 0x01, 0xC0, 0x00,
  0x00, 0x07, 0x80, 0x00, 0x01, 0xFF, 0x00, 0x00, 0x00, 0xFE, 0x00, 0x80, 0x00, 0x0E, 0x01, 0x80,
  0x00, 0x06, 0x01, 0x00, 0x00, 0x07, 0x02, 0x00, 0x00, 0x07, 0x06, 0x00, 0x00, 0x03, 0x04, 0x00,
  0x18, 0x03, 0x08, 0x00, 0x07, 0x03, 0x98, 0x00, 0x01, 0xC3, 0xF0, 0x00, 0x00, 0x73, 0xE0, 0x00,
  0x00, 0x1F, 0xF0, 0x00, 0x00, 0x07, 0xF8, 0x00, 0x00, 0x07, 0xFC, 0x00, 0x00, 0x07, 0xFC, 0x00,
  0x00, 0x07, 0xFE, 0x00, 0x00, 0x07, 0xFF, 0xC0, 0x00, 0x07, 0xFE, 0x70, 0x00, 0x07, 0xFE, 0x1C,
  0x00, 0x0F, 0xFE, 0x06, 0x00, 0x13, 0xFE, 0x00, 0x00, 0x31, 0xFC, 0x00, 0x00, 0x20, 0xFC, 0x00,
  0x00, 0x40, 0xF0, 0x00, 0x00, 0xC0, 0x00, 0x00, 0x00, 0x80, 0x00, 0x00, 0x00, 0x00, 0x00, 0x00,
  0x00, 0x00, 0x00, 0x00, 0x00, 0x00, 0x00, 0x00, 0x00, 0x00, 0xC0, 0x00, 0x00, 0x01, 0xC0, 0x00,
  0x00, 0x07, 0x80, 0x00, 0x01, 0xFE, 0x00, 0x80, 0x01, 0xFE, 0x00, 0x80, 0x00, 0x0E, 0x01, 0x00,
  0x00, 0x06, 0x03, 0x00, 0x00, 0x06, 0x02, 0x00, 0x00, 0x07, 0x04, 0x00, 0x00, 0x03, 0x0C, 0x00,
  0x18, 0x03, 0x08, 0x00, 0x0E, 0x03, 0x90, 0x00, 0x03, 0xC3, 0xF0, 0x00, 0x00, 0x73, 0xE0, 0x00,
  0x00, 0x1F, 0xF0, 0x00, 0x00, 0x07, 0xF8, 0x00, 0x00, 0x07, 0xFC, 0x00, 0x00, 0x07, 0xFC, 0x00,
  0x00, 0x07, 0xFF, 0x00, 0x00, 0x07, 0xFF, 0xC0, 0x00, 0x07, 0xFE, 0x70, 0x00, 0x07, 0xFE, 0x0E,
  0x00, 0x0F, 0xFE, 0x02, 0x00, 0x1B, 0xFE, 0x00, 0x00, 0x11, 0xFE, 0x00, 0x00, 0x20, 0xFC, 0x00,
  0x00, 0x60, 0x70, 0x00, 0x00, 0x40, 0x00, 0x00, 0x00, 0x80, 0x00, 0x00, 0x00, 0x00, 0x00, 0x00,
  0x00, 0x00, 0x00, 0x00, 0x00, 0x00, 0x00, 0x00, 0x00, 0x00, 0xC0, 0x00, 0x00, 0x01, 0xC0, 0x00,
  0x00, 0x07, 0x00, 0x00, 0x03, 0xFE, 0x00, 0x80, 0x01, 0xFC, 0x01, 0x80, 0x00, 0x0E, 0x01, 0x00,
  0x00, 0x0E, 0x03, 0x00, 0x00, 0x06, 0x02, 0x00, 0x00, 0x07, 0x04, 0x00, 0x00, 0x07, 0x0C, 0x00,
  0x30, 0x03, 0x08, 0x00, 0x0E, 0x03, 0x90, 0x00, 0x03, 0x83, 0xF0, 0x00, 0x00, 0xF3, 0xE0, 0x00,
  0x00, 0x1F, 0xF0, 0x00, 0x00, 0x07, 0xF8, 0x00, 0x00, 0x07, 0xFC, 0x00, 0x00, 0x07, 0xFC, 0x00,
  0x00, 0x07, 0xFF, 0x00, 0x00, 0x07, 0xFF, 0xE0, 0x00, 0x07, 0xFE, 0x38, 0x00, 0x07, 0xFE, 0x0E,
  0x00, 0x0F, 0xFE, 0x00, 0x00, 0x0B, 0xFE, 0x00, 0x00, 0x11, 0xFE, 0x00, 0x00, 0x30, 0xFC, 0x00,
  0x00, 0x20, 0x70, 0x00, 0x00, 0x40, 0x00, 0x00, 0x00, 0xC0, 0x00, 0x00, 0x00, 0x00, 0x00, 0x00,
  0x00, 0x00, 0x00, 0x00, 0x00, 0x00, 0x00, 0x00, 0x00, 0x00, 0xC0, 0x00, 0x00, 0x01, 0x80, 0x00,
  0x00, 0x07, 0x00, 0x00, 0x03, 0xFE, 0x00, 0x80, 0x01, 0xFC, 0x01, 0x80, 0x00, 0x0C, 0x01, 0x00,
  0x00, 0x0E, 0x02, 0x00, 0x00, 0x06, 0x06, 0x00, 0x00, 0x07, 0x04, 0x00, 0x00, 0x07, 0x08, 0x00,
  0x10, 0x03, 0x08, 0x00, 0x1C, 0x03, 0x90, 0x00, 0x03, 0x83, 0xF0, 0x00, 0x00, 0xE3, 0xE0, 0x00,
  0x00, 0x1F, 0xF0, 0x00, 0x00, 0x07, 0xF8, 0x00, 0x00, 0x07, 0xFC, 0x00, 0x00, 0x07, 0xFC, 0x00,
  0x00, 0x07, 0xFF, 0x80, 0x00, 0x07, 0xFE, 0xE0, 0x00, 0x07, 0xFE, 0x3C, 0x00, 0x07, 0xFE, 0x06,
  0x00, 0x0F, 0xFE, 0x00, 0x00, 0x09, 0xFE, 0x00, 0x00, 0x19, 0xFE, 0x00, 0x00, 0x10, 0xFC, 0x00,
  0x00, 0x20, 0x78, 0x00, 0x00, 0x60, 0x00, 0x00, 0x00, 0x40, 0x00, 0x00, 0x00, 0x00, 0x00, 0x00,
  0x00, 0x00, 0x00, 0x00, 0x00, 0x00, 0x00, 0x00, 0x00, 0x00, 0xC0, 0x00, 0x00, 0x01, 0x80, 0x00,
  0x00, 0x07, 0x00, 0x00, 0x03, 0xBE, 0x01, 0x80, 0x03, 0xFC, 0x01, 0x00, 0x00, 0x0C, 0x03, 0x00,
  0x00, 0x0E, 0x02, 0x00, 0x00, 0x06, 0x06, 0x00, 0x00, 0x06, 0x04, 0x00, 0x00, 0x07, 0x08, 0x00,
  0x00, 0x03, 0x18, 0x00, 0x1C, 0x03, 0x90, 0x00, 0x07, 0x83, 0xF0, 0x00, 0x00, 0xE3, 0xE0, 0x00,
  0x00, 0x1F, 0xF0, 0x00, 0x00, 0x07, 0xF8, 0x00, 0x00, 0x07, 0xFC, 0x00, 0x00, 0x07, 0xFE, 0x00,
  0x00, 0x07, 0xFF, 0x80, 0x00, 0x07, 0xFE, 0xF0, 0x00, 0x07, 0xFE, 0x1E, 0x00, 0x07, 0xFE, 0x02,
  0x00, 0x07, 0xFE, 0x00, 0x00, 0x09, 0xFE, 0x00, 0x00, 0x18, 0xFE, 0x00, 0x00, 0x10, 0xFC, 0x00,
  0x00, 0x30, 0x70, 0x00, 0x00, 0x20, 0x00, 0x00, 0x00, 0x40, 0x00, 0x00, 0x00, 0x40, 0x00, 0x00,
  0x00, 0x00, 0x00, 0x00, 0x00, 0x00, 0x00, 0x00, 0x00, 0x01, 0x80, 0x00, 0x00, 0x03, 0x80, 0x00,
  0x00, 0x07, 0x00, 0x00, 0x03, 0x1E, 0x01, 0x80, 0x03, 0xFC, 0x01, 0x00, 0x00, 0x1C, 0x02, 0x00,
  0x00, 0x0E, 0x02, 0x00, 0x00, 0x0E, 0x04, 0x00, 0x00, 0x06, 0x0C, 0x00, 0x00, 0x07, 0x08, 0x00,
  0x00, 0x03, 0x18, 0x00, 0x38, 0x03, 0x90, 0x00, 0x0F, 0x03, 0xF0, 0x00, 0x01, 0xE3, 0xE0, 0x00,
  0x00, 0x3F, 0xF8, 0x00, 0x00, 0x07, 0xF8, 0x00, 0x00, 0x07, 0xFC, 0x00, 0x00, 0x07, 0xFE, 0x00,
  0x00, 0x07, 0xFF, 0xC0, 0x00, 0x07, 0xFE, 0x78, 0x00, 0x03, 0xFE, 0x0E, 0x00, 0x07, 0xFE, 0x00,
  0x00, 0x07, 0xFE, 0x00, 0x00, 0x09, 0xFE, 0x00, 0x00, 0x08, 0xFE, 0x00, 0x00, 0x10, 0x7C, 0x00,
  0x00, 0x10, 0x30, 0x00, 0x00, 0x20, 0x00, 0x00, 0x00, 0x60, 0x00, 0x00, 0x00, 0x40, 0x00, 0x00,
  0x00, 0x00, 0x00, 0x00, 0x00, 0x00, 0x00, 0x00, 0x00, 0x01, 0x80, 0x00, 0x00, 0x03, 0x80, 0x00,
  0x00, 0x07, 0x00, 0x00, 0x00, 0x1E, 0x01, 0x00, 0x03, 0xFC, 0x03, 0x00, 0x00, 0x1C, 0x02, 0x00,
  0x00, 0x0C, 0x06, 0x00, 0x00, 0x0E, 0x04, 0x00, 0x00, 0x06, 0x0C, 0x00, 0x00, 0x07, 0x08, 0x00,
  0x00, 0x07, 0x18, 0x00, 0x38, 0x03, 0x90, 0x00, 0x0F, 0x03, 0xE0, 0x00, 0x01, 0xE3, 0xE0, 0x00,
  0x00, 0x3F, 0xF8, 0x00, 0x00, 0x07, 0xF8, 0x00, 0x00, 0x07, 0xFC, 0x00, 0x00, 0x07, 0xFE, 0x00,
  0x00, 0x07, 0xFF, 0xC0, 0x00, 0x07, 0xFE, 0x78, 0x00, 0x03, 0xFE, 0x07, 0x00, 0x07, 0xFE, 0x00,
  0x00, 0x07, 0xFE, 0x00, 0x00, 0x0D, 0xFF, 0x00, 0x00, 0x08, 0xFE, 0x00, 0x00, 0x18, 0x7C, 0x00,
  0x00, 0x10, 0x30, 0x00, 0x00, 0x30, 0x00, 0x00, 0x00, 0x20, 0x00, 0x00, 0x00, 0x60, 0x00, 0x00,
  0x00, 0x00, 0x00, 0x00, 0x00, 0x00, 0x00, 0x00, 0x00, 0x01, 0x80, 0x00, 0x00, 0x03, 0x00, 0x00,
  0x00, 0x06, 0x01, 0x00, 0x00, 0x1C, 0x01, 0x00, 0x03, 0xFC, 0x03, 0x00, 0x01, 0x5C, 0x02, 0x00,
  0x00, 0x0C, 0x06, 0x00, 0x00, 0x0E, 0x04, 0x00, 0x00, 0x06, 0x08, 0x00, 0x00, 0x07, 0x08, 0x00,
  0x00, 0x07, 0x10, 0x00, 0x30, 0x03, 0x10, 0x00, 0x1E, 0x03, 0xE0, 0x00, 0x03, 0xC3, 0xF0, 0x00,
  0x00, 0x3F, 0xF8, 0x00, 0x00, 0x07, 0xFC, 0x00, 0x00, 0x07, 0xFC, 0x00, 0x00, 0x07, 0xFF, 0x00,
  0x00, 0x07, 0xFF, 0xE0, 0x00, 0x07, 0xFE, 0x3C, 0x00, 0x03, 0xFF, 0x07, 0x00, 0x03, 0xFF, 0x00,
  0x00, 0x07, 0xFF, 0x00, 0x00, 0x05, 0xFF, 0x00, 0x00, 0x08, 0xFE, 0x00, 0x00, 0x08, 0x7C, 0x00,
  0x00, 0x10, 0x30, 0x00, 0x00, 0x10, 0x00, 0x00, 0x00, 0x20, 0x00, 0x00, 0x00, 0x20, 0x00, 0x00,
  0x00, 0x00, 0x00, 0x00, 0x00, 0x00, 0x00, 0x00, 0x00, 0x01, 0x80, 0x00, 0x00, 0x03, 0x00, 0x00,
  0x00, 0x06, 0x01, 0x00, 0x00, 0x1C, 0x03, 0x00, 0x07, 0xF8, 0x02, 0x00, 0x03, 0xFC, 0x02, 0x00,
  0x00, 0x0C, 0x04, 0x00, 0x00, 0x0E, 0x04, 0x00, 0x00, 0x0E, 0x08, 0x00, 0x00, 0x06, 0x08, 0x00,
  0x00, 0x07, 0x10, 0x00, 0x00, 0x03, 0x10, 0x00, 0x3E, 0x03, 0xE0, 0x00, 0x03, 0xC3, 0xF0, 0x00,
  0x00, 0x7F, 0xF8, 0x00, 0x00, 0x07, 0xFC, 0x00, 0x00, 0x07, 0xFC, 0x00, 0x00, 0x07, 0xFF, 0x00,
  0x00, 0x07, 0xFF, 0xF0, 0x00, 0x07, 0xFE, 0x1E, 0x00, 0x03, 0xFF, 0x03, 0x00, 0x03, 0xFF, 0x00,
  0x00, 0x07, 0xFF, 0x00, 0x00, 0x05, 0xFF, 0x00, 0x00, 0x0C, 0xFE, 0x00, 0x00, 0x08, 0x7C, 0x00,
  0x00, 0x18, 0x10, 0x00, 0x00, 0x10, 0x00, 0x00, 0x00, 0x30, 0x00, 0x00, 0x00, 0x20, 0x00, 0x00,
  0x00, 0x00, 0x00, 0x00, 0x00, 0x00, 0x00, 0x00, 0x00, 0x01, 0x00, 0x00, 0x00, 0x03, 0x00, 0x00,
  0x00, 0x06, 0x01, 0x00, 0x00, 0x1C, 0x03, 0x00, 0x07, 0xF8, 0x02, 0x00, 0x03, 0xF8, 0x06, 0x00,
  0x00, 0x1C, 0x04, 0x00, 0x00, 0x0C, 0x0C, 0x00, 0x00, 0x0E, 0x08, 0x00, 0x00, 0x06, 0x18, 0x00,
  0x00, 0x07, 0x10, 0x00, 0x00, 0x03, 0x10, 0x00, 0x3C, 0x03, 0xE0, 0x00, 0x07, 0xC3, 0xF0, 0x00,
  0x00, 0x7F, 0xF8, 0x00, 0x00, 0x07, 0xFC, 0x00, 0x00, 0x07, 0xFC, 0x00, 0x00, 0x07, 0xFF, 0x80,
  0x00, 0x07, 0xFF, 0xF0, 0x00, 0x03, 0xFF, 0x0F, 0x00, 0x03, 0xFF, 0x00, 0x00, 0x03, 0xFF, 0x00,
  0x00, 0x07, 0xFF, 0x00, 0x00, 0x04, 0xFF, 0x00, 0x00, 0x0C, 0x7F, 0x00, 0x00, 0x08, 0x3E, 0x00,
  0x00, 0x08, 0x10, 0x00, 0x00, 0x10, 0x00, 0x00, 0x00, 0x10, 0x00, 0x00, 0x00, 0x20, 0x00, 0x00,
  0x00, 0x00, 0x00, 0x00, 0x00, 0x00, 0x00, 0x00, 0x00, 0x03, 0x00, 0x00, 0x00, 0x03, 0x00, 0x00,
  0x00, 0x06, 0x03, 0x00, 0x00, 0x1C, 0x02, 0x00, 0x07, 0xF8, 0x02, 0x00, 0x07, 0xF8, 0x04, 0x00,
  0x00, 0x1C, 0x04, 0x00, 0x00, 0x0C, 0x0C, 0x00, 0x00, 0x0E, 0x08, 0x00, 0x00, 0x06, 0x18, 0x00,
  0x00, 0x07, 0x10, 0x00, 0x00, 0x03, 0x30, 0x00, 0x38, 0x03, 0xE0, 0x00, 0x0F, 0x83, 0xF0, 0x00,
  0x00, 0xFF, 0xF8, 0x00, 0x00, 0x0F, 0xFC, 0x00, 0x00, 0x07, 0xFE, 0x00, 0x00, 0x07, 0xFF, 0x80,
  0x00, 0x07, 0xFF, 0x78, 0x00, 0x03, 0xFF, 0x0F, 0x00, 0x03, 0xFF, 0x00, 0x00, 0x03, 0xFF, 0x00,
  0x00, 0x03, 0xFF, 0x00, 0x00, 0x04, 0xFF, 0x00, 0x00, 0x04, 0x7F, 0x00, 0x00, 0x0C, 0x3E, 0x00,
  0x00, 0x08, 0x00, 0x00, 0x00, 0x18, 0x00, 0x00, 0x00, 0x10, 0x00, 0x00, 0x00, 0x10, 0x00, 0x00,
  0x00, 0x00, 0x00, 0x00, 0x00, 0x00, 0x00, 0x00, 0x00, 0x03, 0x00, 0x00, 0x00, 0x06, 0x00, 0x00,
  0x00, 0x0E, 0x02, 0x00, 0x00, 0x1C, 0x02, 0x00, 0x07, 0xF8, 0x06, 0x00, 0x07, 0xF8, 0x04, 0x00,
  0x00, 0x1C, 0x04, 0x00, 0x00, 0x0C, 0x08, 0x00, 0x00, 0x0E, 0x08, 0x00, 0x00, 0x06, 0x18, 0x00,
  0x00, 0x07, 0x10, 0x00, 0x00, 0x03, 0x30, 0x00, 0x30, 0x03, 0xE0, 0x00, 0x1F, 0x83, 0xF0, 0x00,
  0x00, 0xFF, 0xF8, 0x00, 0x00, 0x0F, 0xFC, 0x00, 0x00, 0x07, 0xFE, 0x00, 0x00, 0x07, 0xFF, 0xC0,
  0x00, 0x03, 0xFF, 0x7E, 0x00, 0x03, 0xFF, 0x03, 0x00, 0x03, 0xFF, 0x00, 0x00, 0x03, 0xFF, 0x00,
  0x00, 0x03, 0xFF, 0x00, 0x00, 0x06, 0xFF, 0x00, 0x00, 0x04, 0x7F, 0x00, 0x00, 0x0C, 0x3E, 0x00,
  0x00, 0x08, 0x00, 0x00, 0x00, 0x08, 0x00, 0x00, 0x00, 0x10, 0x00, 0x00, 0x00, 0x10, 0x00, 0x00,
  0x00, 0x00, 0x00, 0x00, 0x00, 0x00, 0x00, 0x00, 0x00, 0x03, 0x00, 0x00, 0x00, 0x06, 0x00, 0x00,
  0x00, 0x0C, 0x02, 0x00, 0x00, 0x1C, 0x02, 0x00, 0x00, 0x78, 0x04, 0x00, 0x07, 0xF8, 0x04, 0x00,
  0x00, 0x1C, 0x0C, 0x00, 0x00, 0x1C, 0x08, 0x00, 0x00, 0x0E, 0x08, 0x00, 0x00, 0x0E, 0x10, 0x00,
  0x00, 0x07, 0x10, 0x00, 0x00, 0x03, 0x30, 0x00, 0x20, 0x03, 0xE0, 0x00, 0x3F, 0x03, 0xF0, 0x00,
  0x01, 0xFF, 0xF8, 0x00, 0x00, 0x0F, 0xFC, 0x00, 0x00, 0x03, 0xFE, 0x00, 0x00, 0x07, 0xFF, 0xE0,
  0x00, 0x03, 0xFF, 0x3F, 0x00, 0x03, 0xFF, 0x01, 0x00, 0x03, 0xFF, 0x00, 0x00, 0x03, 0xFF, 0x00,
  0x00, 0x03, 0xFF, 0x00, 0x00, 0x02, 0xFF, 0x00, 0x00, 0x04, 0x7F, 0x00, 0x00, 0x04, 0x3E, 0x00,
  0x00, 0x0C, 0x00, 0x00, 0x00, 0x08, 0x00, 0x00, 0x00, 0x18, 0x00, 0x00, 0x00, 0x10, 0x00, 0x00,
  0x00, 0x00, 0x00, 0x00, 0x00, 0x00, 0x00, 0x00, 0x00, 0x02, 0x00, 0x00, 0x00, 0x06, 0x00, 0x00,
  0x00, 0x0C, 0x02, 0x00, 0x00, 0x1C, 0x06, 0x00, 0x00, 0x78, 0x04, 0x00, 0x07, 0xF8, 0x04, 0x00,
  0x00, 0x18, 0x08, 0x00, 0x00, 0x1C, 0x08, 0x00, 0x00, 0x0C, 0x18, 0x00, 0x00, 0x0E, 0x10, 0x00,
  0x00, 0x07, 0x10, 0x00, 0x00, 0x07, 0x30, 0x00, 0x00, 0x03, 0xE0, 0x00, 0x3E, 0x03, 0xF0, 0x00,
  0x03, 0xF3, 0xF8, 0x00, 0x00, 0x1F, 0xFC, 0x00, 0x00, 0x03, 0xFE, 0x00, 0x00, 0x03, 0xFF, 0xF0,
  0x00, 0x03, 0xFF, 0x1F, 0x00, 0x03, 0xFF, 0x00, 0x00, 0x03, 0xFF, 0x00, 0x00, 0x01, 0xFF, 0x00,
  0x00, 0x03, 0xFF, 0x80, 0x00, 0x02, 0xFF, 0x80, 0x00, 0x06, 0x7F, 0x00, 0x00, 0x04, 0x3E, 0x00,
  0x00, 0x04, 0x00, 0x00, 0x00, 0x08, 0x00, 0x00, 0x00, 0x08, 0x00, 0x00, 0x00, 0x18, 0x00, 0x00,
  0x00, 0x00, 0x00, 0x00, 0x00, 0x00, 0x00, 0x00, 0x00, 0x06, 0x00, 0x00, 0x00, 0x06, 0x00, 0x00,
  0x00, 0x0C, 0x06, 0x00, 0x00, 0x18, 0x04, 0x00, 0x00, 0x78, 0x04, 0x00, 0x0F, 0xF8, 0x0C, 0x00,
  0x06, 0x38, 0x08, 0x00, 0x00, 0x1C, 0x08, 0x00, 0x00, 0x0C, 0x18, 0x00, 0x00, 0x0E, 0x10, 0x00,
  0x00, 0x07, 0x10, 0x00, 0x00, 0x07, 0x20, 0x00, 0x00, 0x03, 0xE0, 0x00, 0x3E, 0x03, 0xF0, 0x00,
  0x07, 0xF3, 0xF8, 0x00, 0x00, 0x1F, 0xFC, 0x00, 0x00, 0x03, 0xFE, 0x00, 0x00, 0x03, 0xFF, 0xF8,
  0x00, 0x03, 0xFF, 0x0F, 0x00, 0x03, 0xFF, 0x00, 0x00, 0x03, 0xFF, 0x00, 0x00, 0x01, 0xFF, 0x80,
  0x00, 0x03, 0xFF, 0x80, 0x00, 0x02, 0xFF, 0x80, 0x00, 0x02, 0x3F, 0x00, 0x00, 0x04, 0x1E, 0x00,
  0x00, 0x04, 0x00, 0x00, 0x00, 0x0C, 0x00, 0x00, 0x00, 0x08, 0x00, 0x00, 0x00, 0x08, 0x00, 0x00,
  0x00, 0x00, 0x00, 0x00, 0x00, 0x00, 0x00, 0x00, 0x00, 0x06, 0x00, 0x00, 0x00, 0x06, 0x00, 0x00,
  0x00, 0x0C, 0x06, 0x00, 0x00, 0x18, 0x04, 0x00, 0x00, 0x78, 0x04, 0x00, 0x0F, 0xF0, 0x08, 0x00,
  0x07, 0x38, 0x08, 0x00, 0x00, 0x1C, 0x08, 0x00, 0x00, 0x0C, 0x10, 0x00, 0x00, 0x0E, 0x10, 0x00,
  0x00, 0x06, 0x30, 0x00, 0x00, 0x07, 0x20, 0x00, 0x00, 0x03, 0xE0, 0x00, 0x3C, 0x03, 0xF0, 0x00,
  0x0F, 0xF3, 0xF8, 0x00, 0x00, 0x3F, 0xFC, 0x00, 0x00, 0x03, 0xFF, 0x80, 0x00, 0x03, 0xFF, 0xFE,
  0x00, 0x03, 0xFF, 0x03, 0x00, 0x03, 0xFF, 0x00, 0x00, 0x01, 0xFF, 0x80, 0x00, 0x01, 0xFF, 0x80,
  0x00, 0x03, 0xFF, 0x80, 0x00, 0x02, 0x7F, 0x80, 0x00, 0x02, 0x3F, 0x00, 0x00, 0x06, 0x1E, 0x00,
  0x00, 0x04, 0x00, 0x00, 0x00, 0x04, 0x00, 0x00, 0x00, 0x0C, 0x00, 0x00, 0x00, 0x08, 0x00, 0x00,
  0x00, 0x00, 0x00, 0x00, 0x00, 0x00, 0x00, 0x00, 0x00, 0x06, 0x00, 0x00, 0x00, 0x0C, 0x04, 0x00,
  0x00, 0x0C, 0x04, 0x00, 0x00, 0x18, 0x04, 0x00, 0x00, 0x70, 0x0C, 0x00, 0x0F, 0xF0, 0x08, 0x00,
  0x0F, 0xB8, 0x08, 0x00, 0x00, 0x1C, 0x18, 0x00, 0x00, 0x1C, 0x10, 0x00, 0x00, 0x0E, 0x10, 0x00,
  0x00, 0x06, 0x30, 0x00, 0x00, 0x07, 0x20, 0x00, 0x00, 0x03, 0xE0, 0x00, 0x30, 0x03, 0xF0, 0x00,
  0x1F, 0xE3, 0xFC, 0x00, 0x00, 0x3F, 0xFE, 0x00, 0x00, 0x03, 0xFF, 0xC0, 0x00, 0x03, 0xFF, 0xFF,
  0x00, 0x03, 0xFF, 0x01, 0x00, 0x03, 0xFF, 0x80, 0x00, 0x01, 0xFF, 0x80, 0x00, 0x01, 0xFF, 0x80,
  0x00, 0x01, 0xFF, 0x80, 0x00, 0x02, 0x7F, 0x80, 0x00, 0x02, 0x3F, 0x00, 0x00, 0x02, 0x1E, 0x00,
  0x00, 0x06, 0x00, 0x00, 0x00, 0x04, 0x00, 0x00, 0x00, 0x04, 0x00, 0x00, 0x00, 0x0C, 0x00, 0x00,
  0x00, 0x00, 0x00, 0x00, 0x00, 0x00, 0x00, 0x00, 0x00, 0x06, 0x00, 0x00, 0x00, 0x0C, 0x04, 0x00,
  0x00, 0x0C, 0x04, 0x00, 0x00, 0x18, 0x0C, 0x00, 0x00, 0x70, 0x08, 0x00, 0x07, 0xF0, 0x08, 0x00,
  0x0F, 0xF8, 0x08, 0x00, 0x00, 0x18, 0x18, 0x00, 0x00, 0x1C, 0x10, 0x00, 0x00, 0x0E, 0x10, 0x00,
  0x00, 0x06, 0x30, 0x00, 0x00, 0x07, 0x20, 0x00, 0x00, 0x03, 0xE0, 0x00, 0x00, 0x03, 0xF0, 0x00,
  0x3F, 0xE3, 0xFC, 0x00, 0x00, 0x7F, 0xFE, 0x00, 0x00, 0x03, 0xFF, 0xE0, 0x00, 0x03, 0xFF, 0x7F,
  0x00, 0x03, 0xFF, 0x00, 0x00, 0x03, 0xFF, 0x80, 0x00, 0x01, 0xFF, 0x80, 0x00, 0x01, 0xFF, 0x80,
  0x00, 0x01, 0xFF, 0x80, 0x00, 0x03, 0x7F, 0x80, 0x00, 0x02, 0x3F, 0x00, 0x00, 0x02, 0x0E, 0x00,
  0x00, 0x06, 0x00, 0x00, 0x00, 0x04, 0x00, 0x00, 0x00, 0x04, 0x00, 0x00, 0x00, 0x04, 0x00, 0x00,
  0x00, 0x00, 0x00, 0x00, 0x00, 0x00, 0x00, 0x00, 0x00, 0x04, 0x00, 0x00, 0x00, 0x0C, 0x04, 0x00,
  0x00, 0x18, 0x04, 0x00, 0x00, 0x18, 0x0C, 0x00, 0x00, 0x70, 0x08, 0x00, 0x01, 0xF0, 0x08, 0x00,
  0x0F, 0xF8, 0x18, 0x00, 0x00, 0x38, 0x10, 0x00, 0x00, 0x1C, 0x10, 0x00, 0x00, 0x0E, 0x10, 0x00,
  0x00, 0x0E, 0x30, 0x00, 0x00, 0x07, 0x20, 0x00, 0x00, 0x03, 0xE0, 0x00, 0x00, 0x03, 0xF8, 0x00,
  0x3F, 0xC3, 0xFC, 0x00, 0x00, 0xFF, 0xFE, 0x00, 0x00, 0x03, 0xFF, 0xF8, 0x00, 0x03, 0xFF, 0x1F,
  0x00, 0x03, 0xFF, 0x00, 0x00, 0x03, 0xFF, 0x80, 0x00, 0x01, 0xFF, 0x80, 0x00, 0x01, 0xFF, 0x80,
  0x00, 0x01, 0xFF, 0x80, 0x00, 0x01, 0x7F, 0x80, 0x00, 0x03, 0x3F, 0x00, 0x00, 0x02, 0x0C, 0x00,
  0x00, 0x02, 0x00, 0x00, 0x00, 0x06, 0x00, 0x00, 0x00, 0x04, 0x00, 0x00, 0x00, 0x04, 0x00, 0x00,
  0x00, 0x00, 0x00, 0x00, 0x00, 0x00, 0x00, 0x00, 0x00, 0x0C, 0x00, 0x00, 0x00, 0x0C, 0x04, 0x00,
  0x00, 0x18, 0x0C, 0x00, 0x00, 0x38, 0x08, 0x00, 0x00, 0x70, 0x08, 0x00, 0x01, 0xF0, 0x08, 0x00,
  0x0F, 0xF0, 0x18, 0x00, 0x0C, 0x38, 0x10, 0x00, 0x00, 0x1C, 0x10, 0x00, 0x00, 0x0C, 0x30, 0x00,
  0x00, 0x0E, 0x20, 0x00, 0x00, 0x07, 0x20, 0x00, 0x00, 0x03, 0xE0, 0x00, 0x00, 0x03, 0xF8, 0x00,
  0x3F, 0x83, 0xFC, 0x00, 0x03, 0xFF, 0xFE, 0x00, 0x00, 0x03, 0xFF, 0xFF, 0x00, 0x03, 0xFF, 0x07,
  0x00, 0x03, 0xFF, 0x80, 0x00, 0x03, 0xFF, 0x80, 0x00, 0x01, 0xFF, 0x80, 0x00, 0x01, 0xFF, 0x80,
  0x00, 0x01, 0xFF, 0xC0, 0x00, 0x01, 0x7F, 0x80, 0x00, 0x03, 0x1F, 0x00, 0x00, 0x02, 0x0C, 0x00,
  0x00, 0x02, 0x00, 0x00, 0x00, 0x02, 0x00, 0x00, 0x00, 0x06, 0x00, 0x00, 0x00, 0x04, 0x00, 0x00,
  0x00, 0x00, 0x00, 0x00, 0x00, 0x00, 0x00, 0x00, 0x00, 0x0C, 0x00, 0x00, 0x00, 0x0C, 0x0C, 0x00,
  0x00, 0x18, 0x08, 0x00, 0x00, 0x38, 0x08, 0x00, 0x00, 0x70, 0x08, 0x00, 0x00, 0xF0, 0x18, 0x00,
  0x0F, 0xF0, 0x10, 0x00, 0x0C, 0x38, 0x10, 0x00, 0x00, 0x1C, 0x10, 0x00, 0x00, 0x1C, 0x30, 0x00,
  0x00, 0x0E, 0x20, 0x00, 0x00, 0x07, 0x20, 0x00, 0x00, 0x03, 0xE0, 0x00, 0x00, 0x03, 0xF8, 0x00,
  0x3E, 0x03, 0xFC, 0x00, 0x1F, 0xFF, 0xFE, 0x00, 0x00, 0x03, 0xFF, 0xFF, 0x00, 0x03, 0xFF, 0x00,
  0x00, 0x03, 0xFF, 0x80, 0x00, 0x01, 0xFF, 0x80, 0x00, 0x01, 0xFF, 0x80, 0x00, 0x01, 0xFF, 0xC0,
  0x00, 0x01, 0xFF, 0xC0, 0x00, 0x01, 0x3F, 0x80, 0x00, 0x01, 0x1F, 0x00, 0x00, 0x03, 0x0C, 0x00,
  0x00, 0x02, 0x00, 0x00, 0x00, 0x02, 0x00, 0x00, 0x00, 0x02, 0x00, 0x00, 0x00, 0x06, 0x00, 0x00,
  0x00, 0x00, 0x00, 0x00, 0x00, 0x00, 0x00, 0x00, 0x00, 0x0C, 0x00, 0x00, 0x00, 0x0C, 0x08, 0x00,
  0x00, 0x18, 0x08, 0x00, 0x00, 0x30, 0x08, 0x00, 0x00, 0x70, 0x18, 0x00, 0x00, 0xE0, 0x10, 0x00,
  0x0F, 0xF0, 0x10, 0x00, 0x0E, 0x38, 0x10, 0x00, 0x00, 0x1C, 0x10, 0x00, 0x00, 0x1C, 0x30, 0x00,
  0x00, 0x0E, 0x20, 0x00, 0x00, 0x07, 0x20, 0x00, 0x00, 0x03, 0xE0, 0x00, 0x00, 0x03, 0xF8, 0x00,
  0x10, 0x03, 0xFC, 0x00, 0x3F, 0xFF, 0xFE, 0x00, 0x00, 0x03, 0xFF, 0xFF, 0x00, 0x03, 0xFF, 0x00,
  0x00, 0x03, 0xFF, 0x80, 0x00, 0x01, 0xFF, 0x80, 0x00, 0x01, 0xFF, 0x80, 0x00, 0x00, 0xFF, 0xC0,
  0x00, 0x01, 0xFF, 0xC0, 0x00, 0x01, 0x3F, 0x80, 0x00, 0x01, 0x1F, 0x00, 0x00, 0x01, 0x04, 0x00,
  0x00, 0x03, 0x00, 0x00, 0x00, 0x02, 0x00, 0x00, 0x00, 0x02, 0x00, 0x00, 0x00, 0x02, 0x00, 0x00,
  0x00, 0x00, 0x00, 0x00, 0x00, 0x00, 0x00, 0x00, 0x00, 0x08, 0x00, 0x00, 0x00, 0x18, 0x08, 0x00,
  0x00, 0x18, 0x08, 0x00, 0x00, 0x30, 0x18, 0x00, 0x00, 0x70, 0x10, 0x00, 0x00, 0xE0, 0x10, 0x00,
  0x0F, 0xF0, 0x10, 0x00, 0x1E, 0x38, 0x10, 0x00, 0x00, 0x38, 0x30, 0x00, 0x00, 0x1C, 0x20, 0x00,
  0x00, 0x0E, 0x20, 0x00, 0x00, 0x07, 0x20, 0x00, 0x00, 0x03, 0xE0, 0x00, 0x00, 0x03, 0xF8, 0x00,
  0x00, 0x03, 0xFC, 0x00, 0x3F, 0xFF, 0xFF, 0xE0, 0x00, 0x03, 0xFF, 0xFF, 0x00, 0x03, 0xFF, 0x80,
  0x00, 0x03, 0xFF, 0x80, 0x00, 0x01, 0xFF, 0x80, 0x00, 0x01, 0xFF, 0xC0, 0x00, 0x00, 0xFF, 0xC0,
  0x00, 0x00, 0xFF, 0xC0, 0x00, 0x01, 0x3F, 0x80, 0x00, 0x01, 0x0F, 0x00, 0x00, 0x01, 0x00, 0x00,
  0x00, 0x01, 0x00, 0x00, 0x00, 0x03, 0x00, 0x00, 0x00, 0x02, 0x00, 0x00, 0x00, 0x02, 0x00, 0x00,
  0x00, 0x00, 0x00, 0x00, 0x00, 0x00, 0x00, 0x00, 0x00, 0x08, 0x00, 0x00, 0x00, 0x18, 0x08, 0x00,
  0x00, 0x18, 0x18, 0x00, 0x00, 0x30, 0x18, 0x00, 0x00, 0x70, 0x10, 0x00, 0x00, 0xE0, 0x10, 0x00,
  0x07, 0xF0, 0x10, 0x00, 0x1F, 0x70, 0x30, 0x00, 0x00, 0x38, 0x30, 0x00, 0x00, 0x1C, 0x20, 0x00,
  0x00, 0x0E, 0x20, 0x00, 0x00, 0x07, 0x20, 0x00, 0x00, 0x07, 0xE0, 0x00, 0x00, 0x03, 0xF8, 0x00,
  0x00, 0x03, 0xFC, 0x00, 0x3F, 0xFF, 0xFF, 0xFF, 0x00, 0x03, 0xFF, 0xBF, 0x00, 0x03, 0xFF, 0x80,
  0x00, 0x03, 0xFF, 0x80, 0x00, 0x01, 0xFF, 0x80, 0x00, 0x01, 0xFF, 0xC0, 0x00, 0x00, 0xFF, 0xC0,
  0x00, 0x00, 0xFF, 0xC0, 0x00, 0x01, 0xBF, 0x80, 0x00, 0x01, 0x0F, 0x00, 0x00, 0x01, 0x00, 0x00,
  0x00, 0x01, 0x00, 0x00, 0x00, 0x01, 0x00, 0x00, 0x00, 0x03, 0x00, 0x00, 0x00, 0x02, 0x00, 0x00,
  0x00, 0x00, 0x00, 0x00, 0x00, 0x00, 0x00, 0x00, 0x00, 0x18, 0x00, 0x00, 0x00, 0x18, 0x18, 0x00,
  0x00, 0x10, 0x10, 0x00, 0x00, 0x30, 0x10, 0x00, 0x00, 0x60, 0x10, 0x00, 0x00, 0xE0, 0x10, 0x00,
  0x03, 0xE0, 0x10, 0x00, 0x1F, 0x70, 0x30, 0x00, 0x08, 0x38, 0x20, 0x00, 0x00, 0x1C, 0x20, 0x00,
  0x00, 0x0E, 0x20, 0x00, 0x00, 0x07, 0x20, 0x00, 0x00, 0x07, 0xE0, 0x00, 0x00, 0x03, 0xF8, 0x00,
  0x00, 0x03, 0xFE, 0x00, 0x3F, 0xFF, 0xFF, 0xFF, 0x00, 0x03, 0xFF, 0x80, 0x00, 0x03, 0xFF, 0x80,
  0x00, 0x03, 0xFF, 0x80, 0x00, 0x01, 0xFF, 0xC0, 0x00, 0x01, 0xFF, 0xC0, 0x00, 0x00, 0xFF, 0xC0,
  0x00, 0x00, 0xFF, 0xC0, 0x00, 0x00, 0xBF, 0x80, 0x00, 0x01, 0x8F, 0x00, 0x00, 0x01, 0x00, 0x00,
  0x00, 0x01, 0x00, 0x00, 0x00, 0x01, 0x00, 0x00, 0x00, 0x01, 0x00, 0x00, 0x00, 0x01, 0x00, 0x00,
  0x00, 0x00, 0x00, 0x00, 0x00, 0x00, 0x00, 0x00, 0x00, 0x10, 0x00, 0x00, 0x00, 0x18, 0x10, 0x00,
  0x00, 0x30, 0x10, 0x00, 0x00, 0x30, 0x10, 0x00, 0x00, 0x60, 0x10, 0x00, 0x00, 0xE0, 0x10, 0x00,
  0x03, 0xE0, 0x30, 0x00, 0x1F, 0xF0, 0x20, 0x00, 0x18, 0x38, 0x20, 0x00, 0x00, 0x1C, 0x20, 0x00,
  0x00, 0x0E, 0x20, 0x00, 0x00, 0x0F, 0x20, 0x00, 0x00, 0x07, 0xE0, 0x00, 0x00, 0x03, 0xF8, 0x00,
  0x00, 0x03, 0xFE, 0x00, 0x1F, 0xFF, 0xFF, 0xFF, 0x1F, 0x03, 0xFF, 0x80, 0x00, 0x03, 0xFF, 0x80,
  0x00, 0x01, 0xFF, 0x80, 0x00, 0x01, 0xFF, 0xC0, 0x00, 0x00, 0xFF, 0xC0, 0x00, 0x00, 0xFF, 0xC0,
  0x00, 0x00, 0xFF, 0xC0, 0x00, 0x00, 0x9F, 0x80, 0x00, 0x00, 0x8F, 0x00, 0x00, 0x01, 0x80, 0x00,
  0x00, 0x01, 0x00, 0x00, 0x00, 0x01, 0x00, 0x00, 0x00, 0x01, 0x00, 0x00, 0x00, 0x01, 0x00, 0x00,
  0x00, 0x00, 0x00, 0x00, 0x00, 0x00, 0x00, 0x00, 0x00, 0x10, 0x00, 0x00, 0x00, 0x18, 0x10, 0x00,
  0x00, 0x30, 0x10, 0x00, 0x00, 0x30, 0x10, 0x00, 0x00, 0x60, 0x10, 0x00, 0x00, 0xE0, 0x30, 0x00,
  0x01, 0xE0, 0x20, 0x00, 0x1F, 0xF0, 0x20, 0x00, 0x1C, 0x38, 0x20, 0x00, 0x00, 0x1C, 0x20, 0x00,
  0x00, 0x1E, 0x20, 0x00, 0x00, 0x0F, 0x20, 0x00, 0x00, 0x07, 0xF0, 0x00, 0x00, 0x03, 0xFC, 0x00,
  0x00, 0x03, 0xFE, 0x00, 0x03, 0xFF, 0xFF, 0xFF, 0x3F, 0xF3, 0xFF, 0x80, 0x00, 0x03, 0xFF, 0x80,
  0x00, 0x01, 0xFF, 0xC0, 0x00, 0x01, 0xFF, 0xC0, 0x00, 0x00, 0xFF, 0xC0, 0x00, 0x00, 0xFF, 0xC0,
  0x00, 0x00, 0xFF, 0xC0, 0x00, 0x00, 0x9F, 0x80, 0x00, 0x00, 0x87, 0x00, 0x00, 0x00, 0x80, 0x00,
  0x00, 0x01, 0x80, 0x00, 0x00, 0x01, 0x80, 0x00, 0x00, 0x01, 0x00, 0x00, 0x00, 0x01, 0x00, 0x00,
  0x00, 0x00, 0x00, 0x00, 0x00, 0x00, 0x00, 0x00, 0x00, 0x10, 0x10, 0x00, 0x00, 0x30, 0x10, 0x00,
  0x00, 0x30, 0x10, 0x00, 0x00, 0x20, 0x30, 0x00, 0x00, 0x60, 0x30, 0x00, 0x00, 0xE0, 0x20, 0x00,
  0x01, 0xE0, 0x20, 0x00, 0x0F, 0xF0, 0x20, 0x00, 0x1C, 0x78, 0x20, 0x00, 0x00, 0x3C, 0x20, 0x00,
  0x00, 0x1E, 0x20, 0x00, 0x00, 0x0F, 0x60, 0x00, 0x00, 0x07, 0xF0, 0x00, 0x00, 0x03, 0xFC, 0x00,
  0x00, 0x03, 0xFE, 0x0F, 0x00, 0x7F, 0xFF, 0xFF, 0x3F, 0xFB, 0xFF, 0x80, 0x00, 0x03, 0xFF, 0x80,
  0x00, 0x01, 0xFF, 0xC0, 0x00, 0x01, 0xFF, 0xC0, 0x00, 0x00, 0xFF, 0xE0, 0x00, 0x00, 0xFF, 0xE0,
  0x00, 0x00, 0xFF, 0xC0, 0x00, 0x00, 0x9F, 0x80, 0x00, 0x00, 0x87, 0x00, 0x00, 0x00, 0x80, 0x00,
  0x00, 0x00, 0x80, 0x00, 0x00, 0x00, 0x80, 0x00, 0x00, 0x01, 0x80, 0x00, 0x00, 0x01, 0x80, 0x00,
  0x00, 0x00, 0x00, 0x00, 0x00, 0x00, 0x00, 0x00, 0x00, 0x10, 0x10, 0x00, 0x00, 0x30, 0x30, 0x00,
  0x00, 0x30, 0x30, 0x00, 0x00, 0x20, 0x30, 0x00, 0x00, 0x60, 0x20, 0x00, 0x00, 0xC0, 0x20, 0x00,
  0x01, 0xE0, 0x20, 0x00, 0x07, 0xF0, 0x20, 0x00, 0x1E, 0x78, 0x20, 0x00, 0x00, 0x3C, 0x20, 0x00,
  0x00, 0x1C, 0x20, 0x00, 0x00, 0x0F, 0x60, 0x00, 0x00, 0x07, 0xF0, 0x00, 0x00, 0x03, 0xFC, 0x00,
  0x00, 0x03, 0xFE, 0x7F, 0x00, 0x1F, 0xFF, 0xF0, 0x3F, 0xFF, 0xFF, 0x80, 0x00, 0x03, 0xFF, 0x80,
  0x00, 0x01, 0xFF, 0xC0, 0x00, 0x01, 0xFF, 0xC0, 0x00, 0x00, 0xFF, 0xE0, 0x00, 0x00, 0xFF, 0xE0,
  0x00, 0x00, 0xFF, 0xC0, 0x00, 0x00, 0x9F, 0x80, 0x00, 0x00, 0x87, 0x00, 0x00, 0x00, 0x80, 0x00,
  0x00, 0x00, 0x80, 0x00, 0x00, 0x00, 0x80, 0x00, 0x00, 0x00, 0x80, 0x00, 0x00, 0x00, 0x80, 0x00,
  0x00, 0x00, 0x00, 0x00, 0x00, 0x00, 0x00, 0x00, 0x00, 0x00, 0x00, 0x00, 0x00, 0x30, 0x30, 0x00,
  0x00, 0x30, 0x20, 0x00, 0x00, 0x60, 0x20, 0x00, 0x00, 0x60, 0x20, 0x00, 0x00, 0xC0, 0x20, 0x00,
  0x01, 0xC0, 0x20, 0x00, 0x07, 0xE0, 0x20, 0x00, 0x1E, 0x70, 0x20, 0x00, 0x10, 0x38, 0x20, 0x00,
  0x00, 0x1C, 0x20, 0x00, 0x00, 0x0E, 0x60, 0x00, 0x00, 0x07, 0xF0, 0x00, 0x00, 0x03, 0xFC, 0x00,
  0x00, 0x03, 0xFF, 0xFF, 0x00, 0x0F, 0xFF, 0x80, 0x1F, 0xFF, 0xFF, 0x80, 0x00, 0x03, 0xFF, 0xC0,
  0x00, 0x01, 0xFF, 0xC0, 0x00, 0x01, 0xFF, 0xC0, 0x00, 0x00, 0xFF, 0xE0, 0x00, 0x00, 0x7F, 0xE0,
  0x00, 0x00, 0x7F, 0xC0, 0x00, 0x00, 0xCF, 0x80, 0x00, 0x00, 0xC3, 0x00, 0x00, 0x00, 0x80, 0x00,
  0x00, 0x00, 0x80, 0x00, 0x00, 0x00, 0x80, 0x00, 0x00, 0x00, 0x80, 0x00, 0x00, 0x00, 0x80, 0x00,
  0x00, 0x00, 0x00, 0x00, 0x00, 0x00, 0x00, 0x00, 0x00, 0x00, 0x20, 0x00, 0x00, 0x30, 0x20, 0x00,
  0x00, 0x20, 0x20, 0x00, 0x00, 0x60, 0x20, 0x00, 0x00, 0x60, 0x20, 0x00, 0x00, 0xC0, 0x20, 0x00,
  0x01, 0xC0, 0x20, 0x00, 0x07, 0xE0, 0x20, 0x00, 0x1E, 0x70, 0x20, 0x00, 0x18, 0x38, 0x20, 0x00,
  0x00, 0x1C, 0x60, 0x00, 0x00, 0x0E, 0x60, 0x00, 0x00, 0x07, 0xF0, 0x00, 0x00, 0x03, 0xFC, 0x01,
  0x00, 0x03, 0xFF, 0xFF, 0x00, 0x07, 0xFF, 0x80, 0x1F, 0xFF, 0xFF, 0x80, 0x18, 0x03, 0xFF, 0xC0,
  0x00, 0x01, 0xFF, 0xC0, 0x00, 0x01, 0xFF, 0xE0, 0x00, 0x00, 0xFF, 0xE0, 0x00, 0x00, 0x7F, 0xE0,
  0x00, 0x00, 0x7F, 0xC0, 0x00, 0x00, 0x4F, 0x80, 0x00, 0x00, 0x43, 0x00, 0x00, 0x00, 0xC0, 0x00,
  0x00, 0x00, 0xC0, 0x00, 0x00, 0x00, 0xC0, 0x00, 0x00, 0x00, 0x80, 0x00, 0x00, 0x00, 0x80, 0x00,
  0x00, 0x00, 0x00, 0x00, 0x00, 0x00, 0x00, 0x00, 0x00, 0x00, 0x20, 0x00, 0x00, 0x20, 0x20, 0x00,
  0x00, 0x60, 0x20, 0x00, 0x00, 0x60, 0x20, 0x00, 0x00, 0x60, 0x20, 0x00, 0x00, 0xC0, 0x20, 0x00,
  0x01, 0xC0, 0x20, 0x00, 0x03, 0xE0, 0x20, 0x00, 0x1E, 0x70, 0x20, 0x00, 0x18, 0x38, 0x60, 0x00,
  0x00, 0x1C, 0x60, 0x00, 0x00, 0x0E, 0x60, 0x00, 0x00, 0x07, 0xF0, 0x00, 0x00, 0x03, 0xFC, 0x07,
  0x00, 0x03, 0xFF, 0xFE, 0x00, 0x07, 0xFF, 0x80, 0x07, 0xFF, 0xFF, 0x80, 0x1E, 0x01, 0xFF, 0xC0,
  0x00, 0x01, 0xFF, 0xC0, 0x00, 0x01, 0xFF, 0xE0, 0x00, 0x00, 0xFF, 0xE0, 0x00, 0x00, 0x7F, 0xE0,
  0x00, 0x00, 0x7F, 0xC0, 0x00, 0x00, 0x4F, 0x80, 0x00, 0x00, 0x40, 0x00, 0x00, 0x00, 0x40, 0x00,
  0x00, 0x00, 0x40, 0x00, 0x00, 0x00, 0x40, 0x00, 0x00, 0x00, 0xC0, 0x00, 0x00, 0x00, 0xC0, 0x00,
  0x00, 0x00, 0x00, 0x00, 0x00, 0x00, 0x00, 0x00, 0x00, 0x00, 0x20, 0x00, 0x00, 0x20, 0x20, 0x00,
  0x00, 0x60, 0x20, 0x00, 0x00, 0x60, 0x20, 0x00, 0x00, 0x40, 0x20, 0x00, 0x00, 0xC0, 0x20, 0x00,
  0x01, 0xC0, 0x60, 0x00, 0x03, 0xE0, 0x60, 0x00, 0x0F, 0xF0, 0x60, 0x00, 0x3C, 0x78, 0x60, 0x00,
  0x00, 0x1C, 0x60, 0x00, 0x00, 0x0E, 0x60, 0x00, 0x00, 0x07, 0xF8, 0x00, 0x00, 0x03, 0xFC, 0x0F,
  0x00, 0x03, 0xFF, 0xF8, 0x00, 0x07, 0xFF, 0x80, 0x03, 0xFF, 0xFF, 0x80, 0x1F, 0x01, 0xFF, 0xC0,
  0x00, 0x01, 0xFF, 0xC0, 0x00, 0x00, 0xFF, 0xE0, 0x00, 0x00, 0xFF, 0xE0, 0x00, 0x00, 0x7F, 0xE0,
  0x00, 0x00, 0x7F, 0xC0, 0x00, 0x00, 0x47, 0x80, 0x00, 0x00, 0x40, 0x00, 0x00, 0x00, 0x40, 0x00,
  0x00, 0x00, 0x40, 0x00, 0x00, 0x00, 0x40, 0x00, 0x00, 0x00, 0x40, 0x00, 0x00, 0x00, 0x40, 0x00,
  0x00, 0x00, 0x00, 0x00, 0x00, 0x00, 0x00, 0x00, 0x00, 0x00, 0x20, 0x00, 0x00, 0x60, 0x60, 0x00,
  0x00, 0x60, 0x60, 0x00, 0x00, 0x60, 0x60, 0x00, 0x00, 0x40, 0x60, 0x00, 0x00, 0xC0, 0x60, 0x00,
  0x01, 0xC0, 0x60, 0x00, 0x03, 0xE0, 0x60, 0x00, 0x0F, 0xF0, 0x60, 0x00, 0x3C, 0x78, 0x40, 0x00,
  0x10, 0x3C, 0x40, 0x00, 0x00, 0x0E, 0x60, 0x00, 0x00, 0x07, 0xF8, 0x00, 0x00, 0x03, 0xFE, 0x3F,
  0x00, 0x03, 0xFF, 0xF0, 0x00, 0x03, 0xFF, 0x80, 0x00, 0xFF, 0xFF, 0xC0, 0x1F, 0x81, 0xFF, 0xC0,
  0x00, 0x01, 0xFF, 0xE0, 0x00, 0x00, 0xFF, 0xE0, 0x00, 0x00, 0xFF, 0xE0, 0x00, 0x00, 0x7F, 0xE0,
  0x00, 0x00, 0x7F, 0xC0, 0x00, 0x00, 0x47, 0x80, 0x00, 0x00, 0x40, 0x00, 0x00, 0x00, 0x40, 0x00,
  0x00, 0x00, 0x40, 0x00, 0x00, 0x00, 0x40, 0x00, 0x00, 0x00, 0x40, 0x00, 0x00, 0x00, 0x40, 0x00,
  0x00, 0x00, 0x00, 0x00, 0x00, 0x00, 0x00, 0x00, 0x00, 0x00, 0x40, 0x00, 0x00, 0x60, 0x40, 0x00,
  0x00, 0x60, 0x40, 0x00, 0x00, 0x40, 0x40, 0x00, 0x00, 0xC0, 0x40, 0x00, 0x00, 0xC0, 0x40, 0x00,
  0x01, 0xC0, 0x40, 0x00, 0x03, 0xC0, 0x40, 0x00, 0x0F, 0xF0, 0x40, 0x00, 0x3C, 0x78, 0x40, 0x00,
  0x10, 0x3C, 0x40, 0x00, 0x00, 0x1E, 0x40, 0x00, 0x00, 0x07, 0xF8, 0x01, 0x00, 0x03, 0xFE, 0x7F,
  0x00, 0x03, 0xFF, 0xE0, 0x00, 0x03, 0xFF, 0x80, 0x00, 0xFF, 0xFF, 0xC0, 0x1F, 0xC1, 0xFF, 0xC0,
  0x10, 0x01, 0xFF, 0xE0, 0x00, 0x00, 0xFF, 0xE0, 0x00, 0x00, 0x7F, 0xE0, 0x00, 0x00, 0x7F, 0xE0,
  0x00, 0x00, 0x7F, 0xC0, 0x00, 0x00, 0x43, 0x80, 0x00, 0x00, 0x40, 0x00, 0x00, 0x00, 0x40, 0x00,
  0x00, 0x00, 0x40, 0x00, 0x00, 0x00, 0x40, 0x00, 0x00, 0x00, 0x40, 0x00, 0x00, 0x00, 0x40, 0x00,
  0x00, 0x00, 0x00, 0x00, 0x00, 0x00, 0x00, 0x00, 0x00, 0x00, 0x40, 0x00, 0x00, 0x40, 0x40, 0x00,
  0x00, 0x60, 0x40, 0x00, 0x00, 0x40, 0x40, 0x00, 0x00, 0xC0, 0x40, 0x00, 0x00, 0xC0, 0x40, 0x00,
  0x01, 0x80, 0x40, 0x00, 0x03, 0xC0, 0x40, 0x00, 0x07, 0xE0, 0x40, 0x00, 0x1C, 0x78, 0x40, 0x00,
  0x30, 0x3C, 0x40, 0x00, 0x00, 0x1E, 0x40, 0x00, 0x00, 0x07, 0xF8, 0x03, 0x00, 0x03, 0xFE, 0x7E,
  0x00, 0x03, 0xFF, 0x80, 0x00, 0x03, 0xFF, 0x80, 0x00, 0x7F, 0xFF, 0xC0, 0x0F, 0xC1, 0xFF, 0xC0,
  0x18, 0x01, 0xFF, 0xE0, 0x00, 0x00, 0xFF, 0xE0, 0x00, 0x00, 0x7F, 0xE0, 0x00, 0x00, 0x7F, 0xE0,
  0x00, 0x00, 0x7F, 0xC0, 0x00, 0x00, 0x63, 0x80, 0x00, 0x00, 0x60, 0x00, 0x00, 0x00, 0x60, 0x00,
  0x00, 0x00, 0x60, 0x00, 0x00, 0x00, 0x60, 0x00, 0x00, 0x00, 0x20, 0x00, 0x00, 0x00, 0x20, 0x00,
  0x00, 0x00, 0x00, 0x00, 0x00, 0x00, 0x00, 0x00, 0x00, 0x00, 0x40, 0x00, 0x00, 0x40, 0x40, 0x00,
  0x00, 0x40, 0x40, 0x00, 0x00, 0xC0, 0x40, 0x00, 0x00, 0xC0, 0x40, 0x00, 0x00, 0xC0, 0x40, 0x00,
  0x01, 0x80, 0x40, 0x00, 0x03, 0xC0, 0x40, 0x00, 0x07, 0xE0, 0x40, 0x00, 0x1E, 0x70, 0x40, 0x00,
  0x38, 0x3C, 0x40, 0x00, 0x00, 0x1E, 0x40, 0x00, 0x00, 0x0F, 0xF8, 0x0F, 0x00, 0x03, 0xFE, 0xFC,
  0x00, 0x03, 0xFF, 0x80, 0x00, 0x03, 0xFF, 0x80, 0x00, 0x3F, 0xFF, 0xC0, 0x07, 0xE1, 0xFF, 0xE0,
  0x1C, 0x01, 0xFF, 0xE0, 0x00, 0x00, 0xFF, 0xF0, 0x00, 0x00, 0x7F, 0xE0, 0x00, 0x00, 0x3F, 0xE0,
  0x00, 0x00, 0x2F, 0xC0, 0x00, 0x00, 0x23, 0x80, 0x00, 0x00, 0x20, 0x00, 0x00, 0x00, 0x20, 0x00,
  0x00, 0x00, 0x20, 0x00, 0x00, 0x00, 0x20, 0x00, 0x00, 0x00, 0x20, 0x00, 0x00, 0x00, 0x20, 0x00,
  0x00, 0x00, 0x00, 0x00, 0x00, 0x00, 0x00, 0x00, 0x00, 0x00, 0x40, 0x00, 0x00, 0x40, 0x40, 0x00,
  0x00, 0xC0, 0x40, 0x00, 0x00, 0xC0, 0x40, 0x00, 0x00, 0xC0, 0x40, 0x00, 0x00, 0x80, 0x40, 0x00,
  0x01, 0x80, 0x40, 0x00, 0x03, 0xC0, 0x40, 0x00, 0x07, 0xE0, 0x40, 0x00, 0x1E, 0xF0, 0x40, 0x00,
  0x38, 0x3C, 0x40, 0x00, 0x00, 0x1E, 0x40, 0x00, 0x00, 0x0F, 0xFC, 0x0F, 0x00, 0x03, 0xFF, 0xF0,
  0x00, 0x03, 0xFF, 0x80, 0x00, 0x03, 0xFF, 0x80, 0x00, 0x3F, 0xFF, 0xC0, 0x03, 0xE1, 0xFF, 0xE0,
  0x1E, 0x01, 0xFF, 0xE0, 0x00, 0x00, 0xFF, 0xF0, 0x00, 0x00, 0x7F, 0xE0, 0x00, 0x00, 0x3F, 0xE0,
  0x00, 0x00, 0x2F, 0xC0, 0x00, 0x00, 0x21, 0x80, 0x00, 0x00, 0x20, 0x00, 0x00, 0x00, 0x20, 0x00,
  0x00, 0x00, 0x20, 0x00, 0x00, 0x00, 0x20, 0x00, 0x00, 0x00, 0x20, 0x00, 0x00, 0x00, 0x20, 0x00,
  0x00, 0x00, 0x00, 0x00, 0x00, 0x00, 0x00, 0x00, 0x00, 0x00, 0x80, 0x00, 0x00, 0x00, 0xC0, 0x00,
  0x00, 0xC0, 0xC0, 0x00, 0x00, 0xC0, 0xC0, 0x00, 0x00, 0xC0, 0x40, 0x00, 0x00, 0x80, 0x40, 0x00,
  0x01, 0x80, 0x40, 0x00, 0x03, 0x80, 0x40, 0x00, 0x07, 0xE0, 0x40, 0x00, 0x0E, 0xF0, 0x40, 0x00,
  0x38, 0x78, 0x40, 0x00, 0x30, 0x1E, 0x40, 0x01, 0x00, 0x0F, 0xFC, 0x1F, 0x00, 0x07, 0xFF, 0xF0,
  0x00, 0x03, 0xFF, 0x80, 0x00, 0x03, 0xFF, 0xC0, 0x00, 0x1F, 0xFF, 0xC0, 0x01, 0xF1, 0xFF, 0xE0,
  0x1F, 0x01, 0xFF, 0xF0, 0x00, 0x00, 0xFF, 0xF0, 0x00, 0x00, 0x7F, 0xE0, 0x00, 0x00, 0x3F, 0xE0,
  0x00, 0x00, 0x2F, 0xC0, 0x00, 0x00, 0x21, 0x80, 0x00, 0x00, 0x20, 0x00, 0x00, 0x00, 0x20, 0x00,
  0x00, 0x00, 0x20, 0x00, 0x00, 0x00, 0x20, 0x00, 0x00, 0x00, 0x20, 0x00, 0x00, 0x00, 0x30, 0x00,
  0x00, 0x00, 0x00, 0x00, 0x00, 0x00, 0x00, 0x00, 0x00, 0x00, 0x80, 0x00, 0x00, 0x00, 0x80, 0x00,
  0x00, 0xC0, 0x80, 0x00, 0x00, 0xC0, 0xC0, 0x00, 0x00, 0x80, 0xC0, 0x00, 0x00, 0x80, 0xC0, 0x00,
  0x01, 0x80, 0x40, 0x00, 0x03, 0x80, 0x40, 0x00, 0x07, 0xC0, 0x40, 0x00, 0x0E, 0xF0, 0x40, 0x00,
  0x3C, 0x78, 0x40, 0x00, 0x30, 0x1E, 0x40, 0x03, 0x00, 0x0F, 0xFC, 0x3E, 0x00, 0x07, 0xFF, 0xE0,
  0x00, 0x03, 0xFF, 0x80, 0x00, 0x03, 0xFF, 0xC0, 0x00, 0x1F, 0xFF, 0xC0, 0x01, 0xF1, 0xFF, 0xE0,
  0x0F, 0x01, 0xFF, 0xF0, 0x18, 0x00, 0xFF, 0xF0, 0x00, 0x00, 0x7F, 0xF0, 0x00, 0x00, 0x3F, 0xE0,
  0x00, 0x00, 0x27, 0xC0, 0x00, 0x00, 0x20, 0x00, 0x00, 0x00, 0x20, 0x00, 0x00, 0x00, 0x20, 0x00,
  0x00, 0x00, 0x30, 0x00, 0x00, 0x00, 0x30, 0x00, 0x00, 0x00, 0x10, 0x00, 0x00, 0x00, 0x10, 0x00,
  0x00, 0x00, 0x00, 0x00, 0x00, 0x00, 0x00, 0x00, 0x00, 0x00, 0x80, 0x00, 0x00, 0x00, 0x80, 0x00,
  0x00, 0xC0, 0x80, 0x00, 0x00, 0x80, 0x80, 0x00, 0x00, 0x80, 0x80, 0x00, 0x01, 0x80, 0xC0, 0x00,
  0x01, 0x80, 0xC0, 0x00, 0x03, 0x80, 0x40, 0x00, 0x03, 0xC0, 0x40, 0x00, 0x0F, 0xF0, 0x40, 0x00,
  0x1C, 0x78, 0x40, 0x00, 0x30, 0x3E, 0x40, 0x07, 0x00, 0x0F, 0xFC, 0x7C, 0x00, 0x07, 0xFF, 0xC0,
  0x00, 0x03, 0xFF, 0x80, 0x00, 0x03, 0xFF, 0xC0, 0x00, 0x1F, 0xFF, 0xE0, 0x00, 0xF1, 0xFF, 0xE0,
  0x0F, 0x80, 0xFF, 0xF0, 0x18, 0x00, 0xFF, 0xF0, 0x00, 0x00, 0x7F, 0xF0, 0x00, 0x00, 0x3F, 0xE0,
  0x00, 0x00, 0x27, 0xC0, 0x00, 0x00, 0x20, 0x00, 0x00, 0x00, 0x30, 0x00, 0x00, 0x00, 0x30, 0x00,
  0x00, 0x00, 0x10, 0x00, 0x00, 0x00, 0x10, 0x00, 0x00, 0x00, 0x10, 0x00, 0x00, 0x00, 0x10, 0x00,
  0x00, 0x00, 0x00, 0x00, 0x00, 0x00, 0x00, 0x00, 0x00, 0x00, 0x80, 0x00, 0x00, 0x00, 0x80, 0x00,
  0x00, 0x80, 0x80, 0x00, 0x00, 0x80, 0x80, 0x00, 0x01, 0x80, 0x80, 0x00, 0x01, 0x80, 0x80, 0x00,
  0x01, 0x80, 0xC0, 0x00, 0x03, 0x80, 0xC0, 0x00, 0x03, 0xC0, 0x40, 0x00, 0x07, 0xF0, 0x40, 0x00,
  0x1C, 0x78, 0x40, 0x01, 0x30, 0x3E, 0x40, 0x0F, 0x00, 0x0F, 0xFC, 0x78, 0x00, 0x07, 0xFF, 0x80,
  0x00, 0x03, 0xFF, 0x80, 0x00, 0x03, 0xFF, 0xC0, 0x00, 0x0F, 0xFF, 0xE0, 0x00, 0xF9, 0xFF, 0xF0,
  0x07, 0x80, 0xFF, 0xF0, 0x1C, 0x00, 0xFF, 0xF0, 0x00, 0x00, 0x7F, 0xF0, 0x00, 0x00, 0x3F, 0xE0,
  0x00, 0x00, 0x37, 0xC0, 0x00, 0x00, 0x30, 0x00, 0x00, 0x00, 0x10, 0x00, 0x00, 0x00, 0x10, 0x00,
  0x00, 0x00, 0x10, 0x00, 0x00, 0x00, 0x10, 0x00, 0x00, 0x00, 0x10, 0x00, 0x00, 0x00, 0x10, 0x00,
  0x00, 0x00, 0x00, 0x00, 0x00, 0x00, 0x00, 0x00, 0x00, 0x01, 0x80, 0x00, 0x00, 0x01, 0x80, 0x00,
  0x00, 0x80, 0x80, 0x00, 0x01, 0x80, 0x80, 0x00, 0x01, 0x80, 0x80, 0x00, 0x01, 0x80, 0x80, 0x00,
  0x01, 0x80, 0x80, 0x00, 0x03, 0x80, 0xC0, 0x00, 0x03, 0xC0, 0xC0, 0x00, 0x07, 0xE0, 0x40, 0x00,
  0x1C, 0xF8, 0x40, 0x03, 0x38, 0x3E, 0x40, 0x1E, 0x20, 0x0F, 0xFE, 0xF0, 0x00, 0x07, 0xFF, 0x80,
  0x00, 0x03, 0xFF, 0x80, 0x00, 0x03, 0xFF, 0xC0, 0x00, 0x0F, 0xFF, 0xE0, 0x00, 0x79, 0xFF, 0xF0,
  0x03, 0xC0, 0xFF, 0xF0, 0x1E, 0x00, 0x7F, 0xF0, 0x00, 0x00, 0x3F, 0xF0, 0x00, 0x00, 0x3F, 0xE0,
  0x00, 0x00, 0x33, 0xC0, 0x00, 0x00, 0x10, 0x00, 0x00, 0x00, 0x10, 0x00, 0x00, 0x00, 0x10, 0x00,
  0x00, 0x00, 0x10, 0x00, 0x00, 0x00, 0x10, 0x00, 0x00, 0x00, 0x18, 0x00, 0x00, 0x00, 0x18, 0x00,
  0x00, 0x00, 0x00, 0x00, 0x00, 0x00, 0x00, 0x00, 0x00, 0x01, 0x00, 0x00, 0x00, 0x01, 0x00, 0x00,
  0x01, 0x81, 0x80, 0x00, 0x01, 0x80, 0x80, 0x00, 0x01, 0x80, 0x80, 0x00, 0x01, 0x80, 0x80, 0x00,
  0x01, 0x80, 0x80, 0x00, 0x03, 0x00, 0x80, 0x00, 0x03, 0x80, 0xC0, 0x00, 0x07, 0xE0, 0x40, 0x00,
  0x0C, 0xF8, 0x40, 0x03, 0x38, 0x3C, 0x60, 0x1C, 0x30, 0x0F, 0xFE, 0xE0, 0x00, 0x07, 0xFF, 0x80,
  0x00, 0x03, 0xFF, 0xC0, 0x00, 0x03, 0xFF, 0xC0, 0x00, 0x0F, 0xFF, 0xE0, 0x00, 0x79, 0xFF, 0xF0,
  0x03, 0xC0, 0xFF, 0xF0, 0x0E, 0x00, 0x7F, 0xF0, 0x00, 0x00, 0x3F, 0xF0, 0x00, 0x00, 0x3F, 0xE0,
  0x00, 0x00, 0x11, 0xC0, 0x00, 0x00, 0x10, 0x00, 0x00, 0x00, 0x10, 0x00, 0x00, 0x00, 0x10, 0x00,
  0x00, 0x00, 0x10, 0x00, 0x00, 0x00, 0x18, 0x00, 0x00, 0x00, 0x08, 0x00, 0x00, 0x00, 0x08, 0x00,
  0x00, 0x00, 0x00, 0x00, 0x00, 0x00, 0x00, 0x00, 0x00, 0x01, 0x00, 0x00, 0x00, 0x01, 0x00, 0x00,
  0x01, 0x01, 0x00, 0x00, 0x01, 0x81, 0x80, 0x00, 0x01, 0x80, 0x80, 0x00, 0x01, 0x80, 0x80, 0x00,
  0x01, 0x00, 0x80, 0x00, 0x03, 0x00, 0x80, 0x00, 0x03, 0x80, 0x80, 0x00, 0x07, 0xE0, 0xC0, 0x00,
  0x0C, 0xF8, 0x40, 0x07, 0x38, 0x3C, 0xF0, 0x3C, 0x30, 0x1F, 0xFE, 0xE0, 0x00, 0x07, 0xFF, 0x80,
  0x00, 0x03, 0xFF, 0xC0, 0x00, 0x03, 0xFF, 0xE0, 0x00, 0x0F, 0xFF, 0xE0, 0x00, 0x39, 0xFF, 0xF0,
  0x01, 0xE0, 0xFF, 0xF0, 0x0F, 0x00, 0x7F, 0xF0, 0x08, 0x00, 0x3F, 0xF0, 0x00, 0x00, 0x1F, 0xE0,
  0x00, 0x00, 0x10, 0xC0, 0x00, 0x00, 0x10, 0x00, 0x00, 0x00, 0x10, 0x00, 0x00, 0x00, 0x18, 0x00,
  0x00, 0x00, 0x18, 0x00, 0x00, 0x00, 0x08, 0x00, 0x00, 0x00, 0x08, 0x00, 0x00, 0x00, 0x08, 0x00,
  0x00, 0x00, 0x00, 0x00, 0x00, 0x00, 0x00, 0x00, 0x00, 0x01, 0x00, 0x00, 0x00, 0x01, 0x00, 0x00,
  0x01, 0x01, 0x00, 0x00, 0x01, 0x81, 0x00, 0x00, 0x01, 0x81, 0x80, 0x00, 0x01, 0x00, 0x80, 0x00,
  0x01, 0x00, 0x80, 0x00, 0x03, 0x00, 0x80, 0x00, 0x03, 0x80, 0x80, 0x00, 0x07, 0xE0, 0xC0, 0x01,
  0x0E, 0xF0, 0x40, 0x0F, 0x18, 0x7C, 0xF0, 0x38, 0x30, 0x1F, 0xFF, 0xC0, 0x00, 0x07, 0xFF, 0x80,
  0x00, 0x03, 0xFF, 0xC0, 0x00, 0x03, 0xFF, 0xE0, 0x00, 0x07, 0xFF, 0xF0, 0x00, 0x39, 0xFF, 0xF0,
  0x00, 0xE0, 0xFF, 0xF0, 0x07, 0x00, 0x7F, 0xF0, 0x0C, 0x00, 0x3F, 0xF0, 0x00, 0x00, 0x1F, 0xE0,
  0x00, 0x00, 0x10, 0x80, 0x00, 0x00, 0x10, 0x00, 0x00, 0x00, 0x18, 0x00, 0x00, 0x00, 0x08, 0x00,
  0x00, 0x00, 0x08, 0x00, 0x00, 0x00, 0x08, 0x00, 0x00, 0x00, 0x08, 0x00, 0x00, 0x00, 0x08, 0x00,
  0x00, 0x00, 0x00, 0x00, 0x00, 0x00, 0x00, 0x00, 0x00, 0x03, 0x00, 0x00, 0x00, 0x01, 0x00, 0x00,
  0x00, 0x01, 0x00, 0x00, 0x01, 0x01, 0x00, 0x00, 0x01, 0x01, 0x00, 0x00, 0x01, 0x01, 0x80, 0x00,
  0x01, 0x00, 0x80, 0x00, 0x03, 0x00, 0x80, 0x00, 0x03, 0x80, 0x80, 0x00, 0x07, 0xC0, 0xC0, 0x03,
  0x0F, 0xF0, 0x40, 0x0E, 0x1C, 0x7C, 0xF0, 0x70, 0x30, 0x1F, 0xFF, 0xC0, 0x00, 0x07, 0xFF, 0x80,
  0x00, 0x03, 0xFF, 0xC0, 0x00, 0x03, 0xFF, 0xE0, 0x00, 0x07, 0xFF, 0xF0, 0x00, 0x3D, 0xFF, 0xF0,
  0x00, 0xE0, 0xFF, 0xF0, 0x07, 0x80, 0x7F, 0xF0, 0x0C, 0x00, 0x3F, 0xF0, 0x00, 0x00, 0x1F, 0xE0,
  0x00, 0x00, 0x10, 0x00, 0x00, 0x00, 0x18, 0x00, 0x00, 0x00, 0x08, 0x00, 0x00, 0x00, 0x08, 0x00,
  0x00, 0x00, 0x08, 0x00, 0x00, 0x00, 0x08, 0x00, 0x00, 0x00, 0x0C, 0x00, 0x00, 0x00, 0x04, 0x00,
  0x00, 0x00, 0x00, 0x00, 0x00, 0x00, 0x00, 0x00, 0x00, 0x02, 0x00, 0x00, 0x00, 0x03, 0x00, 0x00,
  0x00, 0x01, 0x00, 0x00, 0x01, 0x01, 0x00, 0x00, 0x01, 0x01, 0x00, 0x00, 0x03, 0x01, 0x80, 0x00,
  0x03, 0x00, 0x80, 0x00, 0x03, 0x00, 0x80, 0x00, 0x03, 0x00, 0x80, 0x00, 0x07, 0xC0, 0x80, 0x07,
  0x0F, 0xF0, 0xC0, 0x1C, 0x1C, 0x7C, 0xF8, 0x70, 0x38, 0x1F, 0xFF, 0x80, 0x20, 0x07, 0xFF, 0x80,
  0x00, 0x03, 0xFF, 0xC0, 0x00, 0x03, 0xFF, 0xE0, 0x00, 0x07, 0xFF, 0xF0, 0x00, 0x1D, 0xFF, 0xF0,
  0x00, 0xE0, 0xFF, 0xF0, 0x03, 0x80, 0x7F, 0xF0, 0x0E, 0x00, 0x3F, 0xF0, 0x00, 0x00, 0x1F, 0xE0,
  0x00, 0x00, 0x10, 0x00, 0x00, 0x00, 0x18, 0x00, 0x00, 0x00, 0x08, 0x00, 0x00, 0x00, 0x08, 0x00,
  0x00, 0x00, 0x08, 0x00, 0x00, 0x00, 0x0C, 0x00, 0x00, 0x00, 0x04, 0x00, 0x00, 0x00, 0x04, 0x00,
  0x00, 0x00, 0x00, 0x00, 0x00, 0x00, 0x00, 0x00, 0x00, 0x02, 0x00, 0x00, 0x00, 0x02, 0x00, 0x00,
  0x00, 0x03, 0x00, 0x00, 0x03, 0x01, 0x00, 0x00, 0x03, 0x01, 0x00, 0x00, 0x03, 0x01, 0x00, 0x00,
  0x03, 0x01, 0x80, 0x00, 0x03, 0x00, 0x80, 0x00, 0x03, 0x00, 0x80, 0x01, 0x07, 0xC0, 0x80, 0x07,
  0x07, 0xF0, 0xC0, 0x1C, 0x1C, 0x7C, 0xF8, 0xE0, 0x38, 0x1F, 0xFF, 0x80, 0x30, 0x07, 0xFF, 0x80,
  0x00, 0x03, 0xFF, 0xC0, 0x00, 0x03, 0xFF, 0xE0, 0x00, 0x07, 0xFF, 0xF0, 0x00, 0x1D, 0xFF, 0xF8,
  0x00, 0x70, 0xFF, 0xF0, 0x03, 0x80, 0x7F, 0xF0, 0x0E, 0x00, 0x1F, 0xF0, 0x08, 0x00, 0x1F, 0xE0,
  0x00, 0x00, 0x18, 0x00, 0x00, 0x00, 0x08, 0x00, 0x00, 0x00, 0x08, 0x00, 0x00, 0x00, 0x08, 0x00,
  0x00, 0x00, 0x0C, 0x00, 0x00, 0x00, 0x04, 0x00, 0x00, 0x00, 0x04, 0x00, 0x00, 0x00, 0x04, 0x00,
  0x00, 0x00, 0x00, 0x00, 0x00, 0x00, 0x00, 0x00, 0x00, 0x02, 0x00, 0x00, 0x00, 0x02, 0x00, 0x00,
  0x00, 0x02, 0x00, 0x00, 0x03, 0x03, 0x00, 0x00, 0x03, 0x01, 0x00, 0x00, 0x03, 0x01, 0x00, 0x00,
  0x03, 0x01, 0x00, 0x00, 0x03, 0x00, 0x80, 0x00, 0x03, 0x00, 0x80, 0x03, 0x07, 0xC0, 0x80, 0x0E,
  0x07, 0xF0, 0xC0, 0x38, 0x0C, 0xFC, 0xFC, 0xE0, 0x38, 0x3F, 0xFF, 0x80, 0x30, 0x0F, 0xFF, 0xC0,
  0x00, 0x03, 0xFF, 0xE0, 0x00, 0x03, 0xFF, 0xF0, 0x00, 0x07, 0xFF, 0xF0, 0x00, 0x1D, 0xFF, 0xF8,
  0x00, 0x70, 0xFF, 0xF0, 0x01, 0xC0, 0x7F, 0xF0, 0x07, 0x00, 0x1F, 0xE0, 0x0C, 0x00, 0x1B, 0xC0,
  0x00, 0x00, 0x08, 0x00, 0x00, 0x00, 0x08, 0x00, 0x00, 0x00, 0x08, 0x00, 0x00, 0x00, 0x0C, 0x00,
  0x00, 0x00, 0x04, 0x00, 0x00, 0x00, 0x04, 0x00, 0x00, 0x00, 0x04, 0x00, 0x00, 0x00, 0x02, 0x00,
  0x00, 0x00, 0x00, 0x00, 0x00, 0x00, 0x00, 0x00, 0x00, 0x06, 0x00, 0x00, 0x00, 0x02, 0x00, 0x00,
  0x00, 0x02, 0x00, 0x00, 0x02, 0x03, 0x00, 0x00, 0x03, 0x01, 0x00, 0x00, 0x03, 0x01, 0x00, 0x00,
  0x03, 0x01, 0x00, 0x00, 0x03, 0x01, 0x80, 0x00, 0x03, 0x00, 0x80, 0x03, 0x07, 0x80, 0x80, 0x0C,
  0x07, 0xE0, 0xC0, 0x30, 0x0C, 0xFC, 0xFC, 0xC0, 0x18, 0x3F, 0xFF, 0x80, 0x30, 0x0F, 0xFF, 0xC0,
  0x00, 0x03, 0xFF, 0xE0, 0x00, 0x03, 0xFF, 0xF0, 0x00, 0x03, 0xFF, 0xF8, 0x00, 0x1C, 0xFF, 0xF8,
  0x00, 0x70, 0xFF, 0xF0, 0x01, 0xC0, 0x7F, 0xF0, 0x07, 0x00, 0x1F, 0xE0, 0x0C, 0x00, 0x1B, 0xC0,
  0x00, 0x00, 0x08, 0x00, 0x00, 0x00, 0x08, 0x00, 0x00, 0x00, 0x0C, 0x00, 0x00, 0x00, 0x04, 0x00,
  0x00, 0x00, 0x04, 0x00, 0x00, 0x00, 0x04, 0x00, 0x00, 0x00, 0x06, 0x00, 0x00, 0x00, 0x02, 0x00,
  0x00, 0x00, 0x00, 0x00, 0x00, 0x00, 0x00, 0x00, 0x00, 0x04, 0x00, 0x00, 0x00, 0x06, 0x00, 0x00,
  0x00, 0x02, 0x00, 0x00, 0x02, 0x02, 0x00, 0x00, 0x03, 0x03, 0x00, 0x00, 0x03, 0x01, 0x00, 0x00,
  0x03, 0x01, 0x00, 0x00, 0x03, 0x01, 0x80, 0x00, 0x03, 0x00, 0x80, 0x07, 0x07, 0x80, 0x80, 0x1C,
  0x07, 0xE0, 0x80, 0x70, 0x0C, 0xFC, 0xFC, 0xC0, 0x18, 0x3F, 0xFF, 0x80, 0x30, 0x0F, 0xFF, 0xC0,
  0x20, 0x03, 0xFF, 0xE0, 0x00, 0x03, 0xFF, 0xF0, 0x00, 0x03, 0xFF, 0xF8, 0x00, 0x0C, 0xFF, 0xF8,
  0x00, 0x30, 0xFF, 0xF0, 0x00, 0xC0, 0x3F, 0xF0, 0x03, 0x00, 0x1F, 0xE0, 0x0C, 0x00, 0x08, 0x40,
  0x00, 0x00, 0x08, 0x00, 0x00, 0x00, 0x08, 0x00, 0x00, 0x00, 0x04, 0x00, 0x00, 0x00, 0x04, 0x00,
  0x00, 0x00, 0x04, 0x00, 0x00, 0x00, 0x06, 0x00, 0x00, 0x00, 0x02, 0x00, 0x00, 0x00, 0x02, 0x00,
  0x00, 0x00, 0x00, 0x00, 0x00, 0x00, 0x00, 0x00, 0x00, 0x04, 0x00, 0x00, 0x00, 0x04, 0x00, 0x00,
  0x00, 0x02, 0x00, 0x00, 0x00, 0x02, 0x00, 0x00, 0x02, 0x02, 0x00, 0x00, 0x02, 0x01, 0x00, 0x00,
  0x02, 0x01, 0x00, 0x00, 0x02, 0x01, 0x00, 0x01, 0x02, 0x01, 0x80, 0x06, 0x07, 0x00, 0x80, 0x18,
  0x07, 0xE0, 0x80, 0x60, 0x0F, 0xF8, 0xFF, 0xC0, 0x18, 0x3F, 0xFF, 0x80, 0x30, 0x0F, 0xFF, 0xC0,
  0x20, 0x03, 0xFF, 0xE0, 0x00, 0x03, 0xFF, 0xF0, 0x00, 0x03, 0xFF, 0xF8, 0x00, 0x0C, 0xFF, 0xF8,
  0x00, 0x30, 0x7F, 0xF0, 0x00, 0xE0, 0x3F, 0xF0, 0x03, 0x80, 0x1F, 0xE0, 0x06, 0x00, 0x08, 0x00,
  0x00, 0x00, 0x08, 0x00, 0x00, 0x00, 0x0C, 0x00, 0x00, 0x00, 0x04, 0x00, 0x00, 0x00, 0x04, 0x00,
  0x00, 0x00, 0x06, 0x00, 0x00, 0x00, 0x02, 0x00, 0x00, 0x00, 0x02, 0x00, 0x00, 0x00, 0x00, 0x00,
  0x00, 0x00, 0x00, 0x00, 0x00, 0x00, 0x00, 0x00, 0x00, 0x04, 0x00, 0x00, 0x00, 0x04, 0x00, 0x00,
  0x00, 0x06, 0x00, 0x00, 0x00, 0x02, 0x00, 0x00, 0x06, 0x02, 0x00, 0x00, 0x02, 0x03, 0x00, 0x00,
  0x02, 0x01, 0x00, 0x00, 0x02, 0x01, 0x00, 0x03, 0x02, 0x01, 0x80, 0x0E, 0x07, 0x00, 0x80, 0x38,
  0x07, 0xE0, 0x80, 0x60, 0x0F, 0xF8, 0xFF, 0x80, 0x1C, 0x7F, 0xFF, 0x80, 0x38, 0x0F, 0xFF, 0xC0,
  0x30, 0x03, 0xFF, 0xE0, 0x00, 0x03, 0xFF, 0xF0, 0x00, 0x03, 0xFF, 0xF8, 0x00, 0x0C, 0xFF, 0xF8,
  0x00, 0x38, 0x7F, 0xF8, 0x00, 0xE0, 0x3F, 0xF0, 0x01, 0x80, 0x1F, 0xE0, 0x06, 0x00, 0x08, 0x00,
  0x00, 0x00, 0x08, 0x00, 0x00, 0x00, 0x04, 0x00, 0x00, 0x00, 0x04, 0x00, 0x00, 0x00, 0x06, 0x00,
  0x00, 0x00, 0x02, 0x00, 0x00, 0x00, 0x02, 0x00, 0x00, 0x00, 0x03, 0x00, 0x00, 0x00, 0x00, 0x00,
  0x00, 0x00, 0x00, 0x00, 0x00, 0x00, 0x00, 0x00, 0x00, 0x04, 0x00, 0x00, 0x00, 0x04, 0x00, 0x00,
  0x00, 0x04, 0x00, 0x00, 0x00, 0x06, 0x00, 0x00, 0x06, 0x02, 0x00, 0x00, 0x06, 0x02, 0x00, 0x00,
  0x06, 0x01, 0x00, 0x00, 0x02, 0x01, 0x00, 0x03, 0x02, 0x01, 0x80, 0x0C, 0x07, 0x00, 0x80, 0x30,
  0x07, 0xC0, 0x80, 0xE0, 0x0F, 0xF8, 0xFF, 0x80, 0x0C, 0x7F, 0xFF, 0x80, 0x18, 0x0F, 0xFF, 0xE0,
  0x30, 0x03, 0xFF, 0xF0, 0x00, 0x01, 0xFF, 0xF8, 0x00, 0x03, 0xFF, 0xF8, 0x00, 0x0E, 0xFF, 0xF8,
  0x00, 0x18, 0x7F, 0xF8, 0x00, 0x60, 0x3F, 0xF0, 0x01, 0x80, 0x0F, 0xE0, 0x07, 0x00, 0x08, 0x00,
  0x04, 0x00, 0x0C, 0x00, 0x00, 0x00, 0x04, 0x00, 0x00, 0x00, 0x04, 0x00, 0x00, 0x00, 0x02, 0x00,
  0x00, 0x00, 0x02, 0x00, 0x00, 0x00, 0x03, 0x00, 0x00, 0x00, 0x01, 0x00, 0x00, 0x00, 0x00, 0x00,
  0x00, 0x00, 0x00, 0x00, 0x00, 0x00, 0x00, 0x00, 0x00, 0x08, 0x00, 0x00, 0x00, 0x0C, 0x00, 0x00,
  0x00, 0x04, 0x00, 0x00, 0x00, 0x06, 0x00, 0x00, 0x06, 0x02, 0x00, 0x00, 0x06, 0x02, 0x00, 0x00,
  0x06, 0x03, 0x00, 0x00, 0x06, 0x01, 0x00, 0x06, 0x06, 0x01, 0x00, 0x1C, 0x06, 0x00, 0x80, 0x30,
  0x07, 0xC0, 0x80, 0xC0, 0x0F, 0xF8, 0xFF, 0x80, 0x0C, 0x7F, 0xFF, 0x80, 0x18, 0x1F, 0xFF, 0xE0,
  0x30, 0x03, 0xFF, 0xF0, 0x20, 0x01, 0xFF, 0xF8, 0x00, 0x03, 0xFF, 0xF8, 0x00, 0x0E, 0xFF, 0xF8,
  0x00, 0x18, 0x7F, 0xF0, 0x00, 0x60, 0x3F, 0xF0, 0x01, 0xC0, 0x0F, 0xE0, 0x03, 0x00, 0x08, 0x00,
  0x04, 0x00, 0x04, 0x00, 0x00, 0x00, 0x04, 0x00, 0x00, 0x00, 0x06, 0x00, 0x00, 0x00, 0x02, 0x00,
  0x00, 0x00, 0x02, 0x00, 0x00, 0x00, 0x01, 0x00, 0x00, 0x00, 0x01, 0x00, 0x00, 0x00, 0x00, 0x00,
  0x00, 0x00, 0x00, 0x00, 0x00, 0x00, 0x00, 0x00, 0x00, 0x08, 0x00, 0x00, 0x00, 0x0C, 0x00, 0x00,
  0x00, 0x04, 0x00, 0x00, 0x00, 0x04, 0x00, 0x00, 0x04, 0x06, 0x00, 0x00, 0x06, 0x02, 0x00, 0x00,
  0x06, 0x03, 0x00, 0x02, 0x06, 0x01, 0x00, 0x06, 0x06, 0x01, 0x00, 0x18, 0x06, 0x01, 0x80, 0x70,
  0x07, 0xC0, 0x80, 0xC0, 0x0F, 0xF8, 0xFF, 0x80, 0x0C, 0xFF, 0xFF, 0xC0, 0x18, 0x1F, 0xFF, 0xE0,
  0x30, 0x03, 0xFF, 0xF0, 0x20, 0x01, 0xFF, 0xF8, 0x00, 0x03, 0xFF, 0xF8, 0x00, 0x06, 0xFF, 0xF8,
  0x00, 0x18, 0x7F, 0xF0, 0x00, 0x70, 0x3F, 0xF0, 0x00, 0xC0, 0x0F, 0xE0, 0x03, 0x00, 0x0C, 0x00,
  0x06, 0x00, 0x04, 0x00, 0x00, 0x00, 0x04, 0x00, 0x00, 0x00, 0x02, 0x00, 0x00, 0x00, 0x02, 0x00,
  0x00, 0x00, 0x03, 0x00, 0x00, 0x00, 0x01, 0x00, 0x00, 0x00, 0x01, 0x00, 0x00, 0x00, 0x00, 0x00,
  0x00, 0x00, 0x00, 0x00, 0x00, 0x00, 0x00, 0x00, 0x00, 0x08, 0x00, 0x00, 0x00, 0x08, 0x00, 0x00,
  0x00, 0x0C, 0x00, 0x00, 0x00, 0x04, 0x00, 0x00, 0x04, 0x06, 0x00, 0x00, 0x06, 0x02, 0x00, 0x00,
  0x06, 0x02, 0x00, 0x02, 0x06, 0x01, 0x00, 0x0C, 0x06, 0x01, 0x00, 0x18, 0x06, 0x01, 0x80, 0x60,
  0x07, 0x80, 0x80, 0xC0, 0x0F, 0xF0, 0xFF, 0x80, 0x0C, 0xFF, 0xFF, 0xC0, 0x18, 0x1F, 0xFF, 0xE0,
  0x30, 0x03, 0xFF, 0xF0, 0x30, 0x01, 0xFF, 0xF8, 0x00, 0x03, 0xFF, 0xF8, 0x00, 0x06, 0xFF, 0xF8,
  0x00, 0x18, 0x7F, 0xF0, 0x00, 0x30, 0x1F, 0xF0, 0x00, 0xC0, 0x0F, 0xC0, 0x01, 0x80, 0x04, 0x00,
  0x06, 0x00, 0x04, 0x00, 0x00, 0x00, 0x06, 0x00, 0x00, 0x00, 0x02, 0x00, 0x00, 0x00, 0x03, 0x00,
  0x00, 0x00, 0x01, 0x00, 0x00, 0x00, 0x01, 0x00, 0x00, 0x00, 0x00, 0x80, 0x00, 0x00, 0x00, 0x00,
  0x00, 0x00, 0x00, 0x00, 0x00, 0x00, 0x00, 0x00, 0x00, 0x00, 0x00, 0x00, 0x00, 0x08, 0x00, 0x00,
  0x00, 0x0C, 0x00, 0x00, 0x00, 0x04, 0x00, 0x00, 0x00, 0x04, 0x00, 0x00, 0x04, 0x02, 0x00, 0x00,
  0x06, 0x02, 0x00, 0x06, 0x06, 0x03, 0x00, 0x0C, 0x06, 0x01, 0x00, 0x30, 0x06, 0x01, 0x80, 0x60,
  0x07, 0x80, 0x81, 0x80, 0x0F, 0xF0, 0xFF, 0x80, 0x0D, 0xFF, 0xFF, 0xC0, 0x18, 0x1F, 0xFF, 0xE0,
  0x38, 0x03, 0xFF, 0xF8, 0x30, 0x01, 0xFF, 0xF8, 0x00, 0x03, 0xFF, 0xF8, 0x00, 0x06, 0xFF, 0xF8,
  0x00, 0x18, 0x7F, 0xF0, 0x00, 0x30, 0x1F, 0xF0, 0x00, 0xE0, 0x0F, 0x00, 0x01, 0x80, 0x04, 0x00,
  0x03, 0x00, 0x04, 0x00, 0x00, 0x00, 0x02, 0x00, 0x00, 0x00, 0x02, 0x00, 0x00, 0x00, 0x03, 0x00,
  0x00, 0x00, 0x01, 0x00, 0x00, 0x00, 0x01, 0x80, 0x00, 0x00, 0x00, 0x80, 0x00, 0x00, 0x00, 0x00,
  0x00, 0x00, 0x00, 0x00, 0x00, 0x00, 0x00, 0x00, 0x00, 0x00, 0x00, 0x00, 0x00, 0x18, 0x00, 0x00,
  0x00, 0x08, 0x00, 0x00, 0x00, 0x0C, 0x00, 0x00, 0x00, 0x04, 0x00, 0x00, 0x04, 0x06, 0x00, 0x02,
  0x04, 0x02, 0x00, 0x06, 0x06, 0x03, 0x00, 0x18, 0x06, 0x01, 0x00, 0x30, 0x06, 0x01, 0x80, 0xC0,
  0x07, 0x00, 0x81, 0x80, 0x0F, 0xF0, 0xFF, 0x80, 0x0F, 0xFF, 0xFF, 0xC0, 0x0C, 0x3F, 0xFF, 0xF0,
  0x18, 0x03, 0xFF, 0xF8, 0x30, 0x01, 0xFF, 0xF8, 0x00, 0x03, 0xFF, 0xF8, 0x00, 0x06, 0xFF, 0xF8,
  0x00, 0x0C, 0x7F, 0xF0, 0x00, 0x30, 0x1F, 0xF0, 0x00, 0x60, 0x0C, 0x00, 0x01, 0x80, 0x04, 0x00,
  0x03, 0x00, 0x06, 0x00, 0x02, 0x00, 0x02, 0x00, 0x00, 0x00, 0x03, 0x00, 0x00, 0x00, 0x01, 0x00,
  0x00, 0x00, 0x01, 0x80, 0x00, 0x00, 0x00, 0x80, 0x00, 0x00, 0x00, 0x00, 0x00, 0x00, 0x00, 0x00,
  0x00, 0x00, 0x00, 0x00, 0x00, 0x00, 0x00, 0x00, 0x00, 0x00, 0x00, 0x00, 0x00, 0x18, 0x00, 0x00,
  0x00, 0x08, 0x00, 0x00, 0x00, 0x0C, 0x00, 0x00, 0x00, 0x04, 0x00, 0x00, 0x0C, 0x06, 0x00, 0x02,
  0x04, 0x02, 0x00, 0x0C, 0x04, 0x02, 0x00, 0x18, 0x06, 0x01, 0x00, 0x20, 0x06, 0x01, 0x00, 0xC0,
  0x06, 0x00, 0x89, 0x80, 0x07, 0xE0, 0xFF, 0x80, 0x0F, 0xFF, 0xFF, 0xE0, 0x0C, 0x3F, 0xFF, 0xF0,
  0x18, 0x03, 0xFF, 0xF8, 0x30, 0x01, 0xFF, 0xF8, 0x20, 0x01, 0xFF, 0xF8, 0x00, 0x06, 0xFF, 0xF8,
  0x00, 0x0C, 0x7F, 0xF0, 0x00, 0x30, 0x1F, 0xF0, 0x00, 0x60, 0x04, 0x00, 0x00, 0xC0, 0x04, 0x00,
  0x03, 0x00, 0x02, 0x00, 0x02, 0x00, 0x02, 0x00, 0x00, 0x00, 0x01, 0x00, 0x00, 0x00, 0x01, 0x00,
  0x00, 0x00, 0x00, 0x80, 0x00, 0x00, 0x00, 0x80, 0x00, 0x00, 0x00, 0x00, 0x00, 0x00, 0x00, 0x00,
  0x00, 0x00, 0x00, 0x00, 0x00, 0x00, 0x00, 0x00, 0x00, 0x00, 0x00, 0x00, 0x00, 0x10, 0x00, 0x00,
  0x00, 0x08, 0x00, 0x00, 0x00, 0x08, 0x00, 0x00, 0x00, 0x04, 0x00, 0x00, 0x0C, 0x04, 0x00, 0x06,
  0x0C, 0x02, 0x00, 0x0C, 0x04, 0x02, 0x00, 0x10, 0x06, 0x01, 0x00, 0x60, 0x06, 0x01, 0x00, 0xC0,
  0x06, 0x00, 0x9F, 0x00, 0x07, 0xE0, 0xFF, 0x80, 0x0F, 0xFF, 0xFF, 0xE0, 0x0C, 0x7F, 0xFF, 0xF0,
  0x18, 0x03, 0xFF, 0xF8, 0x30, 0x01, 0xFF, 0xF8, 0x30, 0x01, 0xFF, 0xF8, 0x00, 0x06, 0xFF, 0xF8,
  0x00, 0x0C, 0x7F, 0xF0, 0x00, 0x18, 0x1F, 0xE0, 0x00, 0x60, 0x04, 0x00, 0x00, 0xC0, 0x04, 0x00,
  0x01, 0x80, 0x02, 0x00, 0x02, 0x00, 0x03, 0x00, 0x00, 0x00, 0x01, 0x00, 0x00, 0x00, 0x01, 0x80,
  0x00, 0x00, 0x00, 0x80, 0x00, 0x00, 0x00, 0xC0, 0x00, 0x00, 0x00, 0x00, 0x00, 0x00, 0x00, 0x00,
  0x00, 0x00, 0x00, 0x00, 0x00, 0x00, 0x00, 0x00, 0x00, 0x00, 0x00, 0x00, 0x00, 0x10, 0x00, 0x00,
  0x00, 0x18, 0x00, 0x00, 0x00, 0x08, 0x00, 0x00, 0x00, 0x0C, 0x00, 0x00, 0x08, 0x04, 0x00, 0x04,
  0x0C, 0x06, 0x00, 0x18, 0x0C, 0x02, 0x00, 0x30, 0x04, 0x03, 0x00, 0x60, 0x06, 0x01, 0x00, 0x80,
  0x06, 0x00, 0x9F, 0x00, 0x07, 0xE0, 0xFF, 0xC0, 0x0F, 0xFF, 0xFF, 0xE0, 0x0C, 0x7F, 0xFF, 0xF8,
  0x18, 0x07, 0xFF, 0xF8, 0x38, 0x01, 0xFF, 0xF8, 0x30, 0x01, 0xFF, 0xF8, 0x00, 0x06, 0xFF, 0xF8,
  0x00, 0x0C, 0x3F, 0xF0, 0x00, 0x18, 0x0F, 0xE0, 0x00, 0x20, 0x04, 0x00, 0x00, 0xC0, 0x06, 0x00,
  0x01, 0x80, 0x02, 0x00, 0x03, 0x00, 0x03, 0x00, 0x00, 0x00, 0x01, 0x00, 0x00, 0x00, 0x00, 0x80,
  0x00, 0x00, 0x00, 0x80, 0x00, 0x00, 0x00, 0x40, 0x00, 0x00, 0x00, 0x00, 0x00, 0x00, 0x00, 0x00,
  0x00, 0x00, 0x00, 0x00, 0x00, 0x00, 0x00, 0x00, 0x00, 0x00, 0x00, 0x00, 0x00, 0x10, 0x00, 0x00,
  0x00, 0x10, 0x00, 0x00, 0x00, 0x08, 0x00, 0x00, 0x00, 0x08, 0x00, 0x00, 0x00, 0x04, 0x00, 0x0C,
  0x0C, 0x06, 0x00, 0x18, 0x0C, 0x02, 0x00, 0x30, 0x04, 0x03, 0x00, 0x40, 0x04, 0x01, 0x01, 0x80,
  0x06, 0x00, 0xBF, 0x00, 0x07, 0xC0, 0xFF, 0xC0, 0x0F, 0xFF, 0xFF, 0xE0, 0x0C, 0xFF, 0xFF, 0xF8,
  0x18, 0x07, 0xFF, 0xF8, 0x18, 0x01, 0xFF, 0xF8, 0x30, 0x01, 0xFF, 0xF8, 0x00, 0x02, 0xFF, 0xF8,
  0x00, 0x0C, 0x3F, 0xF0, 0x00, 0x18, 0x0F, 0xE0, 0x00, 0x30, 0x04, 0x00, 0x00, 0x40, 0x02, 0x00,
  0x01, 0x80, 0x02, 0x00, 0x03, 0x00, 0x01, 0x00, 0x00, 0x00, 0x01, 0x80, 0x00, 0x00, 0x00, 0x80,
  0x00, 0x00, 0x00, 0xC0, 0x00, 0x00, 0x00, 0x40, 0x00, 0x00, 0x00, 0x00, 0x00, 0x00, 0x00, 0x00,
  0x00, 0x00, 0x00, 0x00, 0x00, 0x00, 0x00, 0x00, 0x00, 0x00, 0x00, 0x00, 0x00, 0x30, 0x00, 0x00,
  0x00, 0x10, 0x00, 0x00, 0x00, 0x18, 0x00, 0x00, 0x00, 0x08, 0x00, 0x04, 0x00, 0x04, 0x00, 0x0C,
  0x0C, 0x04, 0x00, 0x10, 0x0C, 0x02, 0x00, 0x20, 0x0C, 0x03, 0x00, 0xC0, 0x04, 0x01, 0x01, 0x80,
  0x06, 0x01, 0xBF, 0x00, 0x0F, 0x80, 0xFF, 0xC0, 0x0F, 0xFF, 0xFF, 0xF0, 0x0D, 0xFF, 0xFF, 0xF8,
  0x0C, 0x07, 0xFF, 0xF8, 0x18, 0x01, 0xFF, 0xF8, 0x30, 0x01, 0xFF, 0xF8, 0x20, 0x02, 0xFF, 0xF8,
  0x00, 0x0C, 0x3F, 0xF0, 0x00, 0x18, 0x0F, 0x80, 0x00, 0x30, 0x06, 0x00, 0x00, 0x60, 0x02, 0x00,
  0x00, 0x80, 0x03, 0x00, 0x01, 0x00, 0x01, 0x00, 0x00, 0x00, 0x00, 0x80, 0x00, 0x00, 0x00, 0x80,
  0x00, 0x00, 0x00, 0x40, 0x00, 0x00, 0x00, 0x40, 0x00, 0x00, 0x00, 0x00, 0x00, 0x00, 0x00, 0x00,
  0x00, 0x00, 0x00, 0x00, 0x00, 0x00, 0x00, 0x00, 0x00, 0x00, 0x00, 0x00, 0x00, 0x20, 0x00, 0x00,
  0x00, 0x30, 0x00, 0x00, 0x00, 0x10, 0x00, 0x00, 0x00, 0x08, 0x00, 0x04, 0x00, 0x0C, 0x00, 0x08,
  0x08, 0x04, 0x00, 0x30, 0x0C, 0x02, 0x00, 0x60, 0x0C, 0x02, 0x00, 0xC0, 0x04, 0x01, 0x01, 0x80,
  0x04, 0x01, 0xBF, 0x00, 0x0F, 0x80, 0xFF, 0xC0, 0x0F, 0xFF, 0xFF, 0xF0, 0x0F, 0xFF, 0xFF, 0xF8,
  0x0C, 0x07, 0xFF, 0xF8, 0x18, 0x01, 0xFF, 0xF8, 0x30, 0x01, 0xFF, 0xF8, 0x30, 0x02, 0x7F, 0xF8,
  0x00, 0x04, 0x3F, 0xF0, 0x00, 0x18, 0x07, 0x80, 0x00, 0x30, 0x06, 0x00, 0x00, 0x60, 0x02, 0x00,
  0x00, 0xC0, 0x01, 0x00, 0x01, 0x80, 0x01, 0x80, 0x00, 0x00, 0x00, 0x80, 0x00, 0x00, 0x00, 0xC0,
  0x00, 0x00, 0x00, 0x40, 0x00, 0x00, 0x00, 0x00, 0x00, 0x00, 0x00, 0x00, 0x00, 0x00, 0x00, 0x00,
  0x00, 0x00, 0x00, 0x00, 0x00, 0x00, 0x00, 0x00, 0x00, 0x00, 0x00, 0x00, 0x00, 0x20, 0x00, 0x00,
  0x00, 0x30, 0x00, 0x00, 0x00, 0x10, 0x00, 0x00, 0x00, 0x08, 0x00, 0x0C, 0x00, 0x0C, 0x00, 0x18,
  0x08, 0x04, 0x00, 0x30, 0x0C, 0x06, 0x00, 0x60, 0x0C, 0x02, 0x00, 0xC0, 0x0C, 0x01, 0x01, 0x00,
  0x04, 0x01, 0xBF, 0x00, 0x0F, 0x00, 0xFF, 0xE0, 0x0F, 0xFF, 0xFF, 0xF0, 0x0F, 0xFF, 0xFF, 0xF8,
  0x0C, 0x0F, 0xFF, 0xF8, 0x18, 0x01, 0xFF, 0xF8, 0x18, 0x01, 0xFF, 0xF8, 0x30, 0x03, 0x7F, 0xF8,
  0x00, 0x04, 0x3F, 0xF0, 0x00, 0x08, 0x07, 0x00, 0x00, 0x10, 0x02, 0x00, 0x00, 0x60, 0x03, 0x00,
  0x00, 0xC0, 0x01, 0x00, 0x01, 0x80, 0x01, 0x80, 0x01, 0x00, 0x00, 0x80, 0x00, 0x00, 0x00, 0x40,
  0x00, 0x00, 0x00, 0x60, 0x00, 0x00, 0x00, 0x00, 0x00, 0x00, 0x00, 0x00, 0x00, 0x00, 0x00, 0x00,
  0x00, 0x00, 0x00, 0x00, 0x00, 0x00, 0x00, 0x00, 0x00, 0x00, 0x00, 0x00, 0x00, 0x20, 0x00, 0x00,
  0x00, 0x20, 0x00, 0x00, 0x00, 0x10, 0x00, 0x00, 0x00, 0x18, 0x00, 0x0C, 0x00, 0x08, 0x00, 0x10,
  0x08, 0x04, 0x00, 0x20, 0x08, 0x06, 0x00, 0x40, 0x0C, 0x02, 0x00, 0x80, 0x0C, 0x01, 0x01, 0x00,
  0x04, 0x01, 0xBF, 0x80, 0x0E, 0x00, 0xFF, 0xE0, 0x0F, 0xFF, 0xFF, 0xF8, 0x0F, 0xFF, 0xFF, 0xF8,
  0x0C, 0x0F, 0xFF, 0xF8, 0x18, 0x01, 0xFF, 0xF8, 0x18, 0x01, 0xFF, 0xF8, 0x30, 0x03, 0x7F, 0xF8,
  0x00, 0x06, 0x3F, 0xF0, 0x00, 0x08, 0x06, 0x00, 0x00, 0x10, 0x02, 0x00, 0x00, 0x20, 0x03, 0x00,
  0x00, 0x40, 0x01, 0x00, 0x00, 0x80, 0x00, 0x80, 0x01, 0x00, 0x00, 0xC0, 0x00, 0x00, 0x00, 0x40,
  0x00, 0x00, 0x00, 0x20, 0x00, 0x00, 0x00, 0x00, 0x00, 0x00, 0x00, 0x00, 0x00, 0x00, 0x00, 0x00,
  0x00, 0x00, 0x00, 0x00, 0x00, 0x00, 0x00, 0x00, 0x00, 0x00, 0x00, 0x00, 0x00, 0x00, 0x00, 0x00,
  0x00, 0x20, 0x00, 0x00, 0x00, 0x30, 0x00, 0x00, 0x00, 0x10, 0x00, 0x18, 0x00, 0x08, 0x00, 0x30,
  0x00, 0x0C, 0x00, 0x60, 0x18, 0x04, 0x00, 0xC0, 0x0C, 0x02, 0x01, 0x80, 0x0C, 0x03, 0x03, 0x00,
  0x0C, 0x01, 0xBF, 0x80, 0x0E, 0x01, 0xFF, 0xE0, 0x0F, 0xFF, 0xFF, 0xF8, 0x0F, 0xFF, 0xFF, 0xF8,
  0x0C, 0x1F, 0xFF, 0xF8, 0x08, 0x01, 0xFF, 0xF8, 0x18, 0x01, 0xFF, 0xF8, 0x30, 0x03, 0x7F, 0xF0,
  0x00, 0x06, 0x3F, 0xE0, 0x00, 0x0C, 0x06, 0x00, 0x00, 0x18, 0x02, 0x00, 0x00, 0x30, 0x01, 0x00,
  0x00, 0x60, 0x01, 0x80, 0x00, 0xC0, 0x00, 0x80, 0x01, 0x80, 0x00, 0x40, 0x00, 0x00, 0x00, 0x60,
  0x00, 0x00, 0x00, 0x20, 0x00, 0x00, 0x00, 0x00, 0x00, 0x00, 0x00, 0x00, 0x00, 0x00, 0x00, 0x00,
  0x00, 0x00, 0x00, 0x00, 0x00, 0x00, 0x00, 0x00, 0x00, 0x00, 0x00, 0x00, 0x00, 0x00, 0x00, 0x00,
  0x00, 0x60, 0x00, 0x00, 0x00, 0x30, 0x00, 0x08, 0x00, 0x10, 0x00, 0x18, 0x00, 0x08, 0x00, 0x30,
  0x00, 0x0C, 0x00, 0x60, 0x18, 0x04, 0x00, 0xC0, 0x08, 0x02, 0x01, 0x80, 0x0C, 0x03, 0x03, 0x00,
  0x0C, 0x01, 0x3F, 0x80, 0x0C, 0x01, 0xFF, 0xF0, 0x0F, 0xFF, 0xFF, 0xF8, 0x0F, 0xFF, 0xFF, 0xF8,
  0x0C, 0x3F, 0xFF, 0xF8, 0x0C, 0x01, 0xFF, 0xF8, 0x18, 0x01, 0xFF, 0xF8, 0x30, 0x03, 0x7F, 0xF0,
  0x30, 0x06, 0x1F, 0xC0, 0x00, 0x0C, 0x06, 0x00, 0x00, 0x18, 0x02, 0x00, 0x00, 0x30, 0x01, 0x00,
  0x00, 0x60, 0x00, 0x80, 0x00, 0xC0, 0x00, 0xC0, 0x01, 0x80, 0x00, 0x40, 0x00, 0x00, 0x00, 0x20,
  0x00, 0x00, 0x00, 0x20, 0x00, 0x00, 0x00, 0x00, 0x00, 0x00, 0x00, 0x00, 0x00, 0x00, 0x00, 0x00,
  0x00, 0x00, 0x00, 0x00, 0x00, 0x00, 0x00, 0x00, 0x00, 0x00, 0x00, 0x00, 0x00, 0x00, 0x00, 0x00,
  0x00, 0x60, 0x00, 0x00, 0x00, 0x20, 0x00, 0x08, 0x00, 0x10, 0x00, 0x10, 0x00, 0x18, 0x00, 0x20,
  0x00, 0x08, 0x00, 0x40, 0x18, 0x04, 0x00, 0x80, 0x18, 0x02, 0x01, 0x00, 0x0C, 0x03, 0x03, 0x00,
  0x0C, 0x01, 0x7F, 0xC0, 0x0C, 0x01, 0xFF, 0xF0, 0x0F, 0xFB, 0xFF, 0xF8, 0x0F, 0xFF, 0xFF, 0xF8,
  0x0C, 0x7F, 0xFF, 0xF8, 0x0C, 0x01, 0xFF, 0xF8, 0x18, 0x01, 0xFF, 0xF8, 0x18, 0x03, 0x7F, 0xF0,
  0x30, 0x06, 0x1F, 0xC0, 0x00, 0x0C, 0x02, 0x00, 0x00, 0x18, 0x03, 0x00, 0x00, 0x30, 0x01, 0x00,
  0x00, 0x60, 0x00, 0x80, 0x00, 0xC0, 0x00, 0xC0, 0x00, 0x80, 0x00, 0x60, 0x00, 0x00, 0x00, 0x20,
  0x00, 0x00, 0x00, 0x00, 0x00, 0x00, 0x00, 0x00, 0x00, 0x00, 0x00, 0x00, 0x00, 0x00, 0x00, 0x00,
  0x00, 0x00, 0x00, 0x00, 0x00, 0x00, 0x00, 0x00, 0x00, 0x00, 0x00, 0x00, 0x00, 0x00, 0x00, 0x00,
  0x00, 0x40, 0x00, 0x00, 0x00, 0x20, 0x00, 0x18, 0x00, 0x30, 0x00, 0x30, 0x00, 0x18, 0x00, 0x20,
  0x00, 0x08, 0x00, 0x40, 0x18, 0x04, 0x00, 0x80, 0x18, 0x06, 0x01, 0x00, 0x08, 0x03, 0x07, 0x00,
  0x0C, 0x01, 0x7F, 0xC0, 0x0C, 0x01, 0xFF, 0xF0, 0x0F, 0xFB, 0xFF, 0xF8, 0x0F, 0xFF, 0xFF, 0xF8,
  0x0F, 0xFF, 0xFF, 0xF8, 0x0C, 0x01, 0xFF, 0xF8, 0x18, 0x01, 0xFF, 0xF8, 0x18, 0x03, 0x7F, 0xF0,
  0x30, 0x06, 0x1F, 0x80, 0x00, 0x0C, 0x02, 0x00, 0x00, 0x08, 0x03, 0x00, 0x00, 0x10, 0x01, 0x80,
  0x00, 0x20, 0x00, 0x80, 0x00, 0x40, 0x00, 0x40, 0x00, 0x80, 0x00, 0x20, 0x00, 0x00, 0x00, 0x30,
  0x00, 0x00, 0x00, 0x00, 0x00, 0x00, 0x00, 0x00, 0x00, 0x00, 0x00, 0x00, 0x00, 0x00, 0x00, 0x00,
  0x00, 0x00, 0x00, 0x00, 0x00, 0x00, 0x00, 0x00, 0x00, 0x00, 0x00, 0x00, 0x00, 0x00, 0x00, 0x00,
  0x00, 0x40, 0x00, 0x08, 0x00, 0x60, 0x00, 0x18, 0x00, 0x30, 0x00, 0x30, 0x00, 0x10, 0x00, 0x60,
  0x00, 0x08, 0x00, 0xC0, 0x10, 0x04, 0x01, 0x80, 0x18, 0x06, 0x01, 0x00, 0x18, 0x03, 0x0F, 0x00,
  0x0C, 0x01, 0x7F, 0xC0, 0x0C, 0x01, 0xFF, 0xF0, 0x0F, 0xE3, 0xFF, 0xF8, 0x0F, 0xFF, 0xFF, 0xF8,
  0x0F, 0xFF, 0xFF, 0xF8, 0x0C, 0x01, 0xFF, 0xF8, 0x08, 0x01, 0xFF, 0xF8, 0x18, 0x03, 0x7F, 0xF0,
  0x18, 0x02, 0x1F, 0x80, 0x00, 0x04, 0x02, 0x00, 0x00, 0x08, 0x01, 0x00, 0x00, 0x10, 0x01, 0x80,
  0x00, 0x20, 0x00, 0xC0, 0x00, 0x60, 0x00, 0x40, 0x00, 0xC0, 0x00, 0x20, 0x00, 0x80, 0x00, 0x10,
  0x00, 0x00, 0x00, 0x00, 0x00, 0x00, 0x00, 0x00, 0x00, 0x00, 0x00, 0x00, 0x00, 0x00, 0x00, 0x00,
  0x00, 0x00, 0x00, 0x00, 0x00, 0x00, 0x00, 0x00, 0x00, 0x00, 0x00, 0x00, 0x00, 0x00, 0x00, 0x00,
  0x00, 0xC0, 0x00, 0x08, 0x00, 0x60, 0x00, 0x10, 0x00, 0x20, 0x00, 0x20, 0x00, 0x10, 0x00, 0x40,
  0x00, 0x08, 0x00, 0xC0, 0x00, 0x0C, 0x01, 0x80, 0x18, 0x06, 0x03, 0x00, 0x18, 0x02, 0x0F, 0x00,
  0x0C, 0x01, 0x7F, 0xE0, 0x0C, 0x01, 0xFF, 0xF8, 0x0E, 0x03, 0xFF, 0xF8, 0x0F, 0xFF, 0xFF, 0xF8,
  0x0F, 0xFF, 0xFF, 0xF8, 0x0C, 0x01, 0xFF, 0xF8, 0x0C, 0x01, 0xFF, 0xF8, 0x18, 0x01, 0x7F, 0xF0,
  0x18, 0x02, 0x0F, 0x80, 0x10, 0x04, 0x03, 0x00, 0x00, 0x08, 0x01, 0x00, 0x00, 0x18, 0x00, 0x80,
  0x00, 0x30, 0x00, 0x40, 0x00, 0x60, 0x00, 0x60, 0x00, 0xC0, 0x00, 0x30, 0x00, 0x80, 0x00, 0x10,
  0x00, 0x00, 0x00, 0x00, 0x00, 0x00, 0x00, 0x00, 0x00, 0x00, 0x00, 0x00, 0x00, 0x00, 0x00, 0x00,
  0x00, 0x00, 0x00, 0x00, 0x00, 0x00, 0x00, 0x00, 0x00, 0x00, 0x00, 0x00, 0x00, 0x00, 0x00, 0x00,
  0x00, 0x80, 0x00, 0x10, 0x00, 0x40, 0x00, 0x30, 0x00, 0x20, 0x00, 0x60, 0x00, 0x30, 0x00, 0x40,
  0x00, 0x18, 0x00, 0x80, 0x00, 0x0C, 0x01, 0x00, 0x10, 0x04, 0x03, 0x00, 0x18, 0x02, 0x1F, 0x80,
  0x08, 0x01, 0x7F, 0xE0, 0x0C, 0x01, 0xFF, 0xF8, 0x0C, 0x03, 0xFF, 0xF8, 0x0F, 0xFF, 0xFF, 0xF8,
  0x0F, 0xFF, 0xFF, 0xF8, 0x0C, 0x01, 0xFF, 0xF8, 0x0C, 0x01, 0xFF, 0xF8, 0x18, 0x01, 0x7F, 0xE0,
  0x18, 0x02, 0x0F, 0x00, 0x10, 0x04, 0x03, 0x00, 0x00, 0x0C, 0x01, 0x80, 0x00, 0x18, 0x00, 0x80,
  0x00, 0x30, 0x00, 0x40, 0x00, 0x20, 0x00, 0x20, 0x00, 0x40, 0x00, 0x30, 0x00, 0x80, 0x00, 0x10,
  0x00, 0x00, 0x00, 0x00, 0x00, 0x00, 0x00, 0x00, 0x00, 0x00, 0x00, 0x00, 0x00, 0x00, 0x00, 0x00,
  0x00, 0x00, 0x00, 0x00, 0x00, 0x00, 0x00, 0x00, 0x00, 0x00, 0x00, 0x00, 0x00, 0x00, 0x00, 0x00,
  0x00, 0x80, 0x00, 0x10, 0x00, 0xC0, 0x00, 0x20, 0x00, 0x60, 0x00, 0x60, 0x00, 0x30, 0x00, 0xC0,
  0x00, 0x18, 0x00, 0x80, 0x00, 0x0C, 0x01, 0x00, 0x10, 0x04, 0x02, 0x00, 0x18, 0x02, 0x1F, 0x80,
  0x18, 0x01, 0x7F, 0xF0, 0x0C, 0x01, 0xFF, 0xF8, 0x0C, 0x03, 0xFF, 0xF8, 0x0F, 0xFF, 0xFF, 0xF8,
  0x0F, 0xFF, 0xFF, 0xF8, 0x0C, 0x01, 0xFF, 0xF8, 0x0C, 0x01, 0xFF, 0xF0, 0x08, 0x01, 0x7F, 0xE0,
  0x18, 0x02, 0x0F, 0x00, 0x18, 0x06, 0x03, 0x00, 0x00, 0x0C, 0x01, 0x80, 0x00, 0x18, 0x00, 0xC0,
  0x00, 0x10, 0x00, 0x60, 0x00, 0x20, 0x00, 0x20, 0x00, 0x40, 0x00, 0x10, 0x00, 0xC0, 0x00, 0x00,
  0x00, 0x00, 0x00, 0x00, 0x00, 0x00, 0x00, 0x00, 0x00, 0x00, 0x00, 0x00, 0x00, 0x00, 0x00, 0x00,
  0x00, 0x00, 0x00, 0x00, 0x00, 0x00, 0x00, 0x00, 0x00, 0x00, 0x00, 0x00, 0x00, 0x00, 0x00, 0x00,
  0x00, 0x80, 0x00, 0x30, 0x00, 0xC0, 0x00, 0x20, 0x00, 0x60, 0x00, 0x40, 0x00, 0x30, 0x00, 0xC0,
  0x00, 0x10, 0x01, 0x80, 0x00, 0x08, 0x01, 0x00, 0x10, 0x04, 0x02, 0x00, 0x18, 0x02, 0x1F, 0x80,
  0x18, 0x01, 0x7F, 0xF0, 0x0C, 0x01, 0xFF, 0xF8, 0x0C, 0x03, 0xFF, 0xF8, 0x0F, 0xFF, 0xFF, 0xF8,
  0x0F, 0xFF, 0xFF, 0xF8, 0x0E, 0x01, 0xFF, 0xF8, 0x0C, 0x01, 0xFF, 0xF0, 0x0C, 0x01, 0x7F, 0xC0,
  0x18, 0x02, 0x07, 0x00, 0x18, 0x06, 0x01, 0x00, 0x00, 0x0C, 0x00, 0x80, 0x00, 0x08, 0x00, 0xC0,
  0x00, 0x10, 0x00, 0x60, 0x00, 0x30, 0x00, 0x30, 0x00, 0x60, 0x00, 0x18, 0x00, 0x40, 0x00, 0x00,
  0x00, 0x00, 0x00, 0x00, 0x00, 0x00, 0x00, 0x00, 0x00, 0x00, 0x00, 0x00, 0x00, 0x00, 0x00, 0x00,
  0x00, 0x00, 0x00, 0x00, 0x00, 0x00, 0x00, 0x00, 0x00, 0x00, 0x00, 0x00, 0x00, 0x00, 0x00, 0x10,
  0x00, 0x00, 0x00, 0x30, 0x00, 0x80, 0x00, 0x60, 0x00, 0x40, 0x00, 0x40, 0x00, 0x20, 0x00, 0x80,
  0x00, 0x10, 0x01, 0x80, 0x00, 0x08, 0x03, 0x00, 0x00, 0x04, 0x02, 0x00, 0x30, 0x02, 0x1F, 0xC0,
  0x18, 0x03, 0x7F, 0xF0, 0x08, 0x01, 0xFF, 0xF8, 0x0C, 0x03, 0xFF, 0xF8, 0x0F, 0xFF, 0xFF, 0xF8,
  0x0F, 0xFF, 0xFF, 0xF8, 0x0E, 0x01, 0xFF, 0xF8, 0x0C, 0x01, 0xFF, 0xF0, 0x0C, 0x01, 0x3F, 0xC0,
  0x08, 0x03, 0x03, 0x00, 0x18, 0x06, 0x01, 0x00, 0x10, 0x04, 0x00, 0x80, 0x00, 0x08, 0x00, 0x40,
  0x00, 0x18, 0x00, 0x20, 0x00, 0x30, 0x00, 0x10, 0x00, 0x20, 0x00, 0x08, 0x00, 0x40, 0x00, 0x00,
  0x00, 0x00, 0x00, 0x00, 0x00, 0x00, 0x00, 0x00, 0x00, 0x00, 0x00, 0x00, 0x00, 0x00, 0x00, 0x00,
  0x00, 0x00, 0x00, 0x00, 0x00, 0x00, 0x00, 0x00, 0x00, 0x00, 0x00, 0x00, 0x00, 0x00, 0x00, 0x10,
  0x00, 0x00, 0x00, 0x20, 0x00, 0x80, 0x00, 0x40, 0x00, 0x40, 0x00, 0xC0, 0x00, 0x20, 0x00, 0x80,
  0x00, 0x30, 0x01, 0x00, 0x00, 0x18, 0x03, 0x00, 0x00, 0x0C, 0x06, 0x00, 0x30, 0x06, 0x3F, 0xC0,
  0x18, 0x03, 0x7F, 0xF0, 0x18, 0x01, 0xFF, 0xF8, 0x0C, 0x03, 0xFF, 0xF8, 0x0F, 0xFF, 0xFF, 0xF8,
  0x0F, 0xFF, 0xFF, 0xF8, 0x0F, 0x81, 0xFF, 0xF8, 0x0C, 0x01, 0xFF, 0xF0, 0x0C, 0x01, 0x3F, 0xC0,
  0x08, 0x03, 0x03, 0x00, 0x18, 0x06, 0x01, 0x80, 0x18, 0x04, 0x00, 0xC0, 0x00, 0x08, 0x00, 0x60,
  0x00, 0x18, 0x00, 0x30, 0x00, 0x10, 0x00, 0x18, 0x00, 0x20, 0x00, 0x08, 0x00, 0x60, 0x00, 0x00,
  0x00, 0x00, 0x00, 0x00, 0x00, 0x00, 0x00, 0x00, 0x00, 0x00, 0x00, 0x00, 0x00, 0x00, 0x00, 0x00,
  0x00, 0x00, 0x00, 0x00, 0x00, 0x00, 0x00, 0x00, 0x00, 0x00, 0x00, 0x00, 0x00, 0x00, 0x00, 0x20,
  0x00, 0x00, 0x00, 0x60, 0x01, 0x80, 0x00, 0x40, 0x00, 0xC0, 0x00, 0x80, 0x00, 0x60, 0x01, 0x80,
  0x00, 0x30, 0x01, 0x00, 0x00, 0x18, 0x02, 0x00, 0x00, 0x0C, 0x06, 0x00, 0x30, 0x06, 0x3F, 0xE0,
  0x18, 0x03, 0x7F, 0xF0, 0x18, 0x01, 0xFF, 0xF8, 0x0C, 0x03, 0xFF, 0xF8, 0x0F, 0xFF, 0xFF, 0xF8,
  0x0F, 0xFF, 0xFF, 0xF8, 0x0F, 0xE1, 0xFF, 0xF8, 0x0C, 0x00, 0xFF, 0xE0, 0x0C, 0x01, 0x3F, 0x80,
  0x0C, 0x03, 0x03, 0x00, 0x18, 0x02, 0x01, 0x80, 0x18, 0x04, 0x00, 0xC0, 0x00, 0x0C, 0x00, 0x60,
  0x00, 0x18, 0x00, 0x30, 0x00, 0x10, 0x00, 0x18, 0x00, 0x20, 0x00, 0x08, 0x00, 0x60, 0x00, 0x00,
  0x00, 0x00, 0x00, 0x00, 0x00, 0x00, 0x00, 0x00, 0x00, 0x00, 0x00, 0x00, 0x00, 0x00, 0x00, 0x00,
  0x00, 0x00, 0x00, 0x00, 0x00, 0x00, 0x00, 0x00, 0x00, 0x00, 0x00, 0x00, 0x00, 0x00, 0x00, 0x20,
  0x00, 0x00, 0x00, 0x60, 0x01, 0x80, 0x00, 0xC0, 0x00, 0xC0, 0x00, 0x80, 0x00, 0x60, 0x01, 0x00,
  0x00, 0x30, 0x03, 0x00, 0x00, 0x18, 0x02, 0x00, 0x00, 0x0C, 0x06, 0x00, 0x30, 0x06, 0x3F, 0xE0,
  0x30, 0x03, 0x7F, 0xF8, 0x18, 0x01, 0xFF, 0xF8, 0x0C, 0x03, 0xFF, 0xF8, 0x0C, 0xFF, 0xFF, 0xF8,
  0x0F, 0xFF, 0xFF, 0xF8, 0x0F, 0xF1, 0xFF, 0xF8, 0x0C, 0x00, 0xFF, 0xE0, 0x0C, 0x01, 0x3F, 0x80,
  0x0C, 0x03, 0x01, 0x00, 0x08, 0x02, 0x00, 0x80, 0x18, 0x04, 0x00, 0x40, 0x00, 0x0C, 0x00, 0x20,
  0x00, 0x08, 0x00, 0x10, 0x00, 0x10, 0x00, 0x08, 0x00, 0x30, 0x00, 0x00, 0x00, 0x20, 0x00, 0x00,
  0x00, 0x00, 0x00, 0x00, 0x00, 0x00, 0x00, 0x00, 0x00, 0x00, 0x00, 0x00, 0x00, 0x00, 0x00, 0x00,
  0x00, 0x00, 0x00, 0x00, 0x00, 0x00, 0x00, 0x00, 0x00, 0x00, 0x00, 0x00, 0x00, 0x00, 0x00, 0x60,
  0x00, 0x00, 0x00, 0x40, 0x01, 0x00, 0x00, 0xC0, 0x00, 0x80, 0x00, 0x80, 0x00, 0x40, 0x01, 0x00,
  0x00, 0x20, 0x03, 0x00, 0x00, 0x18, 0x02, 0x00, 0x00, 0x0C, 0x07, 0x00, 0x20, 0x06, 0x3F, 0xF0,
  0x30, 0x03, 0xFF, 0xF8, 0x18, 0x01, 0xFF, 0xF8, 0x08, 0x03, 0xFF, 0xF8, 0x0C, 0x7F, 0xFF, 0xF8,
  0x0F, 0xFF, 0xFF, 0xF8, 0x0F, 0xF3, 0xFF, 0xF0, 0x0E, 0x00, 0xFF, 0xE0, 0x0C, 0x01, 0x3F, 0x00,
  0x0C, 0x03, 0x01, 0x00, 0x0C, 0x02, 0x00, 0x80, 0x18, 0x06, 0x00, 0x40, 0x00, 0x04, 0x00, 0x30,
  0x00, 0x08, 0x00, 0x18, 0x00, 0x18, 0x00, 0x0C, 0x00, 0x10, 0x00, 0x00, 0x00, 0x20, 0x00, 0x00,
  0x00, 0x20, 0x00, 0x00, 0x00, 0x00, 0x00, 0x00, 0x00, 0x00, 0x00, 0x00, 0x00, 0x00, 0x00, 0x00,
  0x00, 0x00, 0x00, 0x00, 0x00, 0x00, 0x00, 0x00, 0x00, 0x00, 0x00, 0x00, 0x00, 0x00, 0x00, 0x60,
  0x00, 0x00, 0x00, 0x40, 0x01, 0x00, 0x00, 0x80, 0x01, 0x80, 0x01, 0x80, 0x00, 0xC0, 0x01, 0x00,
  0x00, 0x20, 0x02, 0x00, 0x00, 0x10, 0x06, 0x00, 0x00, 0x08, 0x07, 0x80, 0x00, 0x06, 0x3F, 0xF0,
  0x30, 0x03, 0xFF, 0xF8, 0x18, 0x01, 0xFF, 0xF8, 0x18, 0x03, 0xFF, 0xF8, 0x0C, 0x3F, 0xFF, 0xF8,
  0x0F, 0xFF, 0xFF, 0xF8, 0x0F, 0xFB, 0xFF, 0xF0, 0x0E, 0x00, 0xFF, 0xC0, 0x04, 0x01, 0xBF, 0x00,
  0x0C, 0x01, 0x01, 0x80, 0x0C, 0x02, 0x00, 0xC0, 0x08, 0x06, 0x00, 0x60, 0x08, 0x04, 0x00, 0x30,
  0x00, 0x08, 0x00, 0x18, 0x00, 0x18, 0x00, 0x0C, 0x00, 0x10, 0x00, 0x00, 0x00, 0x30, 0x00, 0x00,
  0x00, 0x20, 0x00, 0x00, 0x00, 0x00, 0x00, 0x00, 0x00, 0x00, 0x00, 0x00, 0x00, 0x00, 0x00, 0x00,
  0x00, 0x00, 0x00, 0x00, 0x00, 0x00, 0x00, 0x00, 0x00, 0x00, 0x00, 0x00, 0x00, 0x00, 0x00, 0x40,
  0x00, 0x00, 0x00, 0xC0, 0x01, 0x00, 0x00, 0x80, 0x01, 0x80, 0x01, 0x00, 0x00, 0xC0, 0x03, 0x00,
  0x00, 0x60, 0x02, 0x00, 0x00, 0x30, 0x06, 0x00, 0x00, 0x08, 0x0F, 0x80, 0x00, 0x04, 0x3F, 0xF0,
  0x30, 0x03, 0xFF, 0xF8, 0x38, 0x01, 0xFF, 0xF8, 0x18, 0x03, 0xFF, 0xF8, 0x0C, 0x1F, 0xFF, 0xF8,
  0x0F, 0xFF, 0xFF, 0xF8, 0x0F, 0xFB, 0xFF, 0xF0, 0x0E, 0x00, 0xFF, 0xC0, 0x04, 0x01, 0xBF, 0x00,
  0x0C, 0x01, 0x01, 0x80, 0x0C, 0x02, 0x00, 0xC0, 0x0C, 0x06, 0x00, 0x60, 0x08, 0x04, 0x00, 0x10,
  0x00, 0x0C, 0x00, 0x08, 0x00, 0x08, 0x00, 0x04, 0x00, 0x10, 0x00, 0x00, 0x00, 0x30, 0x00, 0x00,
  0x00, 0x20, 0x00, 0x00, 0x00, 0x00, 0x00, 0x00, 0x00, 0x00, 0x00, 0x00, 0x00, 0x00, 0x00, 0x00,
  0x00, 0x00, 0x00, 0x00, 0x00, 0x00, 0x00, 0x00, 0x00, 0x00, 0x00, 0x40, 0x00, 0x00, 0x00, 0x40,
  0x00, 0x00, 0x00, 0x80, 0x00, 0x00, 0x01, 0x80, 0x01, 0x00, 0x01, 0x00, 0x00, 0xC0, 0x03, 0x00,
  0x00, 0x60, 0x02, 0x00, 0x00, 0x30, 0x04, 0x00, 0x00, 0x18, 0x0F, 0xC0, 0x00, 0x04, 0x3F, 0xF0,
  0x30, 0x02, 0xFF, 0xF8, 0x30, 0x01, 0xFF, 0xF8, 0x18, 0x03, 0xFF, 0xF8, 0x0C, 0x1F, 0xFF, 0xF8,
  0x0F, 0xFF, 0xFF, 0xF8, 0x0F, 0xFB, 0xFF, 0xF0, 0x07, 0x00, 0xFF, 0xC0, 0x04, 0x01, 0x9F, 0x00,
  0x04, 0x01, 0x01, 0x80, 0x0C, 0x03, 0x00, 0x40, 0x0C, 0x02, 0x00, 0x20, 0x08, 0x04, 0x00, 0x18,
  0x00, 0x0C, 0x00, 0x0C, 0x00, 0x08, 0x00, 0x04, 0x00, 0x18, 0x00, 0x00, 0x00, 0x10, 0x00, 0x00,
  0x00, 0x20, 0x00, 0x00, 0x00, 0x00, 0x00, 0x00, 0x00, 0x00, 0x00, 0x00, 0x00, 0x00, 0x00, 0x00,
  0x00, 0x00, 0x00, 0x00, 0x00, 0x00, 0x00, 0x00, 0x00, 0x00, 0x00, 0x40, 0x00, 0x00, 0x00, 0xC0,
  0x00, 0x00, 0x00, 0x80, 0x00, 0x00, 0x01, 0x00, 0x03, 0x00, 0x01, 0x00, 0x01, 0x80, 0x02, 0x00,
  0x00, 0x60, 0x06, 0x00, 0x00, 0x30, 0x04, 0x00, 0x00, 0x18, 0x0F, 0xE0, 0x00, 0x0C, 0x7F, 0xF0,
  0x20, 0x02, 0xFF, 0xF8, 0x30, 0x01, 0xFF, 0xF8, 0x18, 0x03, 0xFF, 0xF8, 0x0C, 0x0F, 0xFF, 0xF8,
  0x0F, 0xFF, 0xFF, 0xF8, 0x0F, 0xFF, 0xFF, 0xE0, 0x07, 0x00, 0xFF, 0xC0, 0x06, 0x01, 0x9F, 0x00,
  0x04, 0x01, 0x00, 0x80, 0x0C, 0x03, 0x00, 0x60, 0x0C, 0x02, 0x00, 0x30, 0x0C, 0x06, 0x00, 0x18,
  0x00, 0x04, 0x00, 0x04, 0x00, 0x08, 0x00, 0x00, 0x00, 0x08, 0x00, 0x00, 0x00, 0x10, 0x00, 0x00,
  0x00, 0x10, 0x00, 0x00, 0x00, 0x00, 0x00, 0x00, 0x00, 0x00, 0x00, 0x00, 0x00, 0x00, 0x00, 0x00,
  0x00, 0x00, 0x00, 0x00, 0x00, 0x00, 0x00, 0x00, 0x00, 0x00, 0x00, 0xC0, 0x00, 0x00, 0x00, 0x80,
  0x00, 0x00, 0x01, 0x80, 0x00, 0x00, 0x01, 0x00, 0x03, 0x00, 0x03, 0x00, 0x01, 0x80, 0x02, 0x00,
  0x00, 0xC0, 0x06, 0x00, 0x00, 0x30, 0x04, 0x00, 0x00, 0x18, 0x1F, 0xE0, 0x00, 0x0C, 0x7F, 0xF0,
  0x00, 0x02, 0xFF, 0xF8, 0x30, 0x01, 0xFF, 0xF8, 0x18, 0x03, 0xFF, 0xF8, 0x18, 0x0F, 0xFF, 0xF8,
  0x0D, 0xFF, 0xFF, 0xF0, 0x0F, 0xFF, 0xFF, 0xE0, 0x07, 0x80, 0xFF, 0x80, 0x06, 0x01, 0x9F, 0x00,
  0x04, 0x01, 0x00, 0xC0, 0x04, 0x03, 0x00, 0x60, 0x0C, 0x02, 0x00, 0x30, 0x0C, 0x06, 0x00, 0x0C,
  0x00, 0x04, 0x00, 0x04, 0x00, 0x0C, 0x00, 0x00, 0x00, 0x08, 0x00, 0x00, 0x00, 0x18, 0x00, 0x00,
  0x00, 0x10, 0x00, 0x00, 0x00, 0x00, 0x00, 0x00, 0x00, 0x00, 0x00, 0x00, 0x00, 0x00, 0x00, 0x00,
  0x00, 0x00, 0x00, 0x00, 0x00, 0x00, 0x00, 0x00, 0x00, 0x00, 0x00, 0x80, 0x00, 0x00, 0x00, 0x80,
  0x00, 0x00, 0x01, 0x00, 0x00, 0x00, 0x01, 0x00, 0x02, 0x00, 0x02, 0x00, 0x01, 0x80, 0x02, 0x00,
  0x00, 0xC0, 0x04, 0x00, 0x00, 0x60, 0x04, 0x00, 0x00, 0x18, 0x1F, 0xF0, 0x00, 0x0C, 0x7F, 0xF0,
  0x00, 0x06, 0xFF, 0xF8, 0x30, 0x01, 0xFF, 0xF8, 0x38, 0x03, 0xFF, 0xF8, 0x18, 0x0F, 0xFF, 0xF8,
  0x0C, 0xFF, 0xFF, 0xF0, 0x0F, 0xFF, 0xFF, 0xE0, 0x07, 0xC0, 0xFF, 0x80, 0x06, 0x00, 0x89, 0x80,
  0x06, 0x01, 0x00, 0xC0, 0x04, 0x01, 0x00, 0x60, 0x04, 0x02, 0x00, 0x18, 0x0C, 0x06, 0x00, 0x0C,
  0x08, 0x04, 0x00, 0x06, 0x00, 0x0C, 0x00, 0x00, 0x00, 0x08, 0x00, 0x00, 0x00, 0x18, 0x00, 0x00,
  0x00, 0x10, 0x00, 0x00, 0x00, 0x00, 0x00, 0x00, 0x00, 0x00, 0x00, 0x00, 0x00, 0x00, 0x00, 0x00,
  0x00, 0x00, 0x00, 0x00, 0x00, 0x00, 0x00, 0x00, 0x00, 0x00, 0x00, 0x80, 0x00, 0x00, 0x01, 0x80,
  0x00, 0x00, 0x01, 0x00, 0x00, 0x00, 0x03, 0x00, 0x02, 0x00, 0x02, 0x00, 0x03, 0x00, 0x06, 0x00,
  0x00, 0xC0, 0x04, 0x00, 0x00, 0x60, 0x0C, 0x00, 0x00, 0x10, 0x1F, 0xF0, 0x00, 0x0C, 0x7F, 0xF0,
  0x00, 0x06, 0xFF, 0xF8, 0x30, 0x01, 0xFF, 0xF8, 0x30, 0x03, 0xFF, 0xF8, 0x18, 0x07, 0xFF, 0xF8,
  0x0C, 0xFF, 0xFF, 0xF0, 0x0F, 0xFF, 0xFF, 0xC0, 0x07, 0xC0, 0xFF, 0x80, 0x06, 0x00, 0x81, 0x80,
  0x06, 0x01, 0x00, 0xC0, 0x06, 0x01, 0x00, 0x30, 0x04, 0x02, 0x00, 0x18, 0x0C, 0x02, 0x00, 0x0C,
  0x0C, 0x04, 0x00, 0x02, 0x00, 0x04, 0x00, 0x00, 0x00, 0x08, 0x00, 0x00, 0x00, 0x08, 0x00, 0x00,
  0x00, 0x18, 0x00, 0x00, 0x00, 0x00, 0x00, 0x00, 0x00, 0x00, 0x00, 0x00, 0x00, 0x00, 0x00, 0x00,
  0x00, 0x00, 0x00, 0x00, 0x00, 0x00, 0x00, 0x80, 0x00, 0x00, 0x00, 0x80, 0x00, 0x00, 0x01, 0x00,
  0x00, 0x00, 0x01, 0x00, 0x00, 0x00, 0x02, 0x00, 0x02, 0x00, 0x02, 0x00, 0x03, 0x00, 0x06, 0x00,
  0x01, 0x80, 0x04, 0x00, 0x00, 0x60, 0x0F, 0x00, 0x00, 0x30, 0x1F, 0xF0, 0x00, 0x0C, 0x7F, 0xF0,
  0x00, 0x06, 0xFF, 0xF8, 0x20, 0x01, 0xFF, 0xF8, 0x30, 0x03, 0xFF, 0xF8, 0x18, 0x07, 0xFF, 0xF8,
  0x0C, 0x7F, 0xFF, 0xF0, 0x0F, 0xFF, 0xFF, 0xC0, 0x0F, 0xE0, 0xFF, 0x80, 0x06, 0x00, 0x81, 0x80,
  0x06, 0x01, 0x00, 0x60, 0x06, 0x01, 0x00, 0x30, 0x04, 0x03, 0x00, 0x08, 0x04, 0x02, 0x00, 0x06,
  0x0C, 0x06, 0x00, 0x00, 0x00, 0x04, 0x00, 0x00, 0x00, 0x0C, 0x00, 0x00, 0x00, 0x08, 0x00, 0x00,
  0x00, 0x18, 0x00, 0x00, 0x00, 0x00, 0x00, 0x00, 0x00, 0x00, 0x00, 0x00, 0x00, 0x00, 0x00, 0x00,
  0x00, 0x00, 0x00, 0x00, 0x00, 0x00, 0x00, 0x80, 0x00, 0x00, 0x01, 0x80, 0x00, 0x00, 0x01, 0x00,
  0x00, 0x00, 0x03, 0x00, 0x00, 0x00, 0x02, 0x00, 0x00, 0x00, 0x06, 0x00, 0x03, 0x00, 0x04, 0x00,
  0x01, 0x80, 0x04, 0x00, 0x00, 0x60, 0x0F, 0xC0, 0x00, 0x30, 0x3F, 0xF0, 0x00, 0x0C, 0x7F, 0xF0,
  0x00, 0x06, 0xFF, 0xF8, 0x00, 0x03, 0xFF, 0xF8, 0x30, 0x03, 0xFF, 0xF8, 0x18, 0x07, 0xFF, 0xF8,
  0x1C, 0x7F, 0xFF, 0xE0, 0x0F, 0xFF, 0xFF, 0xC0, 0x0F, 0xE0, 0xFF, 0x80, 0x07, 0x00, 0x80, 0x80,
  0x06, 0x01, 0x80, 0x60, 0x06, 0x01, 0x00, 0x30, 0x06, 0x03, 0x00, 0x0C, 0x06, 0x02, 0x00, 0x06,
  0x04, 0x06, 0x00, 0x00, 0x00, 0x04, 0x00, 0x00, 0x00, 0x04, 0x00, 0x00, 0x00, 0x08, 0x00, 0x00,
  0x00, 0x08, 0x00, 0x00, 0x00, 0x00, 0x00, 0x00, 0x00, 0x00, 0x00, 0x00, 0x00, 0x00, 0x00, 0x00,
  0x00, 0x00, 0x00, 0x00, 0x00, 0x00, 0x01, 0x80, 0x00, 0x00, 0x01, 0x00, 0x00, 0x00, 0x01, 0x00,
  0x00, 0x00, 0x02, 0x00, 0x00, 0x00, 0x02, 0x00, 0x00, 0x00, 0x06, 0x00, 0x06, 0x00, 0x04, 0x00,
  0x01, 0x80, 0x0C, 0x00, 0x00, 0xC0, 0x0F, 0xE0, 0x00, 0x30, 0x3F, 0xF0, 0x00, 0x18, 0x7F, 0xF0,
  0x00, 0x06, 0xFF, 0xF8, 0x00, 0x03, 0xFF, 0xF8, 0x30, 0x03, 0xFF, 0xF8, 0x38, 0x07, 0xFF, 0xF0,
  0x18, 0x3F, 0xFF, 0xE0, 0x0F, 0xFF, 0xFF, 0xC0, 0x0F, 0xE0, 0xFF, 0x80, 0x07, 0x00, 0x80, 0xC0,
  0x06, 0x01, 0x80, 0x60, 0x06, 0x01, 0x00, 0x18, 0x06, 0x01, 0x00, 0x0C, 0x06, 0x02, 0x00, 0x02,
  0x06, 0x02, 0x00, 0x00, 0x00, 0x06, 0x00, 0x00, 0x00, 0x04, 0x00, 0x00, 0x00, 0x0C, 0x00, 0x00,
  0x00, 0x08, 0x00, 0x00, 0x00, 0x00, 0x00, 0x00, 0x00, 0x00, 0x00, 0x00, 0x00, 0x00, 0x00, 0x00,
  0x00, 0x00, 0x00, 0x00, 0x00, 0x00, 0x01, 0x00, 0x00, 0x00, 0x01, 0x00, 0x00, 0x00, 0x03, 0x00,
  0x00, 0x00, 0x02, 0x00, 0x00, 0x00, 0x06, 0x00, 0x00, 0x00, 0x04, 0x00, 0x06, 0x00, 0x04, 0x00,
  0x03, 0x80, 0x08, 0x00, 0x00, 0xC0, 0x0F, 0xE0, 0x00, 0x30, 0x3F, 0xF0, 0x00, 0x18, 0x7F, 0xF8,
  0x00, 0x06, 0xFF, 0xF8, 0x00, 0x03, 0xFF, 0xF8, 0x30, 0x03, 0xFF, 0xF8, 0x30, 0x07, 0xFF, 0xF0,
  0x18, 0x3F, 0xFF, 0xE0, 0x0D, 0xFF, 0xFF, 0xC0, 0x0F, 0xF0, 0xFF, 0x80, 0x07, 0x80, 0x80, 0xC0,
  0x06, 0x01, 0x80, 0x30, 0x06, 0x01, 0x00, 0x18, 0x06, 0x01, 0x00, 0x06, 0x06, 0x03, 0x00, 0x02,
  0x06, 0x02, 0x00, 0x00, 0x04, 0x06, 0x00, 0x00, 0x00, 0x04, 0x00, 0x00, 0x00, 0x04, 0x00, 0x00,
  0x00, 0x08, 0x00, 0x00, 0x00, 0x08, 0x00, 0x00, 0x00, 0x00, 0x00, 0x00, 0x00, 0x00, 0x00, 0x00,
  0x00, 0x00, 0x00, 0x00, 0x00, 0x00, 0x01, 0x00, 0x00, 0x00, 0x03, 0x00, 0x00, 0x00, 0x02, 0x00,
  0x00, 0x00, 0x02, 0x00, 0x00, 0x00, 0x06, 0x00, 0x00, 0x00, 0x04, 0x00, 0x06, 0x00, 0x0C, 0x00,
  0x03, 0x00, 0x08, 0x00, 0x00, 0xC0, 0x0F, 0xE0, 0x00, 0x60, 0x3F, 0xF0, 0x00, 0x18, 0x7F, 0xF8,
  0x00, 0x06, 0xFF, 0xF8, 0x00, 0x03, 0xFF, 0xF8, 0x20, 0x03, 0xFF, 0xF8, 0x30, 0x07, 0xFF, 0xF0,
  0x18, 0x3F, 0xFF, 0xE0, 0x0C, 0xFF, 0xFF, 0x80, 0x0F, 0xF0, 0xFF, 0x80, 0x07, 0x80, 0x80, 0xE0,
  0x06, 0x00, 0x80, 0x30, 0x06, 0x01, 0x00, 0x0C, 0x06, 0x01, 0x00, 0x06, 0x06, 0x03, 0x00, 0x00,
  0x06, 0x02, 0x00, 0x00, 0x04, 0x02, 0x00, 0x00, 0x00, 0x04, 0x00, 0x00, 0x00, 0x04, 0x00, 0x00,
  0x00, 0x0C, 0x00, 0x00, 0x00, 0x00, 0x00, 0x00, 0x00, 0x00, 0x00, 0x00, 0x00, 0x00, 0x00, 0x00,
  0x00, 0x00, 0x00, 0x00, 0x00, 0x00, 0x03, 0x00, 0x00, 0x00, 0x02, 0x00, 0x00, 0x00, 0x02, 0x00,
  0x00, 0x00, 0x06, 0x00, 0x00, 0x00, 0x04, 0x00, 0x00, 0x00, 0x04, 0x00, 0x04, 0x00, 0x0C, 0x00,
  0x07, 0x00, 0x08, 0x00, 0x01, 0xC0, 0x1F, 0xE0, 0x00, 0x60, 0x3F, 0xF0, 0x00, 0x18, 0x7F, 0xF8,
  0x00, 0x0E, 0xFF, 0xF8, 0x00, 0x03, 0xFF, 0xF8, 0x20, 0x03, 0xFF, 0xF8, 0x30, 0x07, 0xFF, 0xF0,
  0x18, 0x1F, 0xFF, 0xC0, 0x0C, 0xFF, 0xFF, 0x80, 0x0F, 0xF0, 0xFF, 0x80, 0x07, 0x80, 0x80, 0x60,
  0x06, 0x00, 0x80, 0x38, 0x06, 0x01, 0x00, 0x0C, 0x02, 0x01, 0x00, 0x03, 0x06, 0x03, 0x00, 0x00,
  0x06, 0x02, 0x00, 0x00, 0x06, 0x02, 0x00, 0x00, 0x00, 0x06, 0x00, 0x00, 0x00, 0x04, 0x00, 0x00,
  0x00, 0x04, 0x00, 0x00, 0x00, 0x00, 0x00, 0x00, 0x00, 0x00, 0x00, 0x00, 0x00, 0x00, 0x00, 0x00,
  0x00, 0x00, 0x00, 0x00, 0x00, 0x00, 0x02, 0x00, 0x00, 0x00, 0x02, 0x00, 0x00, 0x00, 0x06, 0x00,
  0x00, 0x00, 0x04, 0x00, 0x00, 0x00, 0x04, 0x00, 0x00, 0x00, 0x0C, 0x00, 0x04, 0x00, 0x08, 0x00,
  0x06, 0x00, 0x08, 0x00, 0x01, 0x80, 0x1F, 0xE0, 0x00, 0x60, 0x3F, 0xF0, 0x00, 0x38, 0xFF, 0xF0,
  0x00, 0x0E, 0xFF, 0xF8, 0x00, 0x03, 0xFF, 0xF8, 0x00, 0x03, 0xFF, 0xF0, 0x30, 0x07, 0xFF, 0xE0,
  0x38, 0x1F, 0xFF, 0xC0, 0x1C, 0xFF, 0xFF, 0x80, 0x0F, 0xF0, 0xFF, 0x80, 0x07, 0xC0, 0x80, 0x60,
  0x07, 0x00, 0x80, 0x18, 0x02, 0x01, 0x80, 0x06, 0x02, 0x01, 0x00, 0x03, 0x02, 0x01, 0x00, 0x00,
  0x06, 0x03, 0x00, 0x00, 0x06, 0x02, 0x00, 0x00, 0x00, 0x02, 0x00, 0x00, 0x00, 0x06, 0x00, 0x00,
  0x00, 0x04, 0x00, 0x00, 0x00, 0x04, 0x00, 0x00, 0x00, 0x00, 0x00, 0x00, 0x00, 0x00, 0x00, 0x00,
  0x00, 0x00, 0x02, 0x00, 0x00, 0x00, 0x02, 0x00, 0x00, 0x00, 0x02, 0x00, 0x00, 0x00, 0x04, 0x00,
  0x00, 0x00, 0x04, 0x00, 0x00, 0x00, 0x04, 0x00, 0x00, 0x00, 0x0C, 0x00, 0x00, 0x00, 0x08, 0x00,
  0x06, 0x00, 0x08, 0x40, 0x03, 0x80, 0x1F, 0xE0, 0x00, 0xE0, 0x3F, 0xF0, 0x00, 0x38, 0xFF, 0xF0,
  0x00, 0x0D, 0xFF, 0xF8, 0x00, 0x03, 0xFF, 0xF8, 0x00, 0x03, 0xFF, 0xF0, 0x30, 0x07, 0xFF, 0xE0,
  0x38, 0x1F, 0xFF, 0xC0, 0x1C, 0x7F, 0xFF, 0x80, 0x0F, 0xF8, 0xFD, 0xC0, 0x07, 0xC0, 0x80, 0x70,
  0x07, 0x00, 0x80, 0x1C, 0x02, 0x01, 0x80, 0x07, 0x02, 0x01, 0x00, 0x01, 0x02, 0x01, 0x00, 0x00,
  0x02, 0x03, 0x00, 0x00, 0x02, 0x02, 0x00, 0x00, 0x00, 0x02, 0x00, 0x00, 0x00, 0x06, 0x00, 0x00,
  0x00, 0x04, 0x00, 0x00, 0x00, 0x04, 0x00, 0x00, 0x00, 0x00, 0x00, 0x00, 0x00, 0x00, 0x00, 0x00,
  0x00, 0x00, 0x02, 0x00, 0x00, 0x00, 0x02, 0x00, 0x00, 0x00, 0x06, 0x00, 0x00, 0x00, 0x04, 0x00,
  0x00, 0x00, 0x04, 0x00, 0x00, 0x00, 0x0C, 0x00, 0x00, 0x00, 0x08, 0x00, 0x00, 0x00, 0x08, 0x00,
  0x0E, 0x00, 0x0B, 0xC0, 0x03, 0x80, 0x1F, 0xE0, 0x00, 0xC0, 0x7F, 0xF0, 0x00, 0x30, 0xFF, 0xF0,
  0x00, 0x0D, 0xFF, 0xF8, 0x00, 0x03, 0xFF, 0xF8, 0x00, 0x03, 0xFF, 0xF0, 0x20, 0x03, 0xFF, 0xE0,
  0x30, 0x1F, 0xFF, 0xC0, 0x18, 0x7F, 0xFF, 0x80, 0x0F, 0xF8, 0xFC, 0xC0, 0x07, 0xC0, 0x80, 0x30,
  0x07, 0x00, 0x80, 0x0C, 0x02, 0x00, 0x80, 0x03, 0x03, 0x01, 0x00, 0x00, 0x02, 0x01, 0x00, 0x00,
  0x03, 0x01, 0x00, 0x00, 0x02, 0x03, 0x00, 0x00, 0x00, 0x02, 0x00, 0x00, 0x00, 0x02, 0x00, 0x00,
  0x00, 0x06, 0x00, 0x00, 0x00, 0x04, 0x00, 0x00, 0x00, 0x00, 0x00, 0x00, 0x00, 0x00, 0x00, 0x00,
  0x00, 0x00, 0x02, 0x00, 0x00, 0x00, 0x06, 0x00, 0x00, 0x00, 0x04, 0x00, 0x00, 0x00, 0x04, 0x00,
  0x00, 0x00, 0x0C, 0x00, 0x00, 0x00, 0x08, 0x00, 0x00, 0x00, 0x08, 0x00, 0x00, 0x00, 0x08, 0x00,
  0x0C, 0x00, 0x1B, 0xC0, 0x07, 0x00, 0x1F, 0xE0, 0x00, 0xC0, 0x7F, 0xF0, 0x00, 0x30, 0xFF, 0xF0,
  0x00, 0x0D, 0xFF, 0xF8, 0x00, 0x03, 0xFF, 0xF0, 0x00, 0x03, 0xFF, 0xF0, 0x20, 0x03, 0xFF, 0xE0,
  0x30, 0x0F, 0xFF, 0xC0, 0x18, 0x7F, 0xFF, 0x80, 0x0D, 0xF8, 0xFC, 0xE0, 0x07, 0xE0, 0x80, 0x38,
  0x07, 0x00, 0x80, 0x0E, 0x03, 0x00, 0x80, 0x03, 0x03, 0x01, 0x80, 0x00, 0x03, 0x01, 0x00, 0x00,
  0x03, 0x01, 0x00, 0x00, 0x03, 0x03, 0x00, 0x00, 0x02, 0x02, 0x00, 0x00, 0x00, 0x02, 0x00, 0x00,
  0x00, 0x02, 0x00, 0x00, 0x00, 0x02, 0x00, 0x00, 0x00, 0x00, 0x00, 0x00, 0x00, 0x00, 0x00, 0x00,
  0x00, 0x00, 0x04, 0x00, 0x00, 0x00, 0x04, 0x00, 0x00, 0x00, 0x04, 0x00, 0x00, 0x00, 0x04, 0x00,
  0x00, 0x00, 0x08, 0x00, 0x00, 0x00, 0x08, 0x00, 0x00, 0x00, 0x08, 0x00, 0x00, 0x00, 0x18, 0x00,
  0x0C, 0x00, 0x1F, 0xE0, 0x07, 0x00, 0x1F, 0xF0, 0x01, 0xC0, 0x7F, 0xF0, 0x00, 0x70, 0xFF, 0xF0,
  0x00, 0x1D, 0xFF, 0xF8, 0x00, 0x03, 0xFF, 0xF0, 0x00, 0x03, 0xFF, 0xE0, 0x00, 0x03, 0xFF, 0xC0,
  0x30, 0x0F, 0xFF, 0x80, 0x18, 0x3F, 0xFF, 0x80, 0x0C, 0xF8, 0xF8, 0xE0, 0x07, 0xE0, 0x80, 0x38,
  0x07, 0x80, 0x80, 0x06, 0x03, 0x00, 0x80, 0x01, 0x03, 0x01, 0x80, 0x00, 0x03, 0x01, 0x00, 0x00,
  0x03, 0x01, 0x00, 0x00, 0x03, 0x01, 0x00, 0x00, 0x02, 0x03, 0x00, 0x00, 0x00, 0x02, 0x00, 0x00,
  0x00, 0x02, 0x00, 0x00, 0x00, 0x02, 0x00, 0x00, 0x00, 0x00, 0x00, 0x00, 0x00, 0x00, 0x00, 0x00,
  0x00, 0x00, 0x04, 0x00, 0x00, 0x00, 0x04, 0x00, 0x00, 0x00, 0x04, 0x00, 0x00, 0x00, 0x0C, 0x00,
  0x00, 0x00, 0x08, 0x00, 0x00, 0x00, 0x08, 0x00, 0x00, 0x00, 0x08, 0x00, 0x00, 0x00, 0x10, 0x00,
  0x08, 0x00, 0x1F, 0xE0, 0x0E, 0x00, 0x3F, 0xF0, 0x01, 0xC0, 0x7F, 0xF0, 0x00, 0x70, 0xFF, 0xF0,
  0x00, 0x1D, 0xFF, 0xF0, 0x00, 0x07, 0xFF, 0xF0, 0x00, 0x03, 0xFF, 0xE0, 0x00, 0x03, 0xFF, 0xC0,
  0x30, 0x0F, 0xFF, 0x80, 0x38, 0x3F, 0xFF, 0x80, 0x0C, 0xF8, 0xF8, 0x70, 0x07, 0xE0, 0xC0, 0x1C,
  0x07, 0x80, 0x80, 0x07, 0x03, 0x00, 0x80, 0x00, 0x03, 0x00, 0x80, 0x00, 0x03, 0x01, 0x80, 0x00,
  0x03, 0x01, 0x00, 0x00, 0x03, 0x01, 0x00, 0x00, 0x03, 0x01, 0x00, 0x00, 0x00, 0x03, 0x00, 0x00,
  0x00, 0x02, 0x00, 0x00, 0x00, 0x02, 0x00, 0x00, 0x00, 0x00, 0x00, 0x00, 0x00, 0x00, 0x00, 0x00,
  0x00, 0x00, 0x04, 0x00, 0x00, 0x00, 0x0C, 0x00, 0x00, 0x00, 0x08, 0x00, 0x00, 0x00, 0x08, 0x00,
  0x00, 0x00, 0x08, 0x00, 0x00, 0x00, 0x08, 0x00, 0x00, 0x00, 0x18, 0x00, 0x00, 0x00, 0x10, 0x00,
  0x00, 0x00, 0x1F, 0xE0, 0x0E, 0x00, 0x3F, 0xF0, 0x03, 0x80, 0x7F, 0xF0, 0x00, 0x70, 0xFF, 0xF0,
  0x00, 0x1D, 0xFF, 0xF0, 0x00, 0x07, 0xFF, 0xF0, 0x00, 0x03, 0xFF, 0xE0, 0x00, 0x03, 0xFF, 0xC0,
  0x20, 0x0F, 0xFF, 0x80, 0x38, 0x3F, 0xFF, 0xC0, 0x1C, 0xF8, 0xF0, 0x70, 0x0F, 0xE0, 0xC0, 0x1C,
  0x07, 0x80, 0x80, 0x03, 0x03, 0x00, 0x80, 0x00, 0x03, 0x00, 0x80, 0x00, 0x03, 0x01, 0x80, 0x00,
  0x03, 0x01, 0x00, 0x00, 0x03, 0x01, 0x00, 0x00, 0x03, 0x01, 0x00, 0x00, 0x00, 0x01, 0x00, 0x00,
  0x00, 0x03, 0x00, 0x00, 0x00, 0x02, 0x00, 0x00, 0x00, 0x00, 0x00, 0x00, 0x00, 0x00, 0x00, 0x00,
  0x00, 0x00, 0x0C, 0x00, 0x00, 0x00, 0x08, 0x00, 0x00, 0x00, 0x08, 0x00, 0x00, 0x00, 0x08, 0x00,
  0x00, 0x00, 0x08, 0x00, 0x00, 0x00, 0x18, 0x00, 0x00, 0x00, 0x10, 0x00, 0x00, 0x00, 0x10, 0x00,
  0x00, 0x00, 0x1F, 0xE0, 0x0C, 0x00, 0x3F, 0xF0, 0x03, 0x80, 0x7F, 0xF0, 0x00, 0xE0, 0xFF, 0xF0,
  0x00, 0x1D, 0xFF, 0xF0, 0x00, 0x07, 0xFF, 0xF0, 0x00, 0x03, 0xFF, 0xE0, 0x00, 0x03, 0xFF, 0xC0,
  0x20, 0x0F, 0xFF, 0x80, 0x30, 0x3F, 0xFF, 0xC0, 0x1C, 0xF8, 0xF0, 0x38, 0x0F, 0xF0, 0xC0, 0x0E,
  0x07, 0xC0, 0x80, 0x03, 0x03, 0x00, 0x80, 0x00, 0x03, 0x00, 0x80, 0x00, 0x01, 0x00, 0x80, 0x00,
  0x01, 0x01, 0x80, 0x00, 0x01, 0x01, 0x00, 0x00, 0x01, 0x01, 0x00, 0x00, 0x00, 0x01, 0x00, 0x00,
  0x00, 0x03, 0x00, 0x00, 0x00, 0x03, 0x00, 0x00, 0x00, 0x00, 0x00, 0x00, 0x00, 0x00, 0x00, 0x00,
  0x00, 0x00, 0x08, 0x00, 0x00, 0x00, 0x08, 0x00, 0x00, 0x00, 0x08, 0x00, 0x00, 0x00, 0x08, 0x00,
  0x00, 0x00, 0x18, 0x00, 0x00, 0x00, 0x10, 0x00, 0x00, 0x00, 0x10, 0x00, 0x00, 0x00, 0x10, 0xC0,
  0x00, 0x00, 0x1F, 0xE0, 0x0C, 0x00, 0x3F, 0xF0, 0x07, 0x00, 0x7F, 0xF0, 0x00, 0xE0, 0xFF, 0xF0,
  0x00, 0x3D, 0xFF, 0xF0, 0x00, 0x07, 0xFF, 0xF0, 0x00, 0x03, 0xFF, 0xE0, 0x00, 0x03, 0xFF, 0xC0,
  0x00, 0x0F, 0xFF, 0x80, 0x30, 0x1F, 0xFF, 0xE0, 0x1C, 0x7C, 0x40, 0x38, 0x0F, 0xF0, 0x40, 0x07,
  0x07, 0xC0, 0xC0, 0x01, 0x03, 0x00, 0x80, 0x00, 0x03, 0x00, 0x80, 0x00, 0x01, 0x00, 0x80, 0x00,
  0x01, 0x00, 0x80, 0x00, 0x01, 0x01, 0x80, 0x00, 0x01, 0x01, 0x00, 0x00, 0x00, 0x01, 0x00, 0x00,
  0x00, 0x01, 0x00, 0x00, 0x00, 0x01, 0x00, 0x00, 0x00, 0x00, 0x00, 0x00, 0x00, 0x00, 0x00, 0x00,
  0x00, 0x00, 0x08, 0x00, 0x00, 0x00, 0x08, 0x00, 0x00, 0x00, 0x08, 0x00, 0x00, 0x00, 0x18, 0x00,
  0x00, 0x00, 0x10, 0x00, 0x00, 0x00, 0x10, 0x00, 0x00, 0x00, 0x10, 0x00, 0x00, 0x00, 0x11, 0xC0,
  0x00, 0x00, 0x1F, 0xE0, 0x08, 0x00, 0x3F, 0xF0, 0x0F, 0x00, 0x7F, 0xF0, 0x01, 0xE0, 0xFF, 0xF0,
  0x00, 0x39, 0xFF, 0xF0, 0x00, 0x07, 0xFF, 0xE0, 0x00, 0x03, 0xFF, 0xC0, 0x00, 0x03, 0xFF, 0xC0,
  0x00, 0x0F, 0xFF, 0x80, 0x30, 0x1F, 0xFE, 0xE0, 0x38, 0x7C, 0x40, 0x1C, 0x0F, 0xF0, 0x40, 0x07,
  0x07, 0xC0, 0xC0, 0x00, 0x03, 0x80, 0x80, 0x00, 0x03, 0x00, 0x80, 0x00, 0x01, 0x00, 0x80, 0x00,
  0x01, 0x00, 0x80, 0x00, 0x01, 0x81, 0x80, 0x00, 0x01, 0x81, 0x80, 0x00, 0x01, 0x01, 0x00, 0x00,
  0x00, 0x01, 0x00, 0x00, 0x00, 0x01, 0x00, 0x00, 0x00, 0x00, 0x00, 0x00, 0x00, 0x00, 0x00, 0x00,
  0x00, 0x00, 0x08, 0x00, 0x00, 0x00, 0x18, 0x00, 0x00, 0x00, 0x10, 0x00, 0x00, 0x00, 0x10, 0x00,
  0x00, 0x00, 0x10, 0x00, 0x00, 0x00, 0x10, 0x00, 0x00, 0x00, 0x10, 0x00, 0x00, 0x00, 0x33, 0xC0,
  0x00, 0x00, 0x3F, 0xE0, 0x08, 0x00, 0x3F, 0xF0, 0x0E, 0x00, 0x7F, 0xF0, 0x01, 0xC0, 0xFF, 0xF0,
  0x00, 0x39, 0xFF, 0xF0, 0x00, 0x0F, 0xFF, 0xE0, 0x00, 0x03, 0xFF, 0xC0, 0x00, 0x03, 0xFF, 0x80,
  0x00, 0x07, 0xFF, 0x80, 0x30, 0x1F, 0xFC, 0xF0, 0x38, 0x7C, 0x40, 0x1E, 0x0E, 0xF0, 0x40, 0x03,
  0x07, 0xC0, 0xC0, 0x00, 0x03, 0x80, 0xC0, 0x00, 0x03, 0x00, 0x80, 0x00, 0x01, 0x00, 0x80, 0x00,
  0x01, 0x80, 0x80, 0x00, 0x01, 0x80, 0x80, 0x00, 0x01, 0x81, 0x80, 0x00, 0x01, 0x01, 0x80, 0x00,
  0x00, 0x01, 0x00, 0x00, 0x00, 0x01, 0x00, 0x00, 0x00, 0x00, 0x00, 0x00, 0x00, 0x00, 0x00, 0x00,
  0x00, 0x00, 0x18, 0x00, 0x00, 0x00, 0x10, 0x00, 0x00, 0x00, 0x10, 0x00, 0x00, 0x00, 0x10, 0x00,
  0x00, 0x00, 0x10, 0x00, 0x00, 0x00, 0x10, 0x00, 0x00, 0x00, 0x30, 0x00, 0x00, 0x00, 0x37, 0xC0,
  0x00, 0x00, 0x3F, 0xE0, 0x00, 0x00, 0x7F, 0xF0, 0x1E, 0x00, 0xFF, 0xF0, 0x03, 0xC0, 0xFF, 0xF0,
  0x00, 0x79, 0xFF, 0xF0, 0x00, 0x0F, 0xFF, 0xE0, 0x00, 0x03, 0xFF, 0xC0, 0x00, 0x03, 0xFF, 0x80,
  0x00, 0x07, 0xFF, 0x80, 0x20, 0x1F, 0xFC, 0x78, 0x38, 0x7C, 0x40, 0x0F, 0x1C, 0xF0, 0x40, 0x01,
  0x07, 0xE0, 0x40, 0x00, 0x03, 0x80, 0xC0, 0x00, 0x03, 0x00, 0x80, 0x00, 0x01, 0x80, 0x80, 0x00,
  0x01, 0x80, 0x80, 0x00, 0x01, 0x80, 0x80, 0x00, 0x01, 0x80, 0x80, 0x00, 0x01, 0x80, 0x80, 0x00,
  0x00, 0x01, 0x80, 0x00, 0x00, 0x01, 0x00, 0x00, 0x00, 0x00, 0x00, 0x00, 0x00, 0x00, 0x00, 0x00,
  0x00, 0x00, 0x10, 0x00, 0x00, 0x00, 0x10, 0x00, 0x00, 0x00, 0x10, 0x00, 0x00, 0x00, 0x10, 0x00,
  0x00, 0x00, 0x10, 0x00, 0x00, 0x00, 0x30, 0x00, 0x00, 0x00, 0x20, 0x00, 0x00, 0x00, 0x27, 0xC0,
  0x00, 0x00, 0x3F, 0xE0, 0x00, 0x00, 0x7F, 0xF0, 0x1C, 0x00, 0xFF, 0xF0, 0x07, 0xC0, 0xFF, 0xF0,
  0x00, 0x79, 0xFF, 0xE0, 0x00, 0x0F, 0xFF, 0xE0, 0x00, 0x03, 0xFF, 0xC0, 0x00, 0x03, 0xFF, 0x80,
  0x00, 0x07, 0xFF, 0xC0, 0x20, 0x1F, 0xFC, 0x78, 0x38, 0x3C, 0x40, 0x0F, 0x1C, 0xF0, 0x40, 0x00,
  0x07, 0xE0, 0x40, 0x00, 0x03, 0x80, 0xC0, 0x00, 0x03, 0x80, 0xC0, 0x00, 0x01, 0x80, 0x80, 0x00,
  0x01, 0x80, 0x80, 0x00, 0x01, 0x80, 0x80, 0x00, 0x01, 0x80, 0x80, 0x00, 0x00, 0x80, 0x80, 0x00,
  0x00, 0x00, 0x80, 0x00, 0x00, 0x00, 0x80, 0x00, 0x00, 0x00, 0x00, 0x00, 0x00, 0x00, 0x00, 0x00,
  0x00, 0x00, 0x10, 0x00, 0x00, 0x00, 0x10, 0x00, 0x00, 0x00, 0x10, 0x00, 0x00, 0x00, 0x30, 0x00,
  0x00, 0x00, 0x30, 0x00, 0x00, 0x00, 0x20, 0x00, 0x00, 0x00, 0x20, 0x00, 0x00, 0x00, 0x27, 0xC0,
  0x00, 0x00, 0x3F, 0xE0, 0x00, 0x00, 0x7F, 0xE0, 0x1C, 0x00, 0xFF, 0xF0, 0x07, 0x81, 0xFF, 0xF0,
  0x00, 0xF9, 0xFF, 0xE0, 0x00, 0x0F, 0xFF, 0xE0, 0x00, 0x03, 0xFF, 0xC0, 0x00, 0x03, 0xFF, 0x80,
  0x00, 0x07, 0xFF, 0xE0, 0x00, 0x1F, 0xFC, 0x3C, 0x30, 0x3C, 0x40, 0x07, 0x1C, 0xF8, 0x40, 0x00,
  0x0F, 0xE0, 0x40, 0x00, 0x03, 0xC0, 0x40, 0x00, 0x03, 0x80, 0xC0, 0x00, 0x01, 0x80, 0xC0, 0x00,
  0x01, 0x80, 0x80, 0x00, 0x00, 0x80, 0x80, 0x00, 0x00, 0x80, 0x80, 0x00, 0x00, 0x80, 0x80, 0x00,
  0x00, 0x00, 0x80, 0x00, 0x00, 0x00, 0x80, 0x00, 0x00, 0x00, 0x00, 0x00, 0x00, 0x00, 0x00, 0x00,
  0x00, 0x00, 0x30, 0x00, 0x00, 0x00, 0x30, 0x00, 0x00, 0x00, 0x30, 0x00, 0x00, 0x00, 0x20, 0x00,
  0x00, 0x00, 0x20, 0x00, 0x00, 0x00, 0x20, 0x00, 0x00, 0x00, 0x20, 0x00, 0x00, 0x00, 0x2F, 0xC0,
  0x00, 0x00, 0x3F, 0xE0, 0x00, 0x00, 0x7F, 0xE0, 0x18, 0x00, 0xFF, 0xF0, 0x0F, 0x81, 0xFF, 0xF0,
  0x00, 0xF1, 0xFF, 0xE0, 0x00, 0x1F, 0xFF, 0xC0, 0x00, 0x03, 0xFF, 0xC0, 0x00, 0x03, 0xFF, 0x80,
  0x00, 0x07, 0xFF, 0xE0, 0x00, 0x0F, 0xFC, 0x3E, 0x30, 0x3C, 0x40, 0x03, 0x3C, 0x78, 0x40, 0x00,
  0x0F, 0xE0, 0x40, 0x00, 0x07, 0xC0, 0x40, 0x00, 0x03, 0x80, 0x40, 0x00, 0x01, 0x80, 0xC0, 0x00,
  0x01, 0x80, 0xC0, 0x00, 0x00, 0x80, 0xC0, 0x00, 0x00, 0xC0, 0x80, 0x00, 0x00, 0xC0, 0x80, 0x00,
  0x00, 0x00, 0x80, 0x00, 0x00, 0x00, 0x80, 0x00, 0x00, 0x00, 0x00, 0x00, 0x00, 0x00, 0x00, 0x00,
  0x00, 0x00, 0x20, 0x00, 0x00, 0x00, 0x20, 0x00, 0x00, 0x00, 0x20, 0x00, 0x00, 0x00, 0x20, 0x00,
  0x00, 0x00, 0x20, 0x00, 0x00, 0x00, 0x20, 0x00, 0x00, 0x00, 0x21, 0x80, 0x00, 0x00, 0x2F, 0xC0,
  0x00, 0x00, 0x3F, 0xE0, 0x00, 0x00, 0x7F, 0xE0, 0x10, 0x00, 0xFF, 0xF0, 0x1F, 0x01, 0xFF, 0xF0,
  0x01, 0xF1, 0xFF, 0xE0, 0x00, 0x1F, 0xFF, 0xC0, 0x00, 0x03, 0xFF, 0x80, 0x00, 0x03, 0xFF, 0x80,
  0x00, 0x07, 0xFF, 0xF0, 0x00, 0x0F, 0xF8, 0x1F, 0x30, 0x3C, 0x40, 0x01, 0x3C, 0x78, 0x40, 0x00,
  0x0F, 0xF0, 0x40, 0x00, 0x07, 0xC0, 0x40, 0x00, 0x03, 0x80, 0x40, 0x00, 0x01, 0x80, 0x40, 0x00,
  0x00, 0x80, 0x40, 0x00, 0x00, 0x80, 0xC0, 0x00, 0x00, 0xC0, 0xC0, 0x00, 0x00, 0xC0, 0xC0, 0x00,
  0x00, 0x00, 0xC0, 0x00, 0x00, 0x00, 0x80, 0x00, 0x00, 0x00, 0x00, 0x00, 0x00, 0x00, 0x00, 0x00,
  0x00, 0x00, 0x20, 0x00, 0x00, 0x00, 0x20, 0x00, 0x00, 0x00, 0x20, 0x00, 0x00, 0x00, 0x20, 0x00,
  0x00, 0x00, 0x20, 0x00, 0x00, 0x00, 0x20, 0x00, 0x00, 0x00, 0x21, 0x80, 0x00, 0x00, 0x2F, 0xC0,
  0x00, 0x00, 0x3F, 0xE0, 0x00, 0x00, 0x7F, 0xE0, 0x00, 0x00, 0xFF, 0xF0, 0x1E, 0x01, 0xFF, 0xE0,
  0x03, 0xF1, 0xFF, 0xE0, 0x00, 0x1F, 0xFF, 0xC0, 0x00, 0x03, 0xFF, 0x80, 0x00, 0x03, 0xFF, 0x80,
  0x00, 0x07, 0xFE, 0xF8, 0x00, 0x0F, 0xF8, 0x0F, 0x20, 0x3C, 0x40, 0x00, 0x38, 0x78, 0x40, 0x00,
  0x0E, 0xF0, 0x40, 0x00, 0x07, 0xC0, 0x40, 0x00, 0x03, 0x80, 0x40, 0x00, 0x01, 0x80, 0x40, 0x00,
  0x00, 0x80, 0x40, 0x00, 0x00, 0xC0, 0x40, 0x00, 0x00, 0xC0, 0x40, 0x00, 0x00, 0xC0, 0x40, 0x00,
  0x00, 0x00, 0xC0, 0x00, 0x00, 0x00, 0x40, 0x00, 0x00, 0x00, 0x00, 0x00, 0x00, 0x00, 0x00, 0x00,
  0x00, 0x00, 0x20, 0x00, 0x00, 0x00, 0x20, 0x00, 0x00, 0x00, 0x20, 0x00, 0x00, 0x00, 0x20, 0x00,
  0x00, 0x00, 0x20, 0x00, 0x00, 0x00, 0x60, 0x00, 0x00, 0x00, 0x63, 0x80, 0x00, 0x00, 0x7F, 0xC0,
  0x00, 0x00, 0x7F, 0xE0, 0x00, 0x00, 0x7F, 0xE0, 0x00, 0x00, 0xFF, 0xF0, 0x1C, 0x01, 0xFF, 0xE0,
  0x07, 0xE1, 0xFF, 0xC0, 0x00, 0x3F, 0xFF, 0xC0, 0x00, 0x03, 0xFF, 0x80, 0x00, 0x03, 0xFF, 0x80,
  0x00, 0x07, 0xFE, 0xFC, 0x00, 0x0F, 0xF8, 0x07, 0x00, 0x1C, 0x40, 0x00, 0x38, 0x78, 0x40, 0x00,
  0x1E, 0xF0, 0x40, 0x00, 0x07, 0xE0, 0x40, 0x00, 0x03, 0x80, 0x40, 0x00, 0x01, 0x80, 0x40, 0x00,
  0x00, 0x80, 0x40, 0x00, 0x00, 0xC0, 0x40, 0x00, 0x00, 0xC0, 0x40, 0x00, 0x00, 0xC0, 0x40, 0x00,
  0x00, 0x40, 0x40, 0x00, 0x00, 0x00, 0x40, 0x00, 0x00, 0x00, 0x00, 0x00, 0x00, 0x00, 0x00, 0x00,
  0x00, 0x00, 0x60, 0x00, 0x00, 0x00, 0x60, 0x00, 0x00, 0x00, 0x60, 0x00, 0x00, 0x00, 0x60, 0x00,
  0x00, 0x00, 0x60, 0x00, 0x00, 0x00, 0x60, 0x00, 0x00, 0x00, 0x43, 0x80, 0x00, 0x00, 0x7F, 0xC0,
  0x00, 0x00, 0x7F, 0xE0, 0x00, 0x00, 0x7F, 0xE0, 0x00, 0x00, 0xFF, 0xE0, 0x1C, 0x01, 0xFF, 0xE0,
  0x0F, 0xE1, 0xFF, 0xC0, 0x00, 0x7F, 0xFF, 0xC0, 0x00, 0x03, 0xFF, 0x80, 0x00, 0x03, 0xFF, 0xC0,
  0x00, 0x07, 0xFE, 0x7E, 0x00, 0x0F, 0xF8, 0x03, 0x00, 0x1E, 0x40, 0x00, 0x38, 0x38, 0x40, 0x00,
  0x1E, 0xF0, 0x40, 0x00, 0x07, 0xE0, 0x40, 0x00, 0x03, 0xC0, 0x40, 0x00, 0x01, 0x80, 0x40, 0x00,
  0x00, 0xC0, 0x40, 0x00, 0x00, 0xC0, 0x40, 0x00, 0x00, 0xC0, 0x40, 0x00, 0x00, 0x40, 0x40, 0x00,
  0x00, 0x40, 0x40, 0x00, 0x00, 0x00, 0x40, 0x00, 0x00, 0x00, 0x00, 0x00, 0x00, 0x00, 0x00, 0x00,
  0x00, 0x00, 0x40, 0x00, 0x00, 0x00, 0x40, 0x00, 0x00, 0x00, 0x40, 0x00, 0x00, 0x00, 0x40, 0x00,
  0x00, 0x00, 0x40, 0x00, 0x00, 0x00, 0x40, 0x00, 0x00, 0x00, 0x47, 0x80, 0x00, 0x00, 0x7F, 0xC0,
  0x00, 0x00, 0x7F, 0xE0, 0x00, 0x00, 0xFF, 0xE0, 0x00, 0x00, 0xFF, 0xE0, 0x10, 0x01, 0xFF, 0xE0,
  0x1F, 0xC1, 0xFF, 0xC0, 0x00, 0x7F, 0xFF, 0xC0, 0x00, 0x03, 0xFF, 0x80, 0x00, 0x03, 0xFF, 0xE0,
  0x00, 0x07, 0xFE, 0x3F, 0x00, 0x0F, 0xF8, 0x00, 0x00, 0x1E, 0x40, 0x00, 0x30, 0x38, 0x40, 0x00,
  0x3C, 0x70, 0x40, 0x00, 0x07, 0xE0, 0x40, 0x00, 0x03, 0xC0, 0x40, 0x00, 0x01, 0x80, 0x40, 0x00,
  0x00, 0xC0, 0x40, 0x00, 0x00, 0xC0, 0x40, 0x00, 0x00, 0x40, 0x40, 0x00, 0x00, 0x60, 0x40, 0x00,
  0x00, 0x40, 0x40, 0x00, 0x00, 0x00, 0x40, 0x00, 0x00, 0x00, 0x00, 0x00, 0x00, 0x00, 0x00, 0x00,
  0x00, 0x00, 0x40, 0x00, 0x00, 0x00, 0x40, 0x00, 0x00, 0x00, 0x40, 0x00, 0x00, 0x00, 0x40, 0x00,
  0x00, 0x00, 0x40, 0x00, 0x00, 0x00, 0x40, 0x00, 0x00, 0x00, 0x47, 0x80, 0x00, 0x00, 0x7F, 0xC0,
  0x00, 0x00, 0x7F, 0xE0, 0x00, 0x00, 0xFF, 0xE0, 0x00, 0x00, 0xFF, 0xE0, 0x00, 0x01, 0xFF, 0xE0,
  0x1F, 0x81, 0xFF, 0xC0, 0x00, 0xFF, 0xFF, 0x80, 0x00, 0x03, 0xFF, 0x80, 0x00, 0x03, 0xFF, 0xF0,
  0x00, 0x07, 0xFC, 0x1F, 0x00, 0x0F, 0xF0, 0x00, 0x00, 0x1E, 0x40, 0x00, 0x10, 0x3C, 0x40, 0x00,
  0x3C, 0x70, 0x40, 0x00, 0x0F, 0xE0, 0x40, 0x00, 0x03, 0xC0, 0x40, 0x00, 0x01, 0x80, 0x40, 0x00,
  0x00, 0xC0, 0x60, 0x00, 0x00, 0xC0, 0x60, 0x00, 0x00, 0x40, 0x60, 0x00, 0x00, 0x60, 0x60, 0x00,
  0x00, 0x60, 0x60, 0x00, 0x00, 0x00, 0x00, 0x00, 0x00, 0x00, 0x00, 0x00, 0x00, 0x00, 0x00, 0x00,
  0x00, 0x00, 0x40, 0x00, 0x00, 0x00, 0x40, 0x00, 0x00, 0x00, 0x40, 0x00, 0x00, 0x00, 0x40, 0x00,
  0x00, 0x00, 0x40, 0x00, 0x00, 0x00, 0x40, 0x00, 0x00, 0x00, 0x4F, 0x80, 0x00, 0x00, 0x7F, 0xC0,
  0x00, 0x00, 0x7F, 0xE0, 0x00, 0x00, 0xFF, 0xE0, 0x00, 0x01, 0xFF, 0xE0, 0x00, 0x01, 0xFF, 0xC0,
  0x3F, 0x83, 0xFF, 0xC0, 0x01, 0xFF, 0xFF, 0x80, 0x00, 0x03, 0xFF, 0x80, 0x00, 0x03, 0xFF, 0xFC,
  0x00, 0x07, 0xFC, 0x0F, 0x00, 0x0F, 0xF0, 0x00, 0x00, 0x1E, 0x40, 0x00, 0x00, 0x3C, 0x40, 0x00,
  0x3C, 0x78, 0x60, 0x00, 0x0F, 0xE0, 0x60, 0x00, 0x03, 0xC0, 0x60, 0x00, 0x01, 0xC0, 0x60, 0x00,
  0x00, 0xC0, 0x60, 0x00, 0x00, 0x40, 0x60, 0x00, 0x00, 0x60, 0x20, 0x00, 0x00, 0x60, 0x20, 0x00,
  0x00, 0x60, 0x20, 0x00, 0x00, 0x00, 0x20, 0x00, 0x00, 0x00, 0x00, 0x00, 0x00, 0x00, 0x00, 0x00,
  0x00, 0x00, 0xC0, 0x00, 0x00, 0x00, 0xC0, 0x00, 0x00, 0x00, 0xC0, 0x00, 0x00, 0x00, 0xC0, 0x00,
  0x00, 0x00, 0x40, 0x00, 0x00, 0x00, 0x43, 0x00, 0x00, 0x00, 0x4F, 0x80, 0x00, 0x00, 0x7F, 0xC0,
  0x00, 0x00, 0x7F, 0xE0, 0x00, 0x00, 0xFF, 0xE0, 0x00, 0x01, 0xFF, 0xE0, 0x00, 0x01, 0xFF, 0xC0,
  0x3E, 0x03, 0xFF, 0xC0, 0x07, 0xFF, 0xFF, 0x80, 0x00, 0x07, 0xFF, 0x80, 0x00, 0x03, 0xFF, 0xFF,
  0x00, 0x07, 0xFC, 0x03, 0x00, 0x0F, 0xF0, 0x00, 0x00, 0x1E, 0x40, 0x00, 0x00, 0x3C, 0x60, 0x00,
  0x38, 0x78, 0x60, 0x00, 0x1F, 0xF0, 0x60, 0x00, 0x03, 0xE0, 0x60, 0x00, 0x01, 0xC0, 0x20, 0x00,
  0x00, 0xC0, 0x20, 0x00, 0x00, 0x40, 0x20, 0x00, 0x00, 0x60, 0x20, 0x00, 0x00, 0x60, 0x20, 0x00,
  0x00, 0x20, 0x20, 0x00, 0x00, 0x00, 0x20, 0x00, 0x00, 0x00, 0x00, 0x00, 0x00, 0x00, 0x00, 0x00,
  0x00, 0x00, 0x80, 0x00, 0x00, 0x00, 0x80, 0x00, 0x00, 0x00, 0x80, 0x00, 0x00, 0x00, 0x80, 0x00,
  0x00, 0x00, 0xC0, 0x00, 0x00, 0x00, 0xC3, 0x00, 0x00, 0x00, 0xCF, 0x80, 0x00, 0x00, 0x7F, 0xC0,
  0x00, 0x00, 0x7F, 0xE0, 0x00, 0x00, 0xFF, 0xE0, 0x00, 0x01, 0xFF, 0xE0, 0x00, 0x01, 0xFF, 0xC0,
  0x3C, 0x03, 0xFF, 0xC0, 0x0F, 0xFF, 0xFF, 0x80, 0x00, 0x07, 0xFF, 0x80, 0x00, 0x03, 0xFF, 0xFF,
  0x00, 0x07, 0xFC, 0x00, 0x00, 0x07, 0xF0, 0x00, 0x00, 0x1E, 0x60, 0x00, 0x00, 0x3C, 0x60, 0x00,
  0x38, 0x78, 0x60, 0x00, 0x1E, 0xF0, 0x20, 0x00, 0x03, 0xE0, 0x20, 0x00, 0x01, 0xC0, 0x20, 0x00,
  0x00, 0xC0, 0x20, 0x00, 0x00, 0x60, 0x20, 0x00, 0x00, 0x60, 0x20, 0x00, 0x00, 0x20, 0x20, 0x00,
  0x00, 0x20, 0x20, 0x00, 0x00, 0x00, 0x20, 0x00, 0x00, 0x00, 0x00, 0x00, 0x00, 0x00, 0x00, 0x00,
  0x00, 0x00, 0x80, 0x00, 0x00, 0x00, 0x80, 0x00, 0x00, 0x00, 0x80, 0x00, 0x00, 0x00, 0x80, 0x00,
  0x00, 0x00, 0x80, 0x00, 0x00, 0x00, 0x83, 0x00, 0x00, 0x00, 0x9F, 0x80, 0x00, 0x00, 0xFF, 0xC0,
  0x00, 0x00, 0xFF, 0xE0, 0x00, 0x00, 0xFF, 0xE0, 0x00, 0x01, 0xFF, 0xC0, 0x00, 0x01, 0xFF, 0xC0,
  0x10, 0x03, 0xFF, 0x80, 0x1F, 0xFF, 0xFF, 0x80, 0x00, 0x07, 0xFF, 0xE0, 0x00, 0x03, 0xFE, 0x7F,
  0x00, 0x07, 0xFC, 0x00, 0x00, 0x07, 0xF0, 0x00, 0x00, 0x0E, 0x60, 0x00, 0x00, 0x1C, 0x60, 0x00,
  0x18, 0x38, 0x20, 0x00, 0x1E, 0x70, 0x20, 0x00, 0x07, 0xE0, 0x20, 0x00, 0x01, 0xC0, 0x20, 0x00,
  0x00, 0xC0, 0x20, 0x00, 0x00, 0x60, 0x20, 0x00, 0x00, 0x60, 0x20, 0x00, 0x00, 0x20, 0x20, 0x00,
  0x00, 0x30, 0x30, 0x00, 0x00, 0x00, 0x00, 0x00, 0x00, 0x00, 0x00, 0x00, 0x00, 0x00, 0x00, 0x00,
  0x00, 0x01, 0x80, 0x00, 0x00, 0x00, 0x80, 0x00, 0x00, 0x00, 0x80, 0x00, 0x00, 0x00, 0x80, 0x00,
  0x00, 0x00, 0x80, 0x00, 0x00, 0x00, 0x87, 0x00, 0x00, 0x00, 0x9F, 0x80, 0x00, 0x00, 0xFF, 0xC0,
  0x00, 0x00, 0xFF, 0xE0, 0x00, 0x00, 0xFF, 0xE0, 0x00, 0x01, 0xFF, 0xC0, 0x00, 0x01, 0xFF, 0xC0,
  0x00, 0x03, 0xFF, 0x80, 0x3F, 0xFF, 0xFF, 0x80, 0x00, 0x0F, 0xFF, 0xFC, 0x00, 0x03, 0xFE, 0x1F,
  0x00, 0x03, 0xFC, 0x00, 0x00, 0x07, 0xF0, 0x00, 0x00, 0x0E, 0x60, 0x00, 0x00, 0x1C, 0x20, 0x00,
  0x10, 0x38, 0x20, 0x00, 0x1E, 0x70, 0x20, 0x00, 0x07, 0xE0, 0x20, 0x00, 0x01, 0xC0, 0x20, 0x00,
  0x00, 0xC0, 0x20, 0x00, 0x00, 0x60, 0x20, 0x00, 0x00, 0x60, 0x20, 0x00, 0x00, 0x30, 0x30, 0x00,
  0x00, 0x30, 0x30, 0x00, 0x00, 0x00, 0x00, 0x00, 0x00, 0x00, 0x00, 0x00, 0x00, 0x00, 0x00, 0x00,
  0x00, 0x01, 0x00, 0x00, 0x00, 0x01, 0x80, 0x00, 0x00, 0x01, 0x80, 0x00, 0x00, 0x00, 0x80, 0x00,
  0x00, 0x00, 0x80, 0x00, 0x00, 0x00, 0x87, 0x00, 0x00, 0x00, 0x9F, 0x80, 0x00, 0x00, 0xFF, 0xC0,
  0x00, 0x00, 0xFF, 0xC0, 0x00, 0x00, 0xFF, 0xC0, 0x00, 0x01, 0xFF, 0xC0, 0x00, 0x01, 0xFF, 0xC0,
  0x00, 0x03, 0xFF, 0x80, 0x3F, 0xFF, 0xFF, 0x80, 0x00, 0x1F, 0xFF, 0xFF, 0x00, 0x03, 0xFE, 0x03,
  0x00, 0x03, 0xFC, 0x00, 0x00, 0x07, 0xE0, 0x00, 0x00, 0x0E, 0x60, 0x00, 0x00, 0x1C, 0x20, 0x00,
  0x00, 0x38, 0x20, 0x00, 0x1E, 0x70, 0x20, 0x00, 0x0F, 0xE0, 0x20, 0x00, 0x01, 0xC0, 0x20, 0x00,
  0x00, 0xC0, 0x20, 0x00, 0x00, 0x60, 0x30, 0x00, 0x00, 0x20, 0x30, 0x00, 0x00, 0x30, 0x10, 0x00,
  0x00, 0x30, 0x10, 0x00, 0x00, 0x00, 0x00, 0x00, 0x00, 0x00, 0x00, 0x00, 0x00, 0x00, 0x00, 0x00,
  0x00, 0x01, 0x00, 0x00, 0x00, 0x01, 0x00, 0x00, 0x00, 0x01, 0x00, 0x00, 0x00, 0x01, 0x80, 0x00,
  0x00, 0x00, 0x80, 0x00, 0x00, 0x00, 0x87, 0x00, 0x00, 0x00, 0x9F, 0x80, 0x00, 0x00, 0xFF, 0xC0,
  0x00, 0x00, 0xFF, 0xC0, 0x00, 0x00, 0xFF, 0xC0, 0x00, 0x01, 0xFF, 0xC0, 0x00, 0x03, 0xFF, 0x80,
  0x00, 0x03, 0xFF, 0x80, 0x3F, 0xFF, 0xFF, 0x80, 0x00, 0xFF, 0xFF, 0xFF, 0x00, 0x03, 0xFE, 0x00,
  0x00, 0x03, 0xF8, 0x00, 0x00, 0x07, 0xE0, 0x00, 0x00, 0x0E, 0x60, 0x00, 0x00, 0x1C, 0x20, 0x00,
  0x00, 0x38, 0x20, 0x00, 0x1C, 0x70, 0x20, 0x00, 0x0F, 0xF0, 0x20, 0x00, 0x01, 0xE0, 0x20, 0x00,
  0x00, 0xE0, 0x30, 0x00, 0x00, 0x60, 0x30, 0x00, 0x00, 0x30, 0x10, 0x00, 0x00, 0x30, 0x10, 0x00,
  0x00, 0x10, 0x10, 0x00, 0x00, 0x10, 0x00, 0x00, 0x00, 0x00, 0x00, 0x00, 0x00, 0x00, 0x00, 0x00,
  0x00, 0x01, 0x00, 0x00, 0x00, 0x01, 0x00, 0x00, 0x00, 0x01, 0x00, 0x00, 0x00, 0x01, 0x00, 0x00,
  0x00, 0x01, 0x80, 0x00, 0x00, 0x01, 0x8F, 0x00, 0x00, 0x00, 0xBF, 0x80, 0x00, 0x00, 0xFF, 0xC0,
  0x00, 0x00, 0xFF, 0xC0, 0x00, 0x01, 0xFF, 0xC0, 0x00, 0x01, 0xFF, 0xC0, 0x00, 0x03, 0xFF, 0x80,
  0x00, 0x03, 0xFF, 0x80, 0x3F, 0xE7, 0xFF, 0x80, 0x1F, 0xFF, 0xFF, 0xFF, 0x00, 0x03, 0xFE, 0x00,
  0x00, 0x03, 0xF8, 0x00, 0x00, 0x07, 0xE0, 0x00, 0x00, 0x0E, 0x20, 0x00, 0x00, 0x1C, 0x20, 0x00,
  0x00, 0x38, 0x20, 0x00, 0x1C, 0x78, 0x20, 0x00, 0x1F, 0xF0, 0x20, 0x00, 0x01, 0xE0, 0x30, 0x00,
  0x00, 0xE0, 0x10, 0x00, 0x00, 0x60, 0x10, 0x00, 0x00, 0x30, 0x10, 0x00, 0x00, 0x30, 0x10, 0x00,
  0x00, 0x18, 0x10, 0x00, 0x00, 0x10, 0x00, 0x00, 0x00, 0x00, 0x00, 0x00, 0x00, 0x00, 0x00, 0x00,
  0x00, 0x03, 0x00, 0x00, 0x00, 0x01, 0x00, 0x00, 0x00, 0x01, 0x00, 0x00, 0x00, 0x01, 0x00, 0x00,
  0x00, 0x01, 0x00, 0x00, 0x00, 0x01, 0x8F, 0x00, 0x00, 0x01, 0xBF, 0x80, 0x00, 0x00, 0xFF, 0xC0,
  0x00, 0x00, 0xFF, 0xC0, 0x00, 0x01, 0xFF, 0xC0, 0x00, 0x01, 0xFF, 0x80, 0x00, 0x03, 0xFF, 0x80,
  0x00, 0x03, 0xFF, 0x80, 0x00, 0x03, 0xFF, 0x80, 0x3F, 0xFF, 0xFF, 0xFF, 0x00, 0x03, 0xFC, 0x00,
  0x00, 0x03, 0xF8, 0x00, 0x00, 0x07, 0xE0, 0x00, 0x00, 0x0E, 0x20, 0x00, 0x00, 0x1C, 0x20, 0x00,
  0x00, 0x3C, 0x20, 0x00, 0x18, 0x38, 0x20, 0x00, 0x1F, 0xF0, 0x30, 0x00, 0x03, 0xE0, 0x30, 0x00,
  0x00, 0xE0, 0x10, 0x00, 0x00, 0x60, 0x10, 0x00, 0x00, 0x30, 0x10, 0x00, 0x00, 0x30, 0x10, 0x00,
  0x00, 0x18, 0x18, 0x00, 0x00, 0x10, 0x00, 0x00, 0x00, 0x00, 0x00, 0x00, 0x00, 0x00, 0x00, 0x00,
  0x00, 0x02, 0x00, 0x00, 0x00, 0x03, 0x00, 0x00, 0x00, 0x01, 0x00, 0x00, 0x00, 0x01, 0x00, 0x00,
  0x00, 0x01, 0x00, 0x00, 0x00, 0x01, 0x0F, 0x00, 0x00, 0x01, 0x3F, 0x80, 0x00, 0x00, 0xFF, 0xC0,
  0x00, 0x00, 0xFF, 0xC0, 0x00, 0x01, 0xFF, 0xC0, 0x00, 0x01, 0xFF, 0x80, 0x00, 0x03, 0xFF, 0x80,
  0x00, 0x03, 0xFF, 0x80, 0x00, 0x03, 0xFF, 0xFF, 0x3F, 0xFF, 0xFF, 0xFC, 0x00, 0x03, 0xFC, 0x00,
  0x00, 0x03, 0xF8, 0x00, 0x00, 0x07, 0xE0, 0x00, 0x00, 0x0E, 0x20, 0x00, 0x00, 0x1C, 0x20, 0x00,
  0x00, 0x1C, 0x20, 0x00, 0x08, 0x38, 0x20, 0x00, 0x1F, 0x70, 0x30, 0x00, 0x03, 0xE0, 0x10, 0x00,
  0x00, 0xE0, 0x10, 0x00, 0x00, 0x60, 0x10, 0x00, 0x00, 0x30, 0x10, 0x00, 0x00, 0x10, 0x18, 0x00,
  0x00, 0x18, 0x08, 0x00, 0x00, 0x08, 0x00, 0x00, 0x00, 0x00, 0x00, 0x00, 0x00, 0x00, 0x00, 0x00,
  0x00, 0x02, 0x00, 0x00, 0x00, 0x02, 0x00, 0x00, 0x00, 0x03, 0x00, 0x00, 0x00, 0x03, 0x00, 0x00,
  0x00, 0x01, 0x04, 0x00, 0x00, 0x01, 0x1F, 0x00, 0x00, 0x01, 0x3F, 0x80, 0x00, 0x01, 0xFF, 0xC0,
  0x00, 0x00, 0xFF, 0xC0, 0x00, 0x01, 0xFF, 0xC0, 0x00, 0x01, 0xFF, 0x80, 0x00, 0x03, 0xFF, 0x80,
  0x00, 0x03, 0xFF, 0x00, 0x00, 0x03, 0xFF, 0xFF, 0x3F, 0xFF, 0xFE, 0x00, 0x00, 0x03, 0xFC, 0x00,
  0x00, 0x03, 0xF8, 0x00, 0x00, 0x07, 0xE0, 0x00, 0x00, 0x0E, 0x20, 0x00, 0x00, 0x0E, 0x20, 0x00,
  0x00, 0x1C, 0x20, 0x00, 0x00, 0x38, 0x30, 0x00, 0x1F, 0x70, 0x10, 0x00, 0x07, 0xE0, 0x10, 0x00,
  0x00, 0xE0, 0x10, 0x00, 0x00, 0x70, 0x10, 0x00, 0x00, 0x30, 0x18, 0x00, 0x00, 0x18, 0x08, 0x00,
  0x00, 0x18, 0x08, 0x00, 0x00, 0x08, 0x00, 0x00, 0x00, 0x00, 0x00, 0x00, 0x00, 0x00, 0x00, 0x00,
  0x00, 0x02, 0x00, 0x00, 0x00, 0x02, 0x00, 0x00, 0x00, 0x02, 0x00, 0x00, 0x00, 0x02, 0x00, 0x00,
  0x00, 0x01, 0x04, 0x00, 0x00, 0x01, 0x1F, 0x00, 0x00, 0x01, 0x3F, 0x80, 0x00, 0x01, 0xFF, 0xC0,
  0x00, 0x01, 0xFF, 0xC0, 0x00, 0x01, 0xFF, 0x80, 0x00, 0x03, 0xFF, 0x80, 0x00, 0x03, 0xFF, 0x80,
  0x00, 0x03, 0xFF, 0x00, 0x00, 0x03, 0xFF, 0xFF, 0x3F, 0xFF, 0xFE, 0x00, 0x00, 0x03, 0xFC, 0x00,
  0x00, 0x03, 0xF8, 0x00, 0x00, 0x07, 0xE0, 0x00, 0x00, 0x0E, 0x20, 0x00, 0x00, 0x0E, 0x20, 0x00,
  0x00, 0x1C, 0x20, 0x00, 0x00, 0x38, 0x30, 0x00, 0x1E, 0x70, 0x10, 0x00, 0x0F, 0xF0, 0x10, 0x00,
  0x00, 0xE0, 0x10, 0x00, 0x00, 0x70, 0x18, 0x00, 0x00, 0x30, 0x08, 0x00, 0x00, 0x18, 0x08, 0x00,
  0x00, 0x18, 0x08, 0x00, 0x00, 0x08, 0x00, 0x00, 0x00, 0x00, 0x00, 0x00, 0x00, 0x00, 0x00, 0x00,
  0x00, 0x06, 0x00, 0x00, 0x00, 0x02, 0x00, 0x00, 0x00, 0x02, 0x00, 0x00, 0x00, 0x02, 0x00, 0x00,
  0x00, 0x03, 0x0C, 0x00, 0x00, 0x01, 0x1F, 0x00, 0x00, 0x01, 0x7F, 0x80, 0x00, 0x01, 0xFF, 0xC0,
  0x00, 0x01, 0xFF, 0xC0, 0x00, 0x01, 0xFF, 0x80, 0x00, 0x03, 0xFF, 0x80, 0x00, 0x03, 0xFF, 0x80,
  0x00, 0x03, 0xFF, 0x01, 0x00, 0x03, 0xFF, 0xFF, 0x1F, 0xFF, 0xFE, 0x00, 0x3C, 0x03, 0xFC, 0x00,
  0x00, 0x03, 0xF8, 0x00, 0x00, 0x07, 0xE0, 0x00, 0x00, 0x07, 0x20, 0x00, 0x00, 0x0E, 0x20, 0x00,
  0x00, 0x1C, 0x30, 0x00, 0x00, 0x38, 0x10, 0x00, 0x0E, 0x38, 0x10, 0x00, 0x0F, 0xF0, 0x10, 0x00,
  0x00, 0xE0, 0x18, 0x00, 0x00, 0x70, 0x08, 0x00, 0x00, 0x30, 0x08, 0x00, 0x00, 0x18, 0x08, 0x00,
  0x00, 0x0C, 0x08, 0x00, 0x00, 0x0C, 0x00, 0x00, 0x00, 0x00, 0x00, 0x00, 0x00, 0x00, 0x00, 0x00,
  0x00, 0x04, 0x00, 0x00, 0x00, 0x06, 0x00, 0x00, 0x00, 0x02, 0x00, 0x00, 0x00, 0x02, 0x00, 0x00,
  0x00, 0x02, 0x0C, 0x00, 0x00, 0x03, 0x1F, 0x00, 0x00, 0x01, 0x7F, 0x80, 0x00, 0x01, 0xFF, 0x80,
  0x00, 0x01, 0xFF, 0x80, 0x00, 0x01, 0xFF, 0x80, 0x00, 0x03, 0xFF, 0x80, 0x00, 0x03, 0xFF, 0x00,
  0x00, 0x03, 0xFF, 0x0F, 0x00, 0x03, 0xFF, 0xFC, 0x07, 0xFF, 0xFE, 0x00, 0x3F, 0x03, 0xFC, 0x00,
  0x00, 0x03, 0xF8, 0x00, 0x00, 0x07, 0xE0, 0x00, 0x00, 0x07, 0x20, 0x00, 0x00, 0x0E, 0x20, 0x00,
  0x00, 0x1C, 0x30, 0x00, 0x00, 0x18, 0x10, 0x00, 0x0C, 0x38, 0x10, 0x00, 0x0F, 0xF0, 0x10, 0x00,
  0x00, 0xE0, 0x18, 0x00, 0x00, 0x70, 0x08, 0x00, 0x00, 0x38, 0x08, 0x00, 0x00, 0x18, 0x0C, 0x00,
  0x00, 0x0C, 0x04, 0x00, 0x00, 0x0C, 0x00, 0x00, 0x00, 0x00, 0x00, 0x00, 0x00, 0x00, 0x00, 0x00,
  0x00, 0x04, 0x00, 0x00, 0x00, 0x04, 0x00, 0x00, 0x00, 0x06, 0x00, 0x00, 0x00, 0x02, 0x00, 0x00,
  0x00, 0x02, 0x0E, 0x00, 0x00, 0x02, 0x3F, 0x00, 0x00, 0x03, 0x7F, 0x80, 0x00, 0x01, 0xFF, 0x80,
  0x00, 0x01, 0xFF, 0x80, 0x00, 0x01, 0xFF, 0x80, 0x00, 0x03, 0xFF, 0x80, 0x00, 0x03, 0xFF, 0x00,
  0x00, 0x03, 0xFF, 0x3F, 0x00, 0x03, 0xFF, 0xF0, 0x01, 0xFF, 0xFE, 0x00, 0x3F, 0x83, 0xFC, 0x00,
  0x00, 0x03, 0xF0, 0x00, 0x00, 0x07, 0xE0, 0x00, 0x00, 0x07, 0x20, 0x00, 0x00, 0x0E, 0x20, 0x00,
  0x00, 0x1C, 0x30, 0x00, 0x00, 0x1C, 0x10, 0x00, 0x08, 0x38, 0x10, 0x00, 0x0F, 0xF0, 0x18, 0x00,
  0x01, 0xF0, 0x08, 0x00, 0x00, 0x70, 0x08, 0x00, 0x00, 0x18, 0x08, 0x00, 0x00, 0x18, 0x0C, 0x00,
  0x00, 0x0C, 0x04, 0x00, 0x00, 0x04, 0x00, 0x00, 0x00, 0x00, 0x00, 0x00, 0x00, 0x00, 0x00, 0x00,
  0x00, 0x0C, 0x00, 0x00, 0x00, 0x04, 0x00, 0x00, 0x00, 0x04, 0x00, 0x00, 0x00, 0x06, 0x00, 0x00,
  0x00, 0x02, 0x1E, 0x00, 0x00, 0x02, 0x3F, 0x00, 0x00, 0x02, 0x7F, 0x80, 0x00, 0x01, 0xFF, 0x80,
  0x00, 0x01, 0xFF, 0x80, 0x00, 0x01, 0xFF, 0x80, 0x00, 0x03, 0xFF, 0x80, 0x00, 0x03, 0xFF, 0x00,
  0x00, 0x03, 0xFF, 0xFF, 0x00, 0x03, 0xFF, 0xC0, 0x00, 0xFF, 0xFE, 0x00, 0x3F, 0xC3, 0xFC, 0x00,
  0x00, 0x03, 0xF0, 0x00, 0x00, 0x07, 0xE0, 0x00, 0x00, 0x07, 0x20, 0x00, 0x00, 0x0E, 0x30, 0x00,
  0x00, 0x1C, 0x10, 0x00, 0x00, 0x1C, 0x10, 0x00, 0x00, 0x38, 0x10, 0x00, 0x0F, 0xF0, 0x18, 0x00,
  0x03, 0xF0, 0x08, 0x00, 0x00, 0x70, 0x08, 0x00, 0x00, 0x18, 0x0C, 0x00, 0x00, 0x08, 0x04, 0x00,
  0x00, 0x0C, 0x04, 0x00, 0x00, 0x04, 0x00, 0x00, 0x00, 0x00, 0x00, 0x00, 0x00, 0x00, 0x00, 0x00,
  0x00, 0x08, 0x00, 0x00, 0x00, 0x0C, 0x00, 0x00, 0x00, 0x04, 0x00, 0x00, 0x00, 0x04, 0x00, 0x00,
  0x00, 0x06, 0x1E, 0x00, 0x00, 0x02, 0x3F, 0x00, 0x00, 0x02, 0x7F, 0x80, 0x00, 0x03, 0xFF, 0x80,
  0x00, 0x01, 0xFF, 0x80, 0x00, 0x03, 0xFF, 0x80, 0x00, 0x03, 0xFF, 0x00, 0x00, 0x03, 0xFF, 0x03,
  0x00, 0x03, 0xFF, 0xFF, 0x00, 0x03, 0xFF, 0x80, 0x00, 0x7F, 0xFC, 0x00, 0x3F, 0xE3, 0xF8, 0x00,
  0x30, 0x03, 0xF0, 0x00, 0x00, 0x07, 0xE0, 0x00, 0x00, 0x07, 0x20, 0x00, 0x00, 0x0E, 0x30, 0x00,
  0x00, 0x0C, 0x10, 0x00, 0x00, 0x1C, 0x10, 0x00, 0x00, 0x38, 0x18, 0x00, 0x0F, 0xF8, 0x08, 0x00,
  0x07, 0xF0, 0x08, 0x00, 0x00, 0x70, 0x0C, 0x00, 0x00, 0x18, 0x04, 0x00, 0x00, 0x0C, 0x04, 0x00,
  0x00, 0x0C, 0x04, 0x00, 0x00, 0x06, 0x00, 0x00, 0x00, 0x00, 0x00, 0x00, 0x00, 0x00, 0x00, 0x00,
  0x00, 0x08, 0x00, 0x00, 0x00, 0x08, 0x00, 0x00, 0x00, 0x04, 0x00, 0x00, 0x00, 0x04, 0x00, 0x00,
  0x00, 0x04, 0x1E, 0x00, 0x00, 0x02, 0x3F, 0x00, 0x00, 0x02, 0xFF, 0x80, 0x00, 0x03, 0xFF, 0x80,
  0x00, 0x01, 0xFF, 0x80, 0x00, 0x03, 0xFF, 0x00, 0x00, 0x03, 0xFF, 0x00, 0x00, 0x03, 0xFF, 0x07,
  0x00, 0x03, 0xFF, 0xFC, 0x00, 0x07, 0xFF, 0x00, 0x00, 0x3F, 0xFC, 0x00, 0x0F, 0xE3, 0xF8, 0x00,
  0x38, 0x03, 0xF0, 0x00, 0x00, 0x03, 0xE0, 0x00, 0x00, 0x07, 0x20, 0x00, 0x00, 0x0E, 0x30, 0x00,
  0x00, 0x0C, 0x10, 0x00, 0x00, 0x1C, 0x10, 0x00, 0x00, 0x18, 0x18, 0x00, 0x0F, 0xB8, 0x08, 0x00,
  0x0F, 0xF0, 0x08, 0x00, 0x00, 0x70, 0x0C, 0x00, 0x00, 0x18, 0x04, 0x00, 0x00, 0x0C, 0x06, 0x00,
  0x00, 0x06, 0x00, 0x00, 0x00, 0x06, 0x00, 0x00, 0x00, 0x00, 0x00, 0x00, 0x00, 0x00, 0x00, 0x00,
  0x00, 0x08, 0x00, 0x00, 0x00, 0x08, 0x00, 0x00, 0x00, 0x0C, 0x00, 0x00, 0x00, 0x04, 0x00, 0x00,
  0x00, 0x04, 0x1E, 0x00, 0x00, 0x06, 0x7F, 0x00, 0x00, 0x02, 0xFF, 0x80, 0x00, 0x03, 0xFF, 0x80,
  0x00, 0x01, 0xFF, 0x00, 0x00, 0x03, 0xFF, 0x00, 0x00, 0x03, 0xFF, 0x00, 0x00, 0x03, 0xFF, 0x1F,
  0x00, 0x07, 0xFF, 0xF8, 0x00, 0x07, 0xFE, 0x00, 0x00, 0x1F, 0xFC, 0x00, 0x07, 0xF7, 0xF8, 0x00,
  0x3C, 0x03, 0xF0, 0x00, 0x00, 0x03, 0xE0, 0x00, 0x00, 0x07, 0x20, 0x00, 0x00, 0x0E, 0x30, 0x00,
  0x00, 0x0E, 0x10, 0x00, 0x00, 0x1C, 0x18, 0x00, 0x00, 0x18, 0x08, 0x00, 0x07, 0x38, 0x08, 0x00,
  0x0F, 0xF0, 0x0C, 0x00, 0x00, 0x70, 0x04, 0x00, 0x00, 0x18, 0x04, 0x00, 0x00, 0x0C, 0x06, 0x00,
  0x00, 0x06, 0x00, 0x00, 0x00, 0x06, 0x00, 0x00, 0x00, 0x00, 0x00, 0x00, 0x00, 0x00, 0x00, 0x00,
  0x00, 0x18, 0x00, 0x00, 0x00, 0x08, 0x00, 0x00, 0x00, 0x08, 0x00, 0x00, 0x00, 0x0C, 0x00, 0x00,
  0x00, 0x04, 0x3E, 0x00, 0x00, 0x04, 0x7F, 0x00, 0x00, 0x02, 0xFF, 0x00, 0x00, 0x03, 0xFF, 0x80,
  0x00, 0x03, 0xFF, 0x00, 0x00, 0x03, 0xFF, 0x00, 0x00, 0x03, 0xFF, 0x00, 0x00, 0x03, 0xFF, 0x3F,
  0x00, 0x07, 0xFF, 0xE0, 0x00, 0x07, 0xFE, 0x00, 0x00, 0x1F, 0xFC, 0x00, 0x03, 0xF7, 0xF8, 0x00,
  0x3E, 0x03, 0xF0, 0x00, 0x00, 0x03, 0xE0, 0x00, 0x00, 0x07, 0x20, 0x00, 0x00, 0x06, 0x10, 0x00,
  0x00, 0x0E, 0x10, 0x00, 0x00, 0x1C, 0x18, 0x00, 0x00, 0x1C, 0x08, 0x00, 0x06, 0x38, 0x08, 0x00,
  0x0F, 0xF0, 0x04, 0x00, 0x00, 0x78, 0x04, 0x00, 0x00, 0x18, 0x06, 0x00, 0x00, 0x0C, 0x02, 0x00,
  0x00, 0x06, 0x00, 0x00, 0x00, 0x02, 0x00, 0x00, 0x00, 0x00, 0x00, 0x00, 0x00, 0x00, 0x00, 0x00,
  0x00, 0x10, 0x00, 0x00, 0x00, 0x18, 0x00, 0x00, 0x00, 0x08, 0x00, 0x00, 0x00, 0x08, 0x00, 0x00,
  0x00, 0x04, 0x3E, 0x00, 0x00, 0x04, 0x7F, 0x00, 0x00, 0x06, 0xFF, 0x00, 0x00, 0x03, 0xFF, 0x00,
  0x00, 0x03, 0xFF, 0x00, 0x00, 0x03, 0xFF, 0x00, 0x00, 0x03, 0xFF, 0x03, 0x00, 0x07, 0xFF, 0x7E,
  0x00, 0x07, 0xFF, 0xC0, 0x00, 0x07, 0xFE, 0x00, 0x00, 0x1F, 0xFC, 0x00, 0x01, 0xF7, 0xF8, 0x00,
  0x3F, 0x03, 0xF0, 0x00, 0x20, 0x03, 0xE0, 0x00, 0x00, 0x07, 0x30, 0x00, 0x00, 0x06, 0x10, 0x00,
  0x00, 0x0E, 0x10, 0x00, 0x00, 0x0C, 0x18, 0x00, 0x00, 0x1C, 0x08, 0x00, 0x00, 0x38, 0x0C, 0x00,
  0x07, 0xF8, 0x04, 0x00, 0x00, 0x78, 0x04, 0x00, 0x00, 0x1C, 0x06, 0x00, 0x00, 0x0C, 0x02, 0x00,
  0x00, 0x06, 0x00, 0x00, 0x00, 0x02, 0x00, 0x00, 0x00, 0x00, 0x00, 0x00, 0x00, 0x00, 0x00, 0x00,
  0x00, 0x10, 0x00, 0x00, 0x00, 0x10, 0x00, 0x00, 0x00, 0x18, 0x00, 0x00, 0x00, 0x08, 0x00, 0x00,
  0x00, 0x0C, 0x3E, 0x00, 0x00, 0x04, 0x7F, 0x00, 0x00, 0x04, 0xFF, 0x00, 0x00, 0x03, 0xFF, 0x00,
  0x00, 0x03, 0xFF, 0x00, 0x00, 0x03, 0xFF, 0x00, 0x00, 0x03, 0xFF, 0x07, 0x00, 0x07, 0xFF, 0x7C,
  0x00, 0x07, 0xFF, 0xC0, 0x00, 0x07, 0xFE, 0x00, 0x00, 0x0F, 0xFC, 0x00, 0x01, 0xFF, 0xF8, 0x00,
  0x1F, 0x03, 0xF0, 0x00, 0x30, 0x03, 0xE0, 0x00, 0x00, 0x07, 0x30, 0x00, 0x00, 0x06, 0x10, 0x00,
  0x00, 0x0E, 0x10, 0x00, 0x00, 0x0C, 0x08, 0x00, 0x00, 0x1C, 0x08, 0x00, 0x00, 0x18, 0x0C, 0x00,
  0x07, 0xF8, 0x04, 0x00, 0x01, 0xF8, 0x06, 0x00, 0x00, 0x1C, 0x02, 0x00, 0x00, 0x0E, 0x02, 0x00,
  0x00, 0x06, 0x00, 0x00, 0x00, 0x03, 0x00, 0x00, 0x00, 0x00, 0x00, 0x00, 0x00, 0x00, 0x00, 0x00,
  0x00, 0x30, 0x00, 0x00, 0x00, 0x10, 0x00, 0x00, 0x00, 0x18, 0x00, 0x00, 0x00, 0x08, 0x10, 0x00,
  0x00, 0x08, 0x3E, 0x00, 0x00, 0x04, 0x7F, 0x00, 0x00, 0x04, 0xFF, 0x00, 0x00, 0x07, 0xFF, 0x00,
  0x00, 0x03, 0xFF, 0x00, 0x00, 0x03, 0xFF, 0x00, 0x00, 0x03, 0xFF, 0x0F, 0x00, 0x07, 0xFF, 0xF8,
  0x00, 0x07, 0xFF, 0x80, 0x00, 0x07, 0xFC, 0x00, 0x00, 0x0F, 0xFC, 0x00, 0x00, 0xFF, 0xF8, 0x00,
  0x0F, 0x83, 0xF0, 0x00, 0x38, 0x03, 0xE0, 0x00, 0x00, 0x07, 0x30, 0x00, 0x00, 0x06, 0x10, 0x00,
  0x00, 0x0E, 0x18, 0x00, 0x00, 0x0C, 0x08, 0x00, 0x00, 0x1C, 0x08, 0x00, 0x00, 0x18, 0x04, 0x00,
  0x07, 0xF8, 0x04, 0x00, 0x07, 0xF8, 0x06, 0x00, 0x00, 0x1C, 0x02, 0x00, 0x00, 0x06, 0x03, 0x00,
  0x00, 0x07, 0x00, 0x00, 0x00, 0x03, 0x00, 0x00, 0x00, 0x00, 0x00, 0x00, 0x00, 0x00, 0x00, 0x00,
  0x00, 0x20, 0x00, 0x00, 0x00, 0x30, 0x00, 0x00, 0x00, 0x10, 0x00, 0x00, 0x00, 0x18, 0x10, 0x00,
  0x00, 0x08, 0x7C, 0x00, 0x00, 0x0C, 0xFE, 0x00, 0x00, 0x05, 0xFF, 0x00, 0x00, 0x07, 0xFF, 0x00,
  0x00, 0x03, 0xFF, 0x00, 0x00, 0x03, 0xFF, 0x01, 0x00, 0x07, 0xFE, 0x1F, 0x00, 0x07, 0xFF, 0xF0,
  0x00, 0x07, 0xFF, 0x00, 0x00, 0x07, 0xFC, 0x00, 0x00, 0x0F, 0xFC, 0x00, 0x00, 0x7F, 0xF8, 0x00,
  0x07, 0x83, 0xF0, 0x00, 0x3C, 0x03, 0xE0, 0x00, 0x00, 0x07, 0x30, 0x00, 0x00, 0x07, 0x10, 0x00,
  0x00, 0x0E, 0x18, 0x00, 0x00, 0x0E, 0x08, 0x00, 0x00, 0x1C, 0x0C, 0x00, 0x00, 0x1C, 0x04, 0x00,
  0x07, 0xF8, 0x06, 0x00, 0x07, 0xF8, 0x02, 0x00, 0x00, 0x1C, 0x03, 0x00, 0x00, 0x06, 0x01, 0x00,
  0x00, 0x03, 0x00, 0x00, 0x00, 0x03, 0x00, 0x00, 0x00, 0x00, 0x00, 0x00, 0x00, 0x00, 0x00, 0x00,
  0x00, 0x20, 0x00, 0x00, 0x00, 0x20, 0x00, 0x00, 0x00, 0x10, 0x00, 0x00, 0x00, 0x10, 0x30, 0x00,
  0x00, 0x08, 0x7C, 0x00, 0x00, 0x08, 0xFE, 0x00, 0x00, 0x05, 0xFF, 0x00, 0x00, 0x07, 0xFF, 0x00,
  0x00, 0x03, 0xFF, 0x00, 0x00, 0x03, 0xFF, 0x03, 0x00, 0x07, 0xFE, 0x3E, 0x00, 0x07, 0xFF, 0xE0,
  0x00, 0x07, 0xFF, 0x00, 0x00, 0x07, 0xFC, 0x00, 0x00, 0x0F, 0xFC, 0x00, 0x00, 0x7F, 0xF8, 0x00,
  0x07, 0xC3, 0xE0, 0x00, 0x3C, 0x03, 0xE0, 0x00, 0x20, 0x07, 0x10, 0x00, 0x00, 0x07, 0x10, 0x00,
  0x00, 0x06, 0x18, 0x00, 0x00, 0x0E, 0x08, 0x00, 0x00, 0x0C, 0x0C, 0x00, 0x00, 0x1C, 0x04, 0x00,
  0x03, 0xF8, 0x06, 0x00, 0x07, 0xF8, 0x02, 0x00, 0x00, 0x1C, 0x03, 0x00, 0x00, 0x06, 0x01, 0x00,
  0x00, 0x03, 0x00, 0x00, 0x00, 0x01, 0x00, 0x00, 0x00, 0x00, 0x00, 0x00, 0x00, 0x00, 0x00, 0x00,
  0x00, 0x20, 0x00, 0x00, 0x00, 0x20, 0x00, 0x00, 0x00, 0x30, 0x00, 0x00, 0x00, 0x10, 0x30, 0x00,
  0x00, 0x18, 0x7C, 0x00, 0x00, 0x08, 0xFE, 0x00, 0x00, 0x0D, 0xFF, 0x00, 0x00, 0x07, 0xFE, 0x00,
  0x00, 0x03, 0xFE, 0x00, 0x00, 0x03, 0xFE, 0x07, 0x00, 0x07, 0xFE, 0x3C, 0x00, 0x07, 0xFF, 0xC0,
  0x00, 0x07, 0xFE, 0x00, 0x00, 0x07, 0xFC, 0x00, 0x00, 0x07, 0xF8, 0x00, 0x00, 0x7F, 0xF8, 0x00,
  0x03, 0xC3, 0xE0, 0x00, 0x1E, 0x03, 0xE0, 0x00, 0x30, 0x07, 0x10, 0x00, 0x00, 0x07, 0x10, 0x00,
  0x00, 0x06, 0x08, 0x00, 0x00, 0x0E, 0x08, 0x00, 0x00, 0x0C, 0x04, 0x00, 0x00, 0x1C, 0x04, 0x00,
  0x03, 0xF8, 0x02, 0x00, 0x07, 0xF8, 0x02, 0x00, 0x00, 0x1C, 0x01, 0x00, 0x00, 0x06, 0x01, 0x00,
  0x00, 0x03, 0x00, 0x00, 0x00, 0x01, 0x80, 0x00, 0x00, 0x00, 0x00, 0x00, 0x00, 0x00, 0x00, 0x00,
  0x00, 0x40, 0x00, 0x00, 0x00, 0x20, 0x00, 0x00, 0x00, 0x20, 0x00, 0x00, 0x00, 0x10, 0x30, 0x00,
  0x00, 0x10, 0x7C, 0x00, 0x00, 0x08, 0xFE, 0x00, 0x00, 0x0D, 0xFE, 0x00, 0x00, 0x07, 0xFE, 0x00,
  0x00, 0x07, 0xFE, 0x00, 0x00, 0x03, 0xFE, 0x0E, 0x00, 0x07, 0xFE, 0x78, 0x00, 0x07, 0xFF, 0xC0,
  0x00, 0x07, 0xFE, 0x00, 0x00, 0x07, 0xFC, 0x00, 0x00, 0x07, 0xF8, 0x00, 0x00, 0x3F, 0xF0, 0x00,
  0x01, 0xE3, 0xE0, 0x00, 0x0E, 0x03, 0xE0, 0x00, 0x30, 0x03, 0x10, 0x00, 0x00, 0x07, 0x10, 0x00,
  0x00, 0x06, 0x08, 0x00, 0x00, 0x0E, 0x0C, 0x00, 0x00, 0x0C, 0x04, 0x00, 0x00, 0x0C, 0x06, 0x00,
  0x00, 0x1C, 0x02, 0x00, 0x03, 0xFC, 0x03, 0x00, 0x00, 0x1C, 0x01, 0x00, 0x00, 0x06, 0x00, 0x00,
  0x00, 0x03, 0x00, 0x00, 0x00, 0x01, 0x80, 0x00, 0x00, 0x00, 0x00, 0x00, 0x00, 0x00, 0x00, 0x00,
  0x00, 0x40, 0x00, 0x00, 0x00, 0x60, 0x00, 0x00, 0x00, 0x20, 0x00, 0x00, 0x00, 0x30, 0x30, 0x00,
  0x00, 0x10, 0x7C, 0x00, 0x00, 0x18, 0xFE, 0x00, 0x00, 0x09, 0xFE, 0x00, 0x00, 0x07, 0xFE, 0x00,
  0x00, 0x07, 0xFE, 0x02, 0x00, 0x07, 0xFE, 0x1E, 0x00, 0x07, 0xFE, 0x70, 0x00, 0x07, 0xFF, 0x80,
  0x00, 0x07, 0xFE, 0x00, 0x00, 0x07, 0xFC, 0x00, 0x00, 0x07, 0xF8, 0x00, 0x00, 0x3F, 0xF0, 0x00,
  0x01, 0xE3, 0xE0, 0x00, 0x0F, 0x03, 0xE0, 0x00, 0x38, 0x03, 0x10, 0x00, 0x00, 0x07, 0x18, 0x00,
  0x00, 0x06, 0x08, 0x00, 0x00, 0x0E, 0x0C, 0x00, 0x00, 0x0E, 0x04, 0x00, 0x00, 0x0C, 0x06, 0x00,
  0x00, 0x1C, 0x02, 0x00, 0x03, 0xFC, 0x01, 0x00, 0x02, 0x1E, 0x01, 0x80, 0x00, 0x07, 0x00, 0x00,
  0x00, 0x03, 0x80, 0x00, 0x00, 0x01, 0x80, 0x00, 0x00, 0x00, 0x00, 0x00, 0x00, 0x00, 0x00, 0x00,
  0x00, 0x40, 0x00, 0x00, 0x00, 0x40, 0x00, 0x00, 0x00, 0x20, 0x00, 0x00, 0x00, 0x20, 0x78, 0x00,
  0x00, 0x10, 0xFC, 0x00, 0x00, 0x19, 0xFE, 0x00, 0x00, 0x09, 0xFE, 0x00, 0x00, 0x0F, 0xFE, 0x00,
  0x00, 0x07, 0xFE, 0x06, 0x00, 0x07, 0xFE, 0x1C, 0x00, 0x07, 0xFE, 0xE0, 0x00, 0x07, 0xFF, 0x80,
  0x00, 0x07, 0xFC, 0x00, 0x00, 0x07, 0xFC, 0x00, 0x00, 0x07, 0xF8, 0x00, 0x00, 0x3F, 0xF0, 0x00,
  0x00, 0xE3, 0xE0, 0x00, 0x07, 0x03, 0xF0, 0x00, 0x3C, 0x03, 0x10, 0x00, 0x00, 0x07, 0x18, 0x00,
  0x00, 0x06, 0x08, 0x00, 0x00, 0x06, 0x04, 0x00, 0x00, 0x0E, 0x04, 0x00, 0x00, 0x0C, 0x02, 0x00,
  0x00, 0x1C, 0x03, 0x00, 0x03, 0xFC, 0x01, 0x00, 0x03, 0xBE, 0x01, 0x80, 0x00, 0x07, 0x00, 0x00,
  0x00, 0x01, 0x80, 0x00, 0x00, 0x00, 0x80, 0x00, 0x00, 0x00, 0x00, 0x00, 0x00, 0x00, 0x00, 0x00,
  0x00, 0x00, 0x00, 0x00, 0x00, 0x40, 0x00, 0x00, 0x00, 0x60, 0x00, 0x00, 0x00, 0x20, 0x70, 0x00,
  0x00, 0x30, 0xFC, 0x00, 0x00, 0x11, 0xFE, 0x00, 0x00, 0x09, 0xFE, 0x00, 0x00, 0x0F, 0xFE, 0x00,
  0x00, 0x07, 0xFE, 0x06, 0x00, 0x07, 0xFE, 0x38, 0x00, 0x07, 0xFE, 0xE0, 0x00, 0x07, 0xFF, 0x00,
  0x00, 0x07, 0xFC, 0x00, 0x00, 0x07, 0xFC, 0x00, 0x00, 0x07, 0xF8, 0x00, 0x00, 0x1F, 0xF0, 0x00,
  0x00, 0xE3, 0xE0, 0x00, 0x07, 0x83, 0xB0, 0x00, 0x1C, 0x03, 0x10, 0x00, 0x30, 0x07, 0x18, 0x00,
  0x00, 0x07, 0x08, 0x00, 0x00, 0x06, 0x04, 0x00, 0x00, 0x0E, 0x06, 0x00, 0x00, 0x0E, 0x02, 0x00,
  0x00, 0x0C, 0x03, 0x00, 0x03, 0xFC, 0x01, 0x00, 0x03, 0xFE, 0x00, 0x80, 0x00, 0x07, 0x00, 0x00,
  0x00, 0x01, 0x80, 0x00, 0x00, 0x00, 0xC0, 0x00, 0x00, 0x00, 0x00, 0x00, 0x00, 0x00, 0x00, 0x00,
  0x00, 0x00, 0x00, 0x00, 0x00, 0xC0, 0x00, 0x00, 0x00, 0x40, 0x00, 0x00, 0x00, 0x20, 0x70, 0x00,
  0x00, 0x30, 0xFC, 0x00, 0x00, 0x11, 0xFE, 0x00, 0x00, 0x1B, 0xFE, 0x00, 0x00, 0x0F, 0xFE, 0x00,
  0x00, 0x07, 0xFE, 0x0E, 0x00, 0x07, 0xFE, 0x38, 0x00, 0x07, 0xFF, 0xC0, 0x00, 0x07, 0xFF, 0x00,
  0x00, 0x07, 0xFC, 0x00, 0x00, 0x07, 0xFC, 0x00, 0x00, 0x07, 0xF8, 0x00, 0x00, 0x1F, 0xF0, 0x00,
  0x00, 0xF3, 0xE0, 0x00, 0x03, 0x83, 0xB0, 0x00, 0x1E, 0x03, 0x10, 0x00, 0x30, 0x07, 0x08, 0x00,
  0x00, 0x07, 0x0C, 0x00, 0x00, 0x06, 0x04, 0x00, 0x00, 0x0E, 0x06, 0x00, 0x00, 0x0E, 0x02, 0x00,
  0x00, 0x0C, 0x01, 0x00, 0x01, 0xFC, 0x01, 0x80, 0x03, 0xFE, 0x00, 0x80, 0x00, 0x07, 0x00, 0x00,
  0x00, 0x01, 0x80, 0x00, 0x00, 0x00, 0xC0, 0x00, 0x00, 0x00, 0x00, 0x00, 0x00, 0x00, 0x00, 0x00,
  0x00, 0x00, 0x00, 0x00, 0x00, 0x80, 0x00, 0x00, 0x00, 0x40, 0x00, 0x00, 0x00, 0x60, 0x70, 0x00,
  0x00, 0x20, 0xFC, 0x00, 0x00, 0x11, 0xFE, 0x00, 0x00, 0x1B, 0xFE, 0x00, 0x00, 0x0F, 0xFE, 0x02,
  0x00, 0x07, 0xFE, 0x1C, 0x00, 0x07, 0xFE, 0x70, 0x00, 0x07, 0xFF, 0xC0, 0x00, 0x07, 0xFE, 0x00,
  0x00, 0x07, 0xFC, 0x00, 0x00, 0x07, 0xF8, 0x00, 0x00, 0x07, 0xF8, 0x00, 0x00, 0x1F, 0xF0, 0x00,
  0x00, 0x73, 0xE0, 0x00, 0x03, 0x83, 0xB0, 0x00, 0x0E, 0x03, 0x10, 0x00, 0x38, 0x03, 0x08, 0x00,
  0x00, 0x07, 0x0C, 0x00, 0x00, 0x06, 0x04, 0x00, 0x00, 0x06, 0x02, 0x00, 0x00, 0x0E, 0x03, 0x00,
  0x00, 0x0C, 0x01, 0x00, 0x01, 0xFC, 0x00, 0x80, 0x03, 0xFE, 0x00, 0x80, 0x00, 0x07, 0x00, 0x00,
  0x00, 0x01, 0xC0, 0x00, 0x00, 0x00, 0xC0, 0x00, 0x00, 0x00, 0x00, 0x00, 0x00, 0x00, 0x00, 0x00,
  0x00, 0x00, 0x00, 0x00, 0x00, 0x80, 0x00, 0x00, 0x00, 0xC0, 0x00, 0x00, 0x00, 0x40, 0xF0, 0x00,
  0x00, 0x20, 0xFC, 0x00, 0x00, 0x31, 0xFC, 0x00, 0x00, 0x13, 0xFC, 0x00, 0x00, 0x0F, 0xFC, 0x06,
  0x00, 0x0F, 0xFE, 0x1C, 0x00, 0x07, 0xFE, 0x70, 0x00, 0x07, 0xFF, 0x80, 0x00, 0x07, 0xFE, 0x00,
  0x00, 0x07, 0xFC, 0x00, 0x00, 0x07, 0xF8, 0x00, 0x00, 0x07, 0xF8, 0x00, 0x00, 0x1F, 0xF0, 0x00,
  0x00, 0x73, 0xE0, 0x00, 0x01, 0xC3, 0xB0, 0x00, 0x0E, 0x03, 0x10, 0x00, 0x18, 0x03, 0x08, 0x00,
  0x00, 0x07, 0x0C, 0x00, 0x00, 0x06, 0x06, 0x00, 0x00, 0x06, 0x02, 0x00, 0x00, 0x0E, 0x03, 0x00,
  0x00, 0x0E, 0x01, 0x80, 0x00, 0xFC, 0x00, 0x80, 0x01, 0xFE, 0x00, 0x00, 0x00, 0x07, 0x80, 0x00,
  0x00, 0x01, 0xC0, 0x00, 0x00, 0x00, 0xC0, 0x00, 0x00, 0x00, 0x00, 0x00, 0x00, 0x00, 0x00, 0x00,
  0x00, 0x00, 0x00, 0x00, 0x01, 0x80, 0x00, 0x00, 0x00, 0x80, 0x00, 0x00, 0x00, 0x40, 0xF0, 0x00,
  0x00, 0x61, 0xFC, 0x00, 0x00, 0x21, 0xFC, 0x00, 0x00, 0x13, 0xFC, 0x00, 0x00, 0x1F, 0xFC, 0x0C,
  0x00, 0x0F, 0xFC, 0x38, 0x00, 0x07, 0xFC, 0xE0, 0x00, 0x07, 0xFF, 0x80, 0x00, 0x07, 0xFE, 0x00,
  0x00, 0x07, 0xFC, 0x00, 0x00, 0x07, 0xF8, 0x00, 0x00, 0x07, 0xF8, 0x00, 0x00, 0x1F, 0xF0, 0x00,
  0x00, 0x73, 0xE0, 0x00, 0x01, 0xC3, 0xB0, 0x00, 0x07, 0x03, 0x18, 0x00, 0x1C, 0x03, 0x08, 0x00,
  0x10, 0x07, 0x04, 0x00, 0x00, 0x07, 0x06, 0x00, 0x00, 0x06, 0x02, 0x00, 0x00, 0x06, 0x01, 0x00,
  0x00, 0x0E, 0x01, 0x80, 0x00, 0x7E, 0x00, 0xC0, 0x01, 0xFF, 0x00, 0x00, 0x00, 0x07, 0x80, 0x00,
  0x00, 0x00, 0xC0, 0x00, 0x00, 0x00, 0x60, 0x00, 0x00, 0x00, 0x00, 0x00, 0x00, 0x00, 0x00, 0x00,
  0x00, 0x00, 0x00, 0x00, 0x01, 0x00, 0x00, 0x00, 0x00, 0x80, 0x00, 0x00, 0x00, 0xC0, 0xF0, 0x00,
  0x00, 0x41, 0xFC, 0x00, 0x00, 0x23, 0xFC, 0x00, 0x00, 0x13, 0xFC, 0x00, 0x00, 0x1F, 0xFC, 0x0C,
  0x00, 0x0F, 0xFC, 0x30, 0x00, 0x07, 0xFC, 0xC0, 0x00, 0x07, 0xFF, 0x00, 0x00, 0x0F, 0xFC, 0x00,
  0x00, 0x07, 0xFC, 0x00, 0x00, 0x07, 0xF8, 0x00, 0x00, 0x07, 0xF8, 0x00, 0x00, 0x0F, 0xF0, 0x00,
  0x00, 0x33, 0xE0, 0x00, 0x01, 0xC3, 0x90, 0x00, 0x07, 0x03, 0x18, 0x00, 0x1C, 0x03, 0x08, 0x00,
  0x10, 0x03, 0x04, 0x00, 0x00, 0x07, 0x06, 0x00, 0x00, 0x06, 0x03, 0x00, 0x00, 0x06, 0x01, 0x00,
  0x00, 0x0E, 0x00, 0x80, 0x00, 0x3E, 0x00, 0xC0, 0x01, 0xFF, 0x00, 0x00, 0x01, 0x03, 0x80, 0x00,
  0x00, 0x00, 0xC0, 0x00, 0x00, 0x00, 0x60, 0x00, 0x00, 0x00, 0x00, 0x00, 0x00, 0x00, 0x00, 0x00,
  0x00, 0x00, 0x00, 0x00, 0x01, 0x00, 0x00, 0x00, 0x01, 0x80, 0x00, 0x00, 0x00, 0x80, 0xF0, 0x00,
  0x00, 0x41, 0xF8, 0x00, 0x00, 0x23, 0xFC, 0x00, 0x00, 0x33, 0xFC, 0x04, 0x00, 0x17, 0xFC, 0x1C,
  0x00, 0x0F, 0xFC, 0x70, 0x00, 0x0F, 0xFD, 0xC0, 0x00, 0x0F, 0xFF, 0x00, 0x00, 0x0F, 0xFC, 0x00,
  0x00, 0x0F, 0xFC, 0x00, 0x00, 0x07, 0xF8, 0x00, 0x00, 0x07, 0xF8, 0x00, 0x00, 0x0F, 0xF0, 0x00,
  0x00, 0x33, 0xE0, 0x00, 0x00, 0xC3, 0x90, 0x00, 0x03, 0x03, 0x98, 0x00, 0x0C, 0x03, 0x0C, 0x00,
  0x10, 0x03, 0x04, 0x00, 0x00, 0x07, 0x02, 0x00, 0x00, 0x07, 0x03, 0x00, 0x00, 0x06, 0x01, 0x80,
  0x00, 0x06, 0x00, 0x80, 0x00, 0x3E, 0x00, 0x40, 0x01, 0xFF, 0x00, 0x00, 0x01, 0x83, 0x80, 0x00,
  0x00, 0x00, 0xE0, 0x00, 0x00, 0x00, 0x60, 0x00, 0x00, 0x00, 0x00, 0x00, 0x00, 0x00, 0x00, 0x00,
  0x00, 0x00, 0x00, 0x00, 0x00, 0x00, 0x00, 0x00, 0x01, 0x00, 0x00, 0x00, 0x00, 0x81, 0xF0, 0x00,
  0x00, 0xC1, 0xF8, 0x00, 0x00, 0x63, 0xFC, 0x00, 0x00, 0x27, 0xFC, 0x04, 0x00, 0x17, 0xFC, 0x18,
  0x00, 0x0F, 0xFC, 0x60, 0x00, 0x0F, 0xFD, 0xC0, 0x00, 0x0F, 0xFF, 0x00, 0x00, 0x0F, 0xFC, 0x00,
  0x00, 0x0F, 0xF8, 0x00, 0x00, 0x07, 0xF8, 0x00, 0x00, 0x07, 0xF0, 0x00, 0x00, 0x0F, 0xF0, 0x00,
  0x00, 0x33, 0xE0, 0x00, 0x00, 0xE3, 0x90, 0x00, 0x03, 0x83, 0x98, 0x00, 0x0E, 0x03, 0x0C, 0x00,
  0x18, 0x03, 0x04, 0x00, 0x00, 0x07, 0x02, 0x00, 0x00, 0x07, 0x01, 0x00, 0x00, 0x06, 0x01, 0x80,
  0x00, 0x06, 0x00, 0xC0, 0x00, 0x1E, 0x00, 0x40, 0x00, 0xFF, 0x00, 0x00, 0x01, 0xC3, 0xC0, 0x00,
  0x00, 0x00, 0xE0, 0x00, 0x00, 0x00, 0x60, 0x00, 0x00, 0x00, 0x00, 0x00, 0x00, 0x00, 0x00, 0x00,
  0x00, 0x00, 0x00, 0x00, 0x00, 0x00, 0x00, 0x00, 0x01, 0x00, 0x00, 0x00, 0x01, 0x81, 0xF0, 0x00,
  0x00, 0xC1, 0xF8, 0x00, 0x00, 0x43, 0xFC, 0x00, 0x00, 0x27, 0xFC, 0x0C, 0x00, 0x17, 0xFC, 0x38,
  0x00, 0x1F, 0xFC, 0x60, 0x00, 0x0F, 0xFD, 0x80, 0x00, 0x0F, 0xFE, 0x00, 0x00, 0x0F, 0xFC, 0x00,
  0x00, 0x0F, 0xF8, 0x00, 0x00, 0x0F, 0xF8, 0x00, 0x00, 0x07, 0xF0, 0x00, 0x00, 0x0F, 0xF0, 0x00,
  0x00, 0x33, 0xE0, 0x00, 0x00, 0xE3, 0x90, 0x00, 0x01, 0x83, 0x88, 0x00, 0x06, 0x03, 0x0C, 0x00,
  0x18, 0x03, 0x06, 0x00, 0x00, 0x03, 0x02, 0x00, 0x00, 0x07, 0x01, 0x00, 0x00, 0x07, 0x00, 0x80,
  0x00, 0x06, 0x00, 0xC0, 0x00, 0x0E, 0x00, 0x40, 0x00, 0xFF, 0x00, 0x00, 0x00, 0xC3, 0xC0, 0x00,
  0x00, 0x00, 0xE0, 0x00, 0x00, 0x00, 0x20, 0x00, 0x00, 0x00, 0x00, 0x00, 0x00, 0x00, 0x00, 0x00,
  0x00, 0x00, 0x00, 0x00, 0x00, 0x00, 0x00, 0x00, 0x03, 0x00, 0x00, 0x00, 0x01, 0x01, 0xF0, 0x00,
  0x00, 0x83, 0xF8, 0x00, 0x00, 0x43, 0xF8, 0x00, 0x00, 0x27, 0xF8, 0x0C, 0x00, 0x37, 0xFC, 0x30,
  0x00, 0x1F, 0xFC, 0xC0, 0x00, 0x0F, 0xFF, 0x80, 0x00, 0x0F, 0xFE, 0x00, 0x00, 0x0F, 0xFC, 0x00,
  0x00, 0x0F, 0xF8, 0x00, 0x00, 0x0F, 0xF8, 0x00, 0x00, 0x07, 0xF0, 0x00, 0x00, 0x0F, 0xF0, 0x00,
  0x00, 0x3B, 0xE0, 0x00, 0x00, 0x63, 0x90, 0x00, 0x01, 0x83, 0x88, 0x00, 0x06, 0x03, 0x0C, 0x00,
  0x1C, 0x03, 0x06, 0x00, 0x10, 0x03, 0x03, 0x00, 0x00, 0x03, 0x01, 0x00, 0x00, 0x07, 0x00, 0x80,
  0x00, 0x07, 0x00, 0x40, 0x00, 0x0E, 0x00, 0x00, 0x00, 0xFF, 0x80, 0x00, 0x00, 0xE7, 0xC0, 0x00,
  0x00, 0x00, 0x60, 0x00, 0x00, 0x00, 0x30, 0x00, 0x00, 0x00, 0x00, 0x00, 0x00, 0x00, 0x00, 0x00,
  0x00, 0x00, 0x00, 0x00, 0x00, 0x00, 0x00, 0x00, 0x02, 0x00, 0x00, 0x00, 0x01, 0x01, 0xF0, 0x00,
  0x00, 0x83, 0xF8, 0x00, 0x00, 0xC3, 0xF8, 0x00, 0x00, 0x67, 0xF8, 0x18, 0x00, 0x37, 0xFC, 0x70,
  0x00, 0x1F, 0xFC, 0xC0, 0x00, 0x0F, 0xFF, 0x00, 0x00, 0x0F, 0xFE, 0x00, 0x00, 0x0F, 0xF8, 0x00,
  0x00, 0x0F, 0xF8, 0x00, 0x00, 0x0F, 0xF8, 0x00, 0x00, 0x07, 0xF0, 0x00, 0x00, 0x0F, 0xE0, 0x00,
  0x00, 0x1B, 0xE0, 0x00, 0x00, 0x63, 0x90, 0x00, 0x01, 0x83, 0x88, 0x00, 0x03, 0x03, 0x04, 0x00,
  0x0C, 0x03, 0x06, 0x00, 0x18, 0x03, 0x03, 0x00, 0x00, 0x03, 0x01, 0x80, 0x00, 0x07, 0x00, 0xC0,
  0x00, 0x07, 0x00, 0x40, 0x00, 0x07, 0x00, 0x00, 0x00, 0x7F, 0x80, 0x00, 0x00, 0xE7, 0xC0, 0x00,
  0x00, 0x00, 0x70, 0x00, 0x00, 0x00, 0x30, 0x00, 0x00, 0x00, 0x00, 0x00, 0x00, 0x00, 0x00, 0x00,
  0x00, 0x00, 0x00, 0x00, 0x00, 0x00, 0x00, 0x00, 0x02, 0x00, 0x00, 0x00, 0x03, 0x01, 0xF0, 0x00,
  0x01, 0x83, 0xF8, 0x00, 0x00, 0xC7, 0xF8, 0x08, 0x00, 0x67, 0xF8, 0x18, 0x00, 0x27, 0xF8, 0x60,
  0x00, 0x1F, 0xFD, 0xC0, 0x00, 0x0F, 0xFF, 0x00, 0x00, 0x0F, 0xFC, 0x00, 0x00, 0x0F, 0xF8, 0x00,
  0x00, 0x0F, 0xF8, 0x00, 0x00, 0x0F, 0xF8, 0x00, 0x00, 0x07, 0xF0, 0x00, 0x00, 0x0F, 0xE0, 0x00,
  0x00, 0x1B, 0xF0, 0x00, 0x00, 0x63, 0x90, 0x00, 0x01, 0xC3, 0x88, 0x00, 0x03, 0x03, 0x84, 0x00,
  0x0C, 0x03, 0x02, 0x00, 0x18, 0x03, 0x01, 0x00, 0x00, 0x03, 0x01, 0x80, 0x00, 0x03, 0x00, 0xC0,
  0x00, 0x07, 0x00, 0x60, 0x00, 0x07, 0x00, 0x00, 0x00, 0x7F, 0x80, 0x00, 0x00, 0xF7, 0xE0, 0x00,
  0x00, 0x00, 0x70, 0x00, 0x00, 0x00, 0x10, 0x00, 0x00, 0x00, 0x00, 0x00, 0x00, 0x00, 0x00, 0x00,
  0x00, 0x00, 0x00, 0x00, 0x00, 0x00, 0x00, 0x00, 0x02, 0x00, 0x00, 0x00, 0x02, 0x03, 0xF0, 0x00,
  0x01, 0x03, 0xF8, 0x00, 0x00, 0x87, 0xF8, 0x08, 0x00, 0x47, 0xF8, 0x30, 0x00, 0x2F, 0xF8, 0x60,
  0x00, 0x1F, 0xF9, 0x80, 0x00, 0x0F, 0xFF, 0x00, 0x00, 0x0F, 0xFC, 0x00, 0x00, 0x0F, 0xF8, 0x00,
  0x00, 0x0F, 0xF8, 0x00, 0x00, 0x0F, 0xF8, 0x00, 0x00, 0x07, 0xF0, 0x00, 0x00, 0x0F, 0xE0, 0x00,
  0x00, 0x1B, 0xF0, 0x00, 0x00, 0x63, 0x98, 0x00, 0x00, 0xC3, 0x88, 0x00, 0x03, 0x03, 0x84, 0x00,
  0x06, 0x03, 0x02, 0x00, 0x18, 0x03, 0x01, 0x00, 0x00, 0x03, 0x00, 0x80, 0x00, 0x03, 0x00, 0x40,
  0x00, 0x03, 0x00, 0x20, 0x00, 0x07, 0x00, 0x00, 0x00, 0x3F, 0x80, 0x00, 0x00, 0xF7, 0xE0, 0x00,
  0x00, 0x00, 0x70, 0x00, 0x00, 0x00, 0x10, 0x00, 0x00, 0x00, 0x00, 0x00, 0x00, 0x00, 0x00, 0x00,
  0x00, 0x00, 0x00, 0x00, 0x00, 0x00, 0x00, 0x00, 0x00, 0x00, 0x00, 0x00, 0x02, 0x03, 0xE0, 0x00,
  0x03, 0x03, 0xF0, 0x00, 0x01, 0x87, 0xF8, 0x18, 0x00, 0xC7, 0xF8, 0x30, 0x00, 0x6F, 0xF8, 0xC0,
  0x00, 0x3F, 0xF9, 0x80, 0x00, 0x1F, 0xFE, 0x00, 0x00, 0x0F, 0xFC, 0x00, 0x00, 0x0F, 0xF8, 0x00,
  0x00, 0x0F, 0xF8, 0x00, 0x00, 0x0F, 0xF8, 0x00, 0x00, 0x07, 0xF0, 0x00, 0x00, 0x0F, 0xE0, 0x00,
  0x00, 0x1B, 0xF0, 0x00, 0x00, 0x33, 0x98, 0x00, 0x00, 0xC3, 0x8C, 0x00, 0x01, 0x83, 0x86, 0x00,
  0x06, 0x03, 0x83, 0x00, 0x0C, 0x03, 0x01, 0x80, 0x00, 0x03, 0x00, 0xC0, 0x00, 0x03, 0x00, 0x60,
  0x00, 0x03, 0x00, 0x20, 0x00, 0x07, 0x00, 0x00, 0x00, 0x3F, 0x80, 0x00, 0x00, 0x7F, 0xE0, 0x00,
  0x00, 0x40, 0x30, 0x00, 0x00, 0x00, 0x10, 0x00, 0x00, 0x00, 0x00, 0x00, 0x00, 0x00, 0x00, 0x00,
  0x00, 0x00, 0x00, 0x00, 0x00, 0x00, 0x00, 0x00, 0x00, 0x00, 0x00, 0x00, 0x06, 0x03, 0xE0, 0x00,
  0x03, 0x07, 0xF0, 0x00, 0x01, 0x87, 0xF0, 0x18, 0x00, 0xCF, 0xF8, 0x60, 0x00, 0x6F, 0xF8, 0xC0,
  0x00, 0x3F, 0xF9, 0x00, 0x00, 0x1F, 0xFE, 0x00, 0x00, 0x0F, 0xFC, 0x00, 0x00, 0x0F, 0xF8, 0x00,
  0x00, 0x0F, 0xF8, 0x00, 0x00, 0x0F, 0xF0, 0x00, 0x00, 0x07, 0xF0, 0x00, 0x00, 0x0F, 0xE0, 0x00,
  0x00, 0x1F, 0xF0, 0x00, 0x00, 0x33, 0x98, 0x00, 0x00, 0xC3, 0x8C, 0x00, 0x01, 0x83, 0x86, 0x00,
  0x06, 0x03, 0x83, 0x00, 0x0C, 0x03, 0x81, 0x80, 0x08, 0x03, 0x00, 0xC0, 0x00, 0x03, 0x00, 0x60,
  0x00, 0x03, 0x00, 0x20, 0x00, 0x03, 0x00, 0x00, 0x00, 0x1F, 0xC0, 0x00, 0x00, 0x7F, 0xE0, 0x00,
  0x00, 0x40, 0x38, 0x00, 0x00, 0x00, 0x18, 0x00, 0x00, 0x00, 0x00, 0x00, 0x00, 0x00, 0x00, 0x00,
  0x00, 0x00, 0x00, 0x00, 0x00, 0x00, 0x00, 0x00, 0x00, 0x00, 0x00, 0x00, 0x04, 0x03, 0xE0, 0x00,
  0x02, 0x07, 0xF0, 0x00, 0x01, 0x07, 0xF0, 0x30, 0x00, 0x8F, 0xF8, 0x60, 0x00, 0x4F, 0xF8, 0xC0,
  0x00, 0x3F, 0xFB, 0x00, 0x00, 0x1F, 0xFE, 0x00, 0x00, 0x0F, 0xF8, 0x00, 0x00, 0x0F, 0xF8, 0x00,
  0x00, 0x0F, 0xF8, 0x00, 0x00, 0x0F, 0xF0, 0x00, 0x00, 0x0F, 0xF0, 0x00, 0x00, 0x07, 0xE0, 0x00,
  0x00, 0x1F, 0xF0, 0x00, 0x00, 0x33, 0x98, 0x00, 0x00, 0x41, 0x8C, 0x00, 0x01, 0x83, 0x86, 0x00,
  0x03, 0x03, 0x83, 0x00, 0x0C, 0x03, 0x81, 0x80, 0x08, 0x03, 0x80, 0xC0, 0x00, 0x03, 0x00, 0x60,
  0x00, 0x03, 0x00, 0x00, 0x00, 0x03, 0x00, 0x00, 0x00, 0x1F, 0xC0, 0x00, 0x00, 0x7F, 0xF0, 0x00,
  0x00, 0x60, 0x38, 0x00, 0x00, 0x00, 0x08, 0x00, 0x00, 0x00, 0x00, 0x00, 0x00, 0x00, 0x00, 0x00,
  0x00, 0x00, 0x00, 0x00, 0x00, 0x00, 0x00, 0x00, 0x00, 0x00, 0x00, 0x00, 0x04, 0x03, 0xE0, 0x00,
  0x06, 0x07, 0xF0, 0x10, 0x03, 0x07, 0xF0, 0x30, 0x00, 0x8F, 0xF0, 0x40, 0x00, 0x4F, 0xF9, 0x80,
  0x00, 0x3F, 0xFB, 0x00, 0x00, 0x1F, 0xFE, 0x00, 0x00, 0x1F, 0xF8, 0x00, 0x00, 0x0F, 0xF8, 0x00,
  0x00, 0x0F, 0xF8, 0x00, 0x00, 0x0F, 0xF0, 0x00, 0x00, 0x0F, 0xF0, 0x00, 0x00, 0x07, 0xE0, 0x00,
  0x00, 0x1F, 0xF0, 0x00, 0x00, 0x33, 0x98, 0x00, 0x00, 0x61, 0x8C, 0x00, 0x01, 0x83, 0x86, 0x00,
  0x03, 0x03, 0x81, 0x00, 0x06, 0x03, 0x80, 0x80, 0x08, 0x03, 0x80, 0x40, 0x00, 0x03, 0x80, 0x20,
  0x00, 0x03, 0x80, 0x00, 0x00, 0x03, 0x80, 0x00, 0x00, 0x0F, 0xC0, 0x00, 0x00, 0x7F, 0xF0, 0x00,
  0x00, 0x60, 0x38, 0x00, 0x00, 0x00, 0x08, 0x00, 0x00, 0x00, 0x00, 0x00, 0x00, 0x00, 0x00, 0x00,
  0x00, 0x00, 0x00, 0x00, 0x00, 0x00, 0x00, 0x00, 0x00, 0x00, 0x00, 0x00, 0x0C, 0x03, 0xE0, 0x00,
  0x06, 0x07, 0xF0, 0x10, 0x03, 0x07, 0xF0, 0x20, 0x01, 0x8F, 0xF0, 0xC0, 0x00, 0xCF, 0xF9, 0x80,
  0x00, 0x7F, 0xFB, 0x00, 0x00, 0x1F, 0xFC, 0x00, 0x00, 0x1F, 0xF8, 0x00, 0x00, 0x1F, 0xF8, 0x00,
  0x00, 0x0F, 0xF8, 0x00, 0x00, 0x0F, 0xF0, 0x00, 0x00, 0x0F, 0xF0, 0x00, 0x00, 0x07, 0xE0, 0x00,
  0x00, 0x1F, 0xF0, 0x00, 0x00, 0x33, 0x98, 0x00, 0x00, 0x61, 0x84, 0x00, 0x00, 0x81, 0x82, 0x00,
  0x03, 0x01, 0x81, 0x00, 0x06, 0x03, 0x80, 0xC0, 0x0C, 0x03, 0x80, 0x60, 0x00, 0x03, 0x80, 0x30,
  0x00, 0x03, 0x80, 0x00, 0x00, 0x03, 0x80, 0x00, 0x00, 0x0F, 0xC0, 0x00, 0x00, 0x3F, 0xF8, 0x00,
  0x00, 0x70, 0x18, 0x00, 0x00, 0x00, 0x00, 0x00, 0x00, 0x00, 0x00, 0x00, 0x00, 0x00, 0x00, 0x00,
  0x00, 0x00, 0x00, 0x00, 0x00, 0x00, 0x00, 0x00, 0x00, 0x00, 0x00, 0x00, 0x08, 0x07, 0xE0, 0x00,
  0x04, 0x07, 0xF0, 0x30, 0x02, 0x0F, 0xF0, 0x60, 0x01, 0x8F, 0xF0, 0xC0, 0x00, 0xCF, 0xF9, 0x00,
  0x00, 0x7F, 0xFE, 0x00, 0x00, 0x3F, 0xFC, 0x00, 0x00, 0x1F, 0xF8, 0x00, 0x00, 0x1F, 0xF8, 0x00,
  0x00, 0x0F, 0xF0, 0x00, 0x00, 0x0F, 0xF0, 0x00, 0x00, 0x0F, 0xF0, 0x00, 0x00, 0x07, 0xE0, 0x00,
  0x00, 0x0F, 0xF0, 0x00, 0x00, 0x33, 0x88, 0x00, 0x00, 0x61, 0x84, 0x00, 0x00, 0xC1, 0x83, 0x00,
  0x01, 0x01, 0x81, 0x80, 0x06, 0x01, 0x80, 0xC0, 0x0C, 0x01, 0x80, 0x60, 0x08, 0x01, 0x80, 0x30,
  0x00, 0x01, 0x80, 0x00, 0x00, 0x03, 0x80, 0x00, 0x00, 0x0F, 0xE0, 0x00, 0x00, 0x3F, 0xF8, 0x00,
  0x00, 0x30, 0x1C, 0x00, 0x00, 0x00, 0x00, 0x00, 0x00, 0x00, 0x00, 0x00, 0x00, 0x00, 0x00, 0x00,
};
